iteration;avg_executed;avg_worst;avg_average;avg_best
0;64.73253014388614;64.73253014388614;64.73253014388614;64.73253014388614
1;70.47215844875046;44.93445660041951;67.60234429631828;90.27023199221709
2;82.23657503301725;44.934014594934396;68.90629276640578;93.40565816181783
3;70.57699433277625;36.35238725773346;67.89337830590331;100.07912175971356
4;91.55925046092975;35.73301148394998;75.43016096220354;114.2052787238065
5;89.85426850954272;33.828241685484;75.03507650550229;114.38757833579211
