iteration;car;pt;walk
0;0.3333333333333333;0.0;0.6666666666666666
1;0.3333333333333333;0.0;0.6666666666666666
2;0.3333333333333333;0.0;0.6666666666666666
3;0.0;0.3333333333333333;0.6666666666666666
4;0.0;0.6666666666666666;0.3333333333333333
5;0.3333333333333333;0.6666666666666666;0.0
