iteration;avg_executed;avg_worst;avg_average;avg_best
0;60.02108802481817;60.02108802481817;60.02108802481817;60.02108802481817
1;60.02108802481817;60.02108802481817;60.02108802481817;60.02108802481817
2;60.02108802481817;60.02108802481817;60.02108802481817;60.02108802481817
3;82.0244232870981;46.62070149323623;71.02275565595814;95.42480981868005
4;117.75973152885065;46.62070149323623;88.89040977683442;131.1601180604326
5;131.1601180604326;46.62070149323623;94.7910300758114;131.1601180604326
