ITERATION;avg. Average Leg distance;avg. Average Trip distance
0;8063.616070574457;13439.360117624094
1;8063.616070574457;13439.360117624094
2;8063.616070574457;13439.360117624094
3;7624.949109449328;12708.248515748879
4;5155.014990104898;12028.368310244761
5;4026.533235538619;12079.599706615858
