iteration;car;pt;walk
0;0.32608695652173914;0.0;0.6739130434782609
1;0.3695652173913043;0.08695652173913043;0.5434782608695652
2;0.391304347826087;0.10869565217391304;0.5
3;0.5;0.13043478260869565;0.3695652173913043
4;0.4782608695652174;0.1956521739130435;0.32608695652173914
5;0.391304347826087;0.21739130434782608;0.391304347826087
