iteration;avg_executed;avg_worst;avg_average;avg_best
0;94.23527633065889;94.23527633065889;94.23527633065889;94.23527633065889
