iteration;avg_executed;avg_worst;avg_average;avg_best
0;141.59277744169887;141.59277744169887;141.59277744169887;141.59277744169887
