iteration;avg_executed;avg_worst;avg_average;avg_best
0;22.242816647667784;22.242816647667784;22.242816647667784;22.242816647667784
1;36.530519989505706;21.153419820120217;29.386668318586743;37.619916817053266
2;48.9158364136529;21.145964677131406;35.979654648449404;50.841679431172246
3;34.82430214997993;0.8166772989225465;30.157029613724248;56.45906654347726
4;80.85596131791394;0.8166772989225465;49.56954107431263;93.99369681063656
5;90.94873850273022;0.2518904242257417;51.38005480088518;93.99369681063656
