ITERATION;avg. Average Leg distance;avg. Average Trip distance
0;4818.3220999032865;7494.8082833976305
1;3943.294774412678;7501.6465016871825
2;3622.4485873853437;7419.267867471322
3;3230.761457240197;7418.506853398069
4;2973.8992143531013;7109.847580609002
5;3118.451711094679;7016.375983396871
