2025-12-08T18:41:03,970  INFO org.matsim.core.utils.io.IOUtils:224 Resolved config.xml to config.xml
2025-12-08T18:41:03,973  INFO org.matsim.core.config.Config:461 setting context to [file:/Users/ro9air/matsim-example-project/5000_disatar/lenzen_output/]
2025-12-08T18:41:04,003  INFO org.hibernate.validator.internal.util.Version:21 HV000001: Hibernate Validator 8.0.1.Final
2025-12-08T18:41:04,064  INFO org.matsim.core.utils.io.MatsimXmlParser:170 starting to parse xml from url file:/Users/ro9air/matsim-example-project/5000_disatar/lenzen_output/config.xml ...
2025-12-08T18:41:04,080  INFO org.matsim.core.config.ConfigReader:105 using config_v2-reader
2025-12-08T18:41:04,080  INFO org.matsim.core.utils.io.MatsimXmlParser:296 Trying to load http://www.matsim.org/files/dtd/config_v2.dtd. In some cases (e.g. network interface up but no connection), this may take a bit.
2025-12-08T18:41:04,629  WARN org.matsim.core.config.ConfigAliases:75 Config name 'JDEQSim' is deprecated, please use 'jdeqsim' instead. Config path: JDEQSim <  /
2025-12-08T18:41:04,630  WARN org.matsim.core.config.ConfigAliases:75 Config name 'ReplanningAnnealer' is deprecated, please use 'replanningAnnealer' instead. Config path: ReplanningAnnealer <  /
2025-12-08T18:41:04,631  WARN org.matsim.core.config.ConfigAliases:75 Config name 'TimeAllocationMutator' is deprecated, please use 'timeAllocationMutator' instead. Config path: TimeAllocationMutator <  /
2025-12-08T18:41:04,633  WARN org.matsim.core.config.ConfigAliases:75 Config name 'controler' is deprecated, please use 'controller' instead. Config path: controler <  /
2025-12-08T18:41:04,633  WARN org.matsim.core.config.groups.ControllerConfigGroup:413 Parameter 'createGraphs' is deprecated. Using 'createGraphsInterval' instead. The output_config.xml will contain the new parameter.
2025-12-08T18:41:04,637  INFO org.matsim.core.config.groups.GlobalConfigGroup:99 setting number of threads to: 2
2025-12-08T18:41:04,639  WARN org.matsim.core.config.ConfigAliases:75 Config name 'parallelEventHandling' is deprecated, please use 'eventsManager' instead. Config path: parallelEventHandling <  /
2025-12-08T18:41:04,639  WARN org.matsim.core.config.ConfigAliases:75 Config name 'planCalcScore' is deprecated, please use 'scoring' instead. Config path: planCalcScore <  /
2025-12-08T18:41:04,639  WARN org.matsim.core.config.ConfigAliases:75 Config name 'BrainExpBeta' is deprecated, please use 'brainExpBeta' instead. Config path: BrainExpBeta < scoring /
2025-12-08T18:41:04,640  WARN org.matsim.core.config.ConfigAliases:75 Config name 'PathSizeLogitBeta' is deprecated, please use 'pathSizeLogitBeta' instead. Config path: PathSizeLogitBeta < scoring /
2025-12-08T18:41:04,640  WARN org.matsim.core.config.groups.ScoringConfigGroup:1684 Setting pathSizeLogitBeta different from zero is experimental.  KN, Sep'08
2025-12-08T18:41:04,645  INFO org.matsim.core.config.groups.ScoringConfigGroup:555 scoring parameters for subpopulation null were just replaced.
2025-12-08T18:41:04,646  WARN org.matsim.core.config.ConfigAliases:75 Config name 'planscalcroute' is deprecated, please use 'routing' instead. Config path: planscalcroute <  /
2025-12-08T18:41:04,646  WARN org.matsim.core.config.groups.RoutingConfigGroup:403 The first mode routing (= teleported mode) params that are explicitly defined clear the default mode routing (= teleported mode) params.  If you want to avoid this 
2025-12-08T18:41:04,646  WARN org.matsim.core.config.groups.RoutingConfigGroup:404     warning, use clearTeleportedModeParams(true) in code, and "clearDefaultTeleportedModeParams"=true in xml config.
2025-12-08T18:41:04,649  WARN org.matsim.core.config.ConfigAliases:75 Config name 'strategy' is deprecated, please use 'replanning' instead. Config path: strategy <  /
2025-12-08T18:41:04,652  INFO org.matsim.core.config.Config:461 setting context to [file:/Users/ro9air/matsim-example-project/5000_disatar/lenzen_output/config.xml]
2025-12-08T18:41:04,653  WARN org.matsim.core.config.groups.ControllerConfigGroup:490 setting overwriting behavior to overwriteExistingFiles
2025-12-08T18:41:04,653  WARN org.matsim.core.config.groups.ControllerConfigGroup:491 this is not recommended, as it might result in a directory containing output from several model runs
2025-12-08T18:41:04,654  WARN org.matsim.core.config.groups.ControllerConfigGroup:492 prefer the options deleteDirectoryIfExists or failIfDirectoryExists
2025-12-08T18:41:04,654  INFO org.matsim.core.config.groups.ScoringConfigGroup:1607 NO OPENING OR CLOSING TIMES DEFINED!

There is no activity type that has an opening *and* closing time (or opening time and late penalty) defined.
This usually means that the activity chains can be shifted by an arbitrary
number of hours without having an effect on the score of the plans, and thus
resulting in wrong results / traffic patterns.
If you are using MATSim without time adaptation, you can ignore this warning.


2025-12-08T18:41:04,654  INFO org.matsim.core.config.consistency.VspConfigConsistencyCheckerImpl:62 NOT running vsp config consistency check because vsp defaults checking level is set to IGNORE
2025-12-08T18:41:04,994  INFO org.matsim.core.events.SimStepParallelEventsManagerImpl:83 number of threads=1
2025-12-08T18:41:04,994  INFO org.matsim.core.scenario.ScenarioLoaderImpl:135 loading network from file:/Users/ro9air/matsim-example-project/5000_disatar/lenzen_output/network.xml.gz
2025-12-08T18:41:04,995  INFO org.matsim.core.utils.io.MatsimXmlParser:170 starting to parse xml from url file:/Users/ro9air/matsim-example-project/5000_disatar/lenzen_output/network.xml.gz ...
2025-12-08T18:41:05,035  INFO org.matsim.core.network.io.MatsimNetworkReader:122 using network_v2-reader.
2025-12-08T18:41:05,036  INFO org.matsim.core.utils.io.MatsimXmlParser:296 Trying to load http://www.matsim.org/files/dtd/network_v2.dtd. In some cases (e.g. network interface up but no connection), this may take a bit.
2025-12-08T18:41:05,304  INFO org.matsim.core.network.NetworkImpl:165  node # 1
2025-12-08T18:41:05,304  INFO org.matsim.core.network.NetworkImpl:165  node # 4
2025-12-08T18:41:05,304  INFO org.matsim.core.network.NetworkImpl:165  node # 16
2025-12-08T18:41:05,306  INFO org.matsim.core.network.NetworkImpl:165  node # 64
2025-12-08T18:41:05,312  INFO org.matsim.core.network.NetworkImpl:161  link # 1
2025-12-08T18:41:05,313  INFO org.matsim.core.network.NetworkImpl:161  link # 4
2025-12-08T18:41:05,313  INFO org.matsim.core.network.NetworkImpl:161  link # 16
2025-12-08T18:41:05,317  INFO org.matsim.core.network.NetworkImpl:161  link # 64
2025-12-08T18:41:05,324  INFO org.matsim.core.network.NetworkImpl:161  link # 256
2025-12-08T18:41:05,325  INFO org.matsim.core.scenario.ScenarioLoaderImpl:172 no facilities file set in config, therefore not loading any facilities.  This is not a problem except if you are using facilities
2025-12-08T18:41:05,325  INFO org.matsim.core.scenario.ScenarioLoaderImpl:188 no facility-attributes file set in config, not loading any facility attributes
2025-12-08T18:41:05,325  INFO org.matsim.core.scenario.ScenarioLoaderImpl:196 loading population from file:/Users/ro9air/matsim-example-project/5000_disatar/lenzen_output/population.xml.gz
2025-12-08T18:41:05,329  INFO org.matsim.core.utils.io.MatsimXmlParser:170 starting to parse xml from url file:/Users/ro9air/matsim-example-project/5000_disatar/lenzen_output/population.xml.gz ...
2025-12-08T18:41:05,330  INFO org.matsim.core.population.io.PopulationReader:135 using population_v6-reader.
2025-12-08T18:41:05,330  INFO org.matsim.core.utils.io.MatsimXmlParser:296 Trying to load http://www.matsim.org/files/dtd/population_v6.dtd. In some cases (e.g. network interface up but no connection), this may take a bit.
2025-12-08T18:41:05,598  INFO org.matsim.core.population.io.ParallelPopulationReaderMatsimV6:168 Start parallel population reading...
2025-12-08T18:41:05,602  INFO org.matsim.core.population.PopulationImpl:111  person # 1
2025-12-08T18:41:05,604  INFO org.matsim.core.population.PopulationImpl:111  person # 4
2025-12-08T18:41:05,605  INFO org.matsim.core.population.PopulationImpl:111  person # 16
2025-12-08T18:41:05,606  INFO org.matsim.core.population.PopulationImpl:111  person # 64
2025-12-08T18:41:05,613  INFO org.matsim.core.population.PopulationImpl:111  person # 256
2025-12-08T18:41:05,617  INFO org.matsim.core.population.io.ParallelPopulationReaderMatsimV6:238 Finished parallel population reading...
2025-12-08T18:41:05,617  INFO org.matsim.core.population.PopulationUtils:1145  person # 472
2025-12-08T18:41:05,617  INFO org.matsim.core.scenario.ScenarioLoaderImpl:244 no person-attributes file set in config, not loading any person attributes
2025-12-08T18:41:05,617  INFO org.matsim.core.scenario.ScenarioLoaderImpl:258 no households file set in config, not loading households
2025-12-08T18:41:05,617  INFO org.matsim.core.scenario.ScenarioLoaderImpl:292 no transit schedule file set in config, not loading any transit schedule
2025-12-08T18:41:05,618  INFO org.matsim.core.scenario.ScenarioLoaderImpl:333 no transit vehicles file set in config, not loading any transit vehicles
2025-12-08T18:41:05,620  INFO org.matsim.core.events.EventsManagerImpl:139 === Logging of event-handlers skipped ===
2025-12-08T18:41:05,620  INFO org.matsim.core.events.EventsManagerImpl:140 To enable debug output, set an environment variable i.e. export LOG_LEVEL='debug', or set log.setLogLevel(Level.DEBUG) in your run class.
2025-12-08T18:41:05,621  INFO org.matsim.core.events.EventsManagerImpl:210     > org.matsim.api.core.v01.events.LinkEnterEvent
2025-12-08T18:41:05,621  INFO org.matsim.core.events.EventsManagerImpl:210     > org.matsim.api.core.v01.events.LinkLeaveEvent
2025-12-08T18:41:05,621  INFO org.matsim.core.events.EventsManagerImpl:210     > org.matsim.api.core.v01.events.VehicleEntersTrafficEvent
2025-12-08T18:41:05,621  INFO org.matsim.core.events.EventsManagerImpl:210     > org.matsim.api.core.v01.events.VehicleLeavesTrafficEvent
2025-12-08T18:41:05,621  INFO org.matsim.core.events.EventsManagerImpl:210     > org.matsim.core.api.experimental.events.VehicleArrivesAtFacilityEvent
2025-12-08T18:41:05,621  INFO org.matsim.core.events.EventsManagerImpl:210     > org.matsim.api.core.v01.events.VehicleAbortsEvent
2025-12-08T18:41:05,621  INFO org.matsim.core.events.EventsManagerImpl:139 === Logging of event-handlers skipped ===
2025-12-08T18:41:05,621  INFO org.matsim.core.events.EventsManagerImpl:140 To enable debug output, set an environment variable i.e. export LOG_LEVEL='debug', or set log.setLogLevel(Level.DEBUG) in your run class.
2025-12-08T18:41:05,621  INFO org.matsim.core.events.EventsManagerImpl:210     > org.matsim.api.core.v01.events.LinkEnterEvent
2025-12-08T18:41:05,622  INFO org.matsim.core.events.EventsManagerImpl:210     > org.matsim.api.core.v01.events.LinkLeaveEvent
2025-12-08T18:41:05,622  INFO org.matsim.core.events.EventsManagerImpl:210     > org.matsim.api.core.v01.events.VehicleEntersTrafficEvent
2025-12-08T18:41:05,622  INFO org.matsim.core.events.EventsManagerImpl:210     > org.matsim.api.core.v01.events.VehicleLeavesTrafficEvent
2025-12-08T18:41:05,622  INFO org.matsim.core.events.EventsManagerImpl:210     > org.matsim.core.api.experimental.events.VehicleArrivesAtFacilityEvent
2025-12-08T18:41:05,622  INFO org.matsim.core.events.EventsManagerImpl:210     > org.matsim.api.core.v01.events.VehicleAbortsEvent
2025-12-08T18:41:05,624  INFO org.matsim.core.replanning.StrategyManager:77 global innovation switch off after iteration: 2147483647
2025-12-08T18:41:05,624  INFO org.matsim.core.replanning.GenericStrategyManagerImpl:364 setting PlanSelectorForRemoval to class org.matsim.core.replanning.selectors.WorstPlanForRemovalSelector
2025-12-08T18:41:05,625  INFO org.matsim.core.events.EventsManagerImpl:139 === Logging of event-handlers skipped ===
2025-12-08T18:41:05,625  INFO org.matsim.core.events.EventsManagerImpl:140 To enable debug output, set an environment variable i.e. export LOG_LEVEL='debug', or set log.setLogLevel(Level.DEBUG) in your run class.
2025-12-08T18:41:05,625  INFO org.matsim.core.events.EventsManagerImpl:210     > org.matsim.api.core.v01.events.Event
2025-12-08T18:41:05,625  INFO org.matsim.core.events.EventsManagerImpl:139 === Logging of event-handlers skipped ===
2025-12-08T18:41:05,625  INFO org.matsim.core.events.EventsManagerImpl:140 To enable debug output, set an environment variable i.e. export LOG_LEVEL='debug', or set log.setLogLevel(Level.DEBUG) in your run class.
2025-12-08T18:41:05,625  INFO org.matsim.core.events.EventsManagerImpl:210     > org.matsim.api.core.v01.events.Event
2025-12-08T18:41:05,626  INFO org.matsim.analysis.CalcLinkStats:151  resetting `count' to zero.  This info is here since we want to check when this is happening during normal simulation runs.  kai, jan'11
2025-12-08T18:41:05,627  INFO org.matsim.core.events.EventsManagerImpl:139 === Logging of event-handlers skipped ===
2025-12-08T18:41:05,627  INFO org.matsim.core.events.EventsManagerImpl:140 To enable debug output, set an environment variable i.e. export LOG_LEVEL='debug', or set log.setLogLevel(Level.DEBUG) in your run class.
2025-12-08T18:41:05,627  INFO org.matsim.core.events.EventsManagerImpl:210     > org.matsim.api.core.v01.events.LinkLeaveEvent
2025-12-08T18:41:05,627  INFO org.matsim.core.events.EventsManagerImpl:210     > org.matsim.api.core.v01.events.VehicleEntersTrafficEvent
2025-12-08T18:41:05,627  INFO org.matsim.core.events.EventsManagerImpl:139 === Logging of event-handlers skipped ===
2025-12-08T18:41:05,627  INFO org.matsim.core.events.EventsManagerImpl:140 To enable debug output, set an environment variable i.e. export LOG_LEVEL='debug', or set log.setLogLevel(Level.DEBUG) in your run class.
2025-12-08T18:41:05,627  INFO org.matsim.core.events.EventsManagerImpl:210     > org.matsim.api.core.v01.events.LinkLeaveEvent
2025-12-08T18:41:05,627  INFO org.matsim.core.events.EventsManagerImpl:210     > org.matsim.api.core.v01.events.VehicleEntersTrafficEvent
2025-12-08T18:41:05,627  INFO org.matsim.core.events.EventsManagerImpl:139 === Logging of event-handlers skipped ===
2025-12-08T18:41:05,627  INFO org.matsim.core.events.EventsManagerImpl:140 To enable debug output, set an environment variable i.e. export LOG_LEVEL='debug', or set log.setLogLevel(Level.DEBUG) in your run class.
2025-12-08T18:41:05,627  INFO org.matsim.core.events.EventsManagerImpl:210     > org.matsim.api.core.v01.events.PersonDepartureEvent
2025-12-08T18:41:05,628  INFO org.matsim.core.events.EventsManagerImpl:210     > org.matsim.api.core.v01.events.PersonArrivalEvent
2025-12-08T18:41:05,628  INFO org.matsim.core.events.EventsManagerImpl:210     > org.matsim.api.core.v01.events.PersonStuckEvent
2025-12-08T18:41:05,628  INFO org.matsim.core.events.EventsManagerImpl:139 === Logging of event-handlers skipped ===
2025-12-08T18:41:05,628  INFO org.matsim.core.events.EventsManagerImpl:140 To enable debug output, set an environment variable i.e. export LOG_LEVEL='debug', or set log.setLogLevel(Level.DEBUG) in your run class.
2025-12-08T18:41:05,628  INFO org.matsim.core.events.EventsManagerImpl:210     > org.matsim.api.core.v01.events.PersonDepartureEvent
2025-12-08T18:41:05,628  INFO org.matsim.core.events.EventsManagerImpl:210     > org.matsim.api.core.v01.events.PersonArrivalEvent
2025-12-08T18:41:05,628  INFO org.matsim.core.events.EventsManagerImpl:210     > org.matsim.api.core.v01.events.PersonStuckEvent
2025-12-08T18:41:05,636  INFO org.matsim.core.controler.AbstractController:57 Used Controler-Class: org.matsim.core.controler.NewControler
2025-12-08T18:41:05,636  INFO org.matsim.core.config.Config:421 ConfigConsistencyChecker with runtime type=class org.matsim.core.config.consistency.ConfigConsistencyCheckerImpl was already added; not adding it a second time
2025-12-08T18:41:05,637  INFO org.matsim.core.controler.Injector:81 === printInjector output skipped ===
2025-12-08T18:41:05,637  INFO org.matsim.core.controler.Injector:82 To enable debug output, set an environment variable i.e. export LOG_LEVEL='debug', or set log.setLogLevel(Level.DEBUG) in your run class.
2025-12-08T18:41:05,646  INFO org.matsim.core.gbl.Gbl:64 JVM: 21.0.8; Eclipse Adoptium; mixed mode, sharing; 64-bit
2025-12-08T18:41:05,647  INFO org.matsim.core.gbl.Gbl:68 OS: Mac OS X; 15.7.2; aarch64
2025-12-08T18:41:05,647  INFO org.matsim.core.gbl.Gbl:71 CPU cores: 8
2025-12-08T18:41:05,648  INFO org.matsim.core.gbl.Gbl:72 max. Memory: 4096.0MB (4294967296B)
2025-12-08T18:41:05,649  INFO org.matsim.core.gbl.Gbl:114 MATSim-Build: r7f2ea0d07d20e164b577066595eddc23e3659473 ({2025-04-11 08:55:36})
2025-12-08T18:41:05,649  INFO org.matsim.core.gbl.Gbl:76 Command: org.codehaus.plexus.classworlds.launcher.Launcher -f ../../pom.xml exec:java -Dexec.mainClass=org.matsim.core.controler.Controler -Dexec.args=config.xml
2025-12-08T18:41:05,651  INFO org.matsim.core.controler.ControlerListenerManagerImpl:112 calling notifyStartup on org.matsim.core.controler.ControlerDefaultsModule$1 with priority 0.0
2025-12-08T18:41:05,651  INFO org.matsim.utils.MemoryObserver:42 used RAM: 70 MB  free: 55 MB  total: 126 MB
2025-12-08T18:41:05,713  INFO org.matsim.core.controler.ControlerListenerManagerImpl:112 calling notifyStartup on org.matsim.guice.DependencyGraphControlerListener with priority 0.0
2025-12-08T18:41:05,751  INFO org.matsim.core.controler.ControlerListenerManagerImpl:112 calling notifyStartup on org.matsim.counts.CountsControlerListener with priority 0.0
2025-12-08T18:41:05,751  INFO org.matsim.core.controler.ControlerListenerManagerImpl:112 calling notifyStartup on org.matsim.analysis.ModeChoiceCoverageControlerListener with priority 0.0
2025-12-08T18:41:05,752  INFO org.matsim.core.controler.ControlerListenerManagerImpl:112 calling notifyStartup on org.matsim.analysis.ModeStatsControlerListener with priority 0.0
2025-12-08T18:41:05,752  INFO org.matsim.core.controler.ControlerListenerManagerImpl:112 calling notifyStartup on org.matsim.analysis.ScoreStatsControlerListener with priority 0.0
2025-12-08T18:41:05,752  INFO org.matsim.core.controler.ControlerListenerManagerImpl:115 all ControlerStartupListeners called.
2025-12-08T18:41:05,752  INFO org.matsim.core.controler.ControllerUtils:99 config dump before iterations start
2025-12-08T18:41:05,759  INFO org.matsim.core.controler.ControllerUtils:105 === logging config.xml skipped ===
2025-12-08T18:41:05,760  INFO org.matsim.core.controler.ControllerUtils:106 To enable debug output, set an environment variable i.e. export LOG_LEVEL='debug', or set log.setLogLevel(Level.DEBUG) in your run class.
2025-12-08T18:41:05,760  INFO org.matsim.core.controler.ControllerUtils:110 Complete config dump done.
2025-12-08T18:41:05,760  INFO org.matsim.core.controler.ControllerUtils:111 Checking consistency of config...
2025-12-08T18:41:05,760  WARN org.matsim.core.config.groups.ControllerConfigGroup:490 setting overwriting behavior to overwriteExistingFiles
2025-12-08T18:41:05,760  WARN org.matsim.core.config.groups.ControllerConfigGroup:491 this is not recommended, as it might result in a directory containing output from several model runs
2025-12-08T18:41:05,760  WARN org.matsim.core.config.groups.ControllerConfigGroup:492 prefer the options deleteDirectoryIfExists or failIfDirectoryExists
2025-12-08T18:41:05,760  INFO org.matsim.core.config.groups.ScoringConfigGroup:1607 NO OPENING OR CLOSING TIMES DEFINED!

There is no activity type that has an opening *and* closing time (or opening time and late penalty) defined.
This usually means that the activity chains can be shifted by an arbitrary
number of hours without having an effect on the score of the plans, and thus
resulting in wrong results / traffic patterns.
If you are using MATSim without time adaptation, you can ignore this warning.


2025-12-08T18:41:05,761  INFO org.matsim.core.config.consistency.VspConfigConsistencyCheckerImpl:62 NOT running vsp config consistency check because vsp defaults checking level is set to IGNORE
2025-12-08T18:41:05,762  WARN org.matsim.core.config.consistency.UnmaterializedConfigGroupChecker:38 jdeqsim is no longer supported. Please remove the jdeqsim module from your config.
2025-12-08T18:41:05,762 ERROR org.matsim.core.controler.MatsimRuntimeModifications:76 Getting uncaught Exception in Thread org.matsim.core.controler.Controler.main()
java.lang.RuntimeException: Unmaterialized config group: ptCounts
	at org.matsim.core.config.consistency.UnmaterializedConfigGroupChecker.checkConsistency(UnmaterializedConfigGroupChecker.java:40) ~[matsim-2025.0.jar:?]
	at org.matsim.core.config.Config.checkConsistency(Config.java:180) ~[matsim-2025.0.jar:?]
	at org.matsim.core.controler.ControllerUtils.checkConfigConsistencyAndWriteToLog(ControllerUtils.java:112) ~[matsim-2025.0.jar:?]
	at org.matsim.core.controler.AbstractController$1.run(AbstractController.java:82) ~[matsim-2025.0.jar:?]
	at org.matsim.core.controler.MatsimRuntimeModifications.run(MatsimRuntimeModifications.java:70) ~[matsim-2025.0.jar:?]
	at org.matsim.core.controler.MatsimRuntimeModifications.run(MatsimRuntimeModifications.java:53) ~[matsim-2025.0.jar:?]
	at org.matsim.core.controler.AbstractController.run(AbstractController.java:92) ~[matsim-2025.0.jar:?]
	at org.matsim.core.controler.NewControler.run(NewControler.java:83) ~[matsim-2025.0.jar:?]
	at org.matsim.core.controler.Controler.run(Controler.java:259) ~[matsim-2025.0.jar:?]
	at org.matsim.core.controler.Controler.main(Controler.java:144) ~[matsim-2025.0.jar:?]
	at java.base/jdk.internal.reflect.DirectMethodHandleAccessor.invoke(DirectMethodHandleAccessor.java:103) ~[?:?]
	at java.base/java.lang.reflect.Method.invoke(Method.java:580) ~[?:?]
	at org.codehaus.mojo.exec.AbstractExecJavaBase.executeMainMethod(AbstractExecJavaBase.java:402) ~[?:?]
	at org.codehaus.mojo.exec.ExecJavaMojo.executeMainMethod(ExecJavaMojo.java:142) ~[?:?]
	at org.codehaus.mojo.exec.AbstractExecJavaBase.doExecClassLoader(AbstractExecJavaBase.java:377) ~[?:?]
	at org.codehaus.mojo.exec.AbstractExecJavaBase.lambda$execute$0(AbstractExecJavaBase.java:287) ~[?:?]
	at java.base/java.lang.Thread.run(Thread.java:1583) [?:?]
2025-12-08T18:41:05,766  INFO org.matsim.core.controler.MatsimRuntimeModifications:80 S H U T D O W N   ---   start shutdown.
2025-12-08T18:41:05,766 ERROR org.matsim.core.controler.MatsimRuntimeModifications:82 ERROR --- This is an unexpected shutdown!
2025-12-08T18:41:05,766 ERROR org.matsim.core.controler.MatsimRuntimeModifications:85 Shutdown possibly caused by the following Exception:
java.lang.RuntimeException: Unmaterialized config group: ptCounts
	at org.matsim.core.config.consistency.UnmaterializedConfigGroupChecker.checkConsistency(UnmaterializedConfigGroupChecker.java:40) ~[matsim-2025.0.jar:?]
	at org.matsim.core.config.Config.checkConsistency(Config.java:180) ~[matsim-2025.0.jar:?]
	at org.matsim.core.controler.ControllerUtils.checkConfigConsistencyAndWriteToLog(ControllerUtils.java:112) ~[matsim-2025.0.jar:?]
	at org.matsim.core.controler.AbstractController$1.run(AbstractController.java:82) ~[matsim-2025.0.jar:?]
	at org.matsim.core.controler.MatsimRuntimeModifications.run(MatsimRuntimeModifications.java:70) ~[matsim-2025.0.jar:?]
	at org.matsim.core.controler.MatsimRuntimeModifications.run(MatsimRuntimeModifications.java:53) ~[matsim-2025.0.jar:?]
	at org.matsim.core.controler.AbstractController.run(AbstractController.java:92) ~[matsim-2025.0.jar:?]
	at org.matsim.core.controler.NewControler.run(NewControler.java:83) ~[matsim-2025.0.jar:?]
	at org.matsim.core.controler.Controler.run(Controler.java:259) ~[matsim-2025.0.jar:?]
	at org.matsim.core.controler.Controler.main(Controler.java:144) ~[matsim-2025.0.jar:?]
	at java.base/jdk.internal.reflect.DirectMethodHandleAccessor.invoke(DirectMethodHandleAccessor.java:103) ~[?:?]
	at java.base/java.lang.reflect.Method.invoke(Method.java:580) ~[?:?]
	at org.codehaus.mojo.exec.AbstractExecJavaBase.executeMainMethod(AbstractExecJavaBase.java:402) ~[?:?]
	at org.codehaus.mojo.exec.ExecJavaMojo.executeMainMethod(ExecJavaMojo.java:142) ~[?:?]
	at org.codehaus.mojo.exec.AbstractExecJavaBase.doExecClassLoader(AbstractExecJavaBase.java:377) ~[?:?]
	at org.codehaus.mojo.exec.AbstractExecJavaBase.lambda$execute$0(AbstractExecJavaBase.java:287) ~[?:?]
	at java.base/java.lang.Thread.run(Thread.java:1583) [?:?]
2025-12-08T18:41:05,767  INFO org.matsim.core.controler.ControlerListenerManagerImpl:128 calling notifyShutdown on org.matsim.core.controler.corelisteners.EventsHandlingImpl with priority 0.0
2025-12-08T18:41:05,767  INFO org.matsim.core.controler.ControlerListenerManagerImpl:128 calling notifyShutdown on org.matsim.core.controler.corelisteners.DumpDataAtEndImpl with priority 0.0
2025-12-08T18:41:05,767  INFO org.matsim.core.controler.ControlerListenerManagerImpl:135 calling notifyShutdown on org.matsim.analysis.ModeChoiceCoverageControlerListener with priority 0.0
2025-12-08T18:41:05,767  INFO org.matsim.core.controler.ControlerListenerManagerImpl:135 calling notifyShutdown on org.matsim.analysis.ScoreStatsControlerListener with priority 0.0
2025-12-08T18:41:05,767  INFO org.matsim.core.controler.ControlerListenerManagerImpl:135 calling notifyShutdown on org.matsim.analysis.IterationTravelStatsControlerListener with priority 0.0
2025-12-08T18:41:05,768  INFO org.matsim.analysis.PersonWriter:36 Writing all Persons to personscsv
2025-12-08T18:41:05,782  INFO org.matsim.analysis.PersonWriter:54 ...done
2025-12-08T18:41:05,783  INFO org.matsim.core.controler.ControlerListenerManagerImpl:135 calling notifyShutdown on org.matsim.analysis.LinkStatsControlerListener with priority 0.0
2025-12-08T18:41:05,793  INFO org.matsim.core.controler.ControlerListenerManagerImpl:138 all ControlerShutdownListeners called.
2025-12-08T18:41:05,793 ERROR org.matsim.core.controler.MatsimRuntimeModifications:100 ERROR --- MATSim unexpectedly terminated. Please check the output or the logfile with warnings and errors for hints.
2025-12-08T18:41:05,793 ERROR org.matsim.core.controler.MatsimRuntimeModifications:101 ERROR --- results should not be used for further analysis.
2025-12-08T18:41:05,793  INFO org.matsim.core.controler.MatsimRuntimeModifications:103 S H U T D O W N   ---   shutdown completed.
2025-12-08T18:41:05,793 ERROR org.matsim.core.controler.MatsimRuntimeModifications:105 ERROR --- This was an unexpected shutdown! See the log file for a possible reason.
2025-12-08T18:41:05,795  INFO org.matsim.utils.MemoryObserver:42 used RAM: 86 MB  free: 39 MB  total: 126 MB
2025-12-08T18:41:51,610  INFO org.matsim.core.utils.io.IOUtils:224 Resolved config_clean.xml to config_clean.xml
2025-12-08T18:41:51,613  INFO org.matsim.core.config.Config:461 setting context to [file:/Users/ro9air/matsim-example-project/5000_disatar/lenzen_output/]
2025-12-08T18:41:51,644  INFO org.hibernate.validator.internal.util.Version:21 HV000001: Hibernate Validator 8.0.1.Final
2025-12-08T18:41:51,701  INFO org.matsim.core.utils.io.MatsimXmlParser:170 starting to parse xml from url file:/Users/ro9air/matsim-example-project/5000_disatar/lenzen_output/config_clean.xml ...
2025-12-08T18:41:51,718  INFO org.matsim.core.config.ConfigReader:105 using config_v2-reader
2025-12-08T18:41:51,718  INFO org.matsim.core.utils.io.MatsimXmlParser:296 Trying to load http://www.matsim.org/files/dtd/config_v2.dtd. In some cases (e.g. network interface up but no connection), this may take a bit.
2025-12-08T18:41:52,272  INFO org.matsim.core.config.groups.GlobalConfigGroup:99 setting number of threads to: 2
2025-12-08T18:41:52,275  INFO org.matsim.core.config.groups.ScoringConfigGroup:555 scoring parameters for subpopulation null were just replaced.
2025-12-08T18:41:52,277  INFO org.matsim.core.config.Config:461 setting context to [file:/Users/ro9air/matsim-example-project/5000_disatar/lenzen_output/config_clean.xml]
2025-12-08T18:41:52,278  INFO org.matsim.core.config.groups.ScoringConfigGroup:1607 NO OPENING OR CLOSING TIMES DEFINED!

There is no activity type that has an opening *and* closing time (or opening time and late penalty) defined.
This usually means that the activity chains can be shifted by an arbitrary
number of hours without having an effect on the score of the plans, and thus
resulting in wrong results / traffic patterns.
If you are using MATSim without time adaptation, you can ignore this warning.


2025-12-08T18:41:52,279  INFO org.matsim.core.config.consistency.VspConfigConsistencyCheckerImpl:62 NOT running vsp config consistency check because vsp defaults checking level is set to IGNORE
2025-12-08T18:41:52,672  INFO org.matsim.core.events.SimStepParallelEventsManagerImpl:83 number of threads=1
2025-12-08T18:41:52,673  INFO org.matsim.core.scenario.ScenarioLoaderImpl:135 loading network from file:/Users/ro9air/matsim-example-project/5000_disatar/lenzen_output/network.xml.gz
2025-12-08T18:41:52,673  INFO org.matsim.core.utils.io.MatsimXmlParser:170 starting to parse xml from url file:/Users/ro9air/matsim-example-project/5000_disatar/lenzen_output/network.xml.gz ...
2025-12-08T18:41:52,710  INFO org.matsim.core.network.io.MatsimNetworkReader:122 using network_v2-reader.
2025-12-08T18:41:52,710  INFO org.matsim.core.utils.io.MatsimXmlParser:296 Trying to load http://www.matsim.org/files/dtd/network_v2.dtd. In some cases (e.g. network interface up but no connection), this may take a bit.
2025-12-08T18:41:52,991  INFO org.matsim.core.network.NetworkImpl:165  node # 1
2025-12-08T18:41:52,991  INFO org.matsim.core.network.NetworkImpl:165  node # 4
2025-12-08T18:41:52,992  INFO org.matsim.core.network.NetworkImpl:165  node # 16
2025-12-08T18:41:52,995  INFO org.matsim.core.network.NetworkImpl:165  node # 64
2025-12-08T18:41:53,002  INFO org.matsim.core.network.NetworkImpl:161  link # 1
2025-12-08T18:41:53,003  INFO org.matsim.core.network.NetworkImpl:161  link # 4
2025-12-08T18:41:53,005  INFO org.matsim.core.network.NetworkImpl:161  link # 16
2025-12-08T18:41:53,008  INFO org.matsim.core.network.NetworkImpl:161  link # 64
2025-12-08T18:41:53,016  INFO org.matsim.core.network.NetworkImpl:161  link # 256
2025-12-08T18:41:53,018  INFO org.matsim.core.scenario.ScenarioLoaderImpl:172 no facilities file set in config, therefore not loading any facilities.  This is not a problem except if you are using facilities
2025-12-08T18:41:53,018  INFO org.matsim.core.scenario.ScenarioLoaderImpl:188 no facility-attributes file set in config, not loading any facility attributes
2025-12-08T18:41:53,018  INFO org.matsim.core.scenario.ScenarioLoaderImpl:196 loading population from file:/Users/ro9air/matsim-example-project/5000_disatar/lenzen_output/population.xml.gz
2025-12-08T18:41:53,020  INFO org.matsim.core.utils.io.MatsimXmlParser:170 starting to parse xml from url file:/Users/ro9air/matsim-example-project/5000_disatar/lenzen_output/population.xml.gz ...
2025-12-08T18:41:53,021  INFO org.matsim.core.population.io.PopulationReader:135 using population_v6-reader.
2025-12-08T18:41:53,021  INFO org.matsim.core.utils.io.MatsimXmlParser:296 Trying to load http://www.matsim.org/files/dtd/population_v6.dtd. In some cases (e.g. network interface up but no connection), this may take a bit.
2025-12-08T18:41:53,297  INFO org.matsim.core.population.io.ParallelPopulationReaderMatsimV6:168 Start parallel population reading...
2025-12-08T18:41:53,300  INFO org.matsim.core.population.PopulationImpl:111  person # 1
2025-12-08T18:41:53,303  INFO org.matsim.core.population.PopulationImpl:111  person # 4
2025-12-08T18:41:53,304  INFO org.matsim.core.population.PopulationImpl:111  person # 16
2025-12-08T18:41:53,307  INFO org.matsim.core.population.PopulationImpl:111  person # 64
2025-12-08T18:41:53,313  INFO org.matsim.core.population.PopulationImpl:111  person # 256
2025-12-08T18:41:53,319  INFO org.matsim.core.population.io.ParallelPopulationReaderMatsimV6:238 Finished parallel population reading...
2025-12-08T18:41:53,319  INFO org.matsim.core.population.PopulationUtils:1145  person # 472
2025-12-08T18:41:53,319  INFO org.matsim.core.scenario.ScenarioLoaderImpl:244 no person-attributes file set in config, not loading any person attributes
2025-12-08T18:41:53,319  INFO org.matsim.core.scenario.ScenarioLoaderImpl:258 no households file set in config, not loading households
2025-12-08T18:41:53,319  INFO org.matsim.core.scenario.ScenarioLoaderImpl:292 no transit schedule file set in config, not loading any transit schedule
2025-12-08T18:41:53,319  INFO org.matsim.core.scenario.ScenarioLoaderImpl:333 no transit vehicles file set in config, not loading any transit vehicles
2025-12-08T18:41:53,322  INFO org.matsim.core.events.EventsManagerImpl:139 === Logging of event-handlers skipped ===
2025-12-08T18:41:53,323  INFO org.matsim.core.events.EventsManagerImpl:140 To enable debug output, set an environment variable i.e. export LOG_LEVEL='debug', or set log.setLogLevel(Level.DEBUG) in your run class.
2025-12-08T18:41:53,323  INFO org.matsim.core.events.EventsManagerImpl:210     > org.matsim.api.core.v01.events.LinkEnterEvent
2025-12-08T18:41:53,323  INFO org.matsim.core.events.EventsManagerImpl:210     > org.matsim.api.core.v01.events.LinkLeaveEvent
2025-12-08T18:41:53,324  INFO org.matsim.core.events.EventsManagerImpl:210     > org.matsim.api.core.v01.events.VehicleEntersTrafficEvent
2025-12-08T18:41:53,324  INFO org.matsim.core.events.EventsManagerImpl:210     > org.matsim.api.core.v01.events.VehicleLeavesTrafficEvent
2025-12-08T18:41:53,324  INFO org.matsim.core.events.EventsManagerImpl:210     > org.matsim.core.api.experimental.events.VehicleArrivesAtFacilityEvent
2025-12-08T18:41:53,324  INFO org.matsim.core.events.EventsManagerImpl:210     > org.matsim.api.core.v01.events.VehicleAbortsEvent
2025-12-08T18:41:53,324  INFO org.matsim.core.events.EventsManagerImpl:139 === Logging of event-handlers skipped ===
2025-12-08T18:41:53,324  INFO org.matsim.core.events.EventsManagerImpl:140 To enable debug output, set an environment variable i.e. export LOG_LEVEL='debug', or set log.setLogLevel(Level.DEBUG) in your run class.
2025-12-08T18:41:53,324  INFO org.matsim.core.events.EventsManagerImpl:210     > org.matsim.api.core.v01.events.LinkEnterEvent
2025-12-08T18:41:53,324  INFO org.matsim.core.events.EventsManagerImpl:210     > org.matsim.api.core.v01.events.LinkLeaveEvent
2025-12-08T18:41:53,324  INFO org.matsim.core.events.EventsManagerImpl:210     > org.matsim.api.core.v01.events.VehicleEntersTrafficEvent
2025-12-08T18:41:53,324  INFO org.matsim.core.events.EventsManagerImpl:210     > org.matsim.api.core.v01.events.VehicleLeavesTrafficEvent
2025-12-08T18:41:53,324  INFO org.matsim.core.events.EventsManagerImpl:210     > org.matsim.core.api.experimental.events.VehicleArrivesAtFacilityEvent
2025-12-08T18:41:53,325  INFO org.matsim.core.events.EventsManagerImpl:210     > org.matsim.api.core.v01.events.VehicleAbortsEvent
2025-12-08T18:41:53,326  INFO org.matsim.core.controler.OutputDirectoryHierarchy:284 ###########################################################
2025-12-08T18:41:53,326  INFO org.matsim.core.controler.OutputDirectoryHierarchy:285 ### THE CONTROLER WILL DELETE THE EXISTING OUTPUT DIRECTORY:
2025-12-08T18:41:53,326  INFO org.matsim.core.controler.OutputDirectoryHierarchy:286 ### ./output
2025-12-08T18:41:53,326  WARN org.matsim.core.controler.OutputDirectoryHierarchy:287 ### full path: /Users/ro9air/matsim-example-project/5000_disatar/lenzen_output/./output
2025-12-08T18:41:53,326  INFO org.matsim.core.controler.OutputDirectoryHierarchy:288 ###########################################################
2025-12-08T18:41:53,336  INFO org.matsim.core.replanning.StrategyManager:77 global innovation switch off after iteration: 2147483647
2025-12-08T18:41:53,340  INFO org.matsim.core.replanning.GenericStrategyManagerImpl:332 added change request:  iteration=-2147483648 newWeight=0.0 strategy=RandomPlanSelector_ReRoute
2025-12-08T18:41:53,340  INFO org.matsim.core.replanning.GenericStrategyManagerImpl:364 setting PlanSelectorForRemoval to class org.matsim.core.replanning.selectors.WorstPlanForRemovalSelector
2025-12-08T18:41:53,342  INFO org.matsim.core.events.EventsManagerImpl:139 === Logging of event-handlers skipped ===
2025-12-08T18:41:53,342  INFO org.matsim.core.events.EventsManagerImpl:140 To enable debug output, set an environment variable i.e. export LOG_LEVEL='debug', or set log.setLogLevel(Level.DEBUG) in your run class.
2025-12-08T18:41:53,342  INFO org.matsim.core.events.EventsManagerImpl:210     > org.matsim.api.core.v01.events.Event
2025-12-08T18:41:53,342  INFO org.matsim.core.events.EventsManagerImpl:139 === Logging of event-handlers skipped ===
2025-12-08T18:41:53,342  INFO org.matsim.core.events.EventsManagerImpl:140 To enable debug output, set an environment variable i.e. export LOG_LEVEL='debug', or set log.setLogLevel(Level.DEBUG) in your run class.
2025-12-08T18:41:53,342  INFO org.matsim.core.events.EventsManagerImpl:210     > org.matsim.api.core.v01.events.Event
2025-12-08T18:41:53,344  INFO org.matsim.analysis.CalcLinkStats:151  resetting `count' to zero.  This info is here since we want to check when this is happening during normal simulation runs.  kai, jan'11
2025-12-08T18:41:53,346  INFO org.matsim.core.events.EventsManagerImpl:139 === Logging of event-handlers skipped ===
2025-12-08T18:41:53,346  INFO org.matsim.core.events.EventsManagerImpl:140 To enable debug output, set an environment variable i.e. export LOG_LEVEL='debug', or set log.setLogLevel(Level.DEBUG) in your run class.
2025-12-08T18:41:53,346  INFO org.matsim.core.events.EventsManagerImpl:210     > org.matsim.api.core.v01.events.LinkLeaveEvent
2025-12-08T18:41:53,346  INFO org.matsim.core.events.EventsManagerImpl:210     > org.matsim.api.core.v01.events.VehicleEntersTrafficEvent
2025-12-08T18:41:53,346  INFO org.matsim.core.events.EventsManagerImpl:139 === Logging of event-handlers skipped ===
2025-12-08T18:41:53,346  INFO org.matsim.core.events.EventsManagerImpl:140 To enable debug output, set an environment variable i.e. export LOG_LEVEL='debug', or set log.setLogLevel(Level.DEBUG) in your run class.
2025-12-08T18:41:53,346  INFO org.matsim.core.events.EventsManagerImpl:210     > org.matsim.api.core.v01.events.LinkLeaveEvent
2025-12-08T18:41:53,347  INFO org.matsim.core.events.EventsManagerImpl:210     > org.matsim.api.core.v01.events.VehicleEntersTrafficEvent
2025-12-08T18:41:53,347  INFO org.matsim.core.events.EventsManagerImpl:139 === Logging of event-handlers skipped ===
2025-12-08T18:41:53,347  INFO org.matsim.core.events.EventsManagerImpl:140 To enable debug output, set an environment variable i.e. export LOG_LEVEL='debug', or set log.setLogLevel(Level.DEBUG) in your run class.
2025-12-08T18:41:53,347  INFO org.matsim.core.events.EventsManagerImpl:210     > org.matsim.api.core.v01.events.PersonDepartureEvent
2025-12-08T18:41:53,347  INFO org.matsim.core.events.EventsManagerImpl:210     > org.matsim.api.core.v01.events.PersonArrivalEvent
2025-12-08T18:41:53,348  INFO org.matsim.core.events.EventsManagerImpl:210     > org.matsim.api.core.v01.events.PersonStuckEvent
2025-12-08T18:41:53,348  INFO org.matsim.core.events.EventsManagerImpl:139 === Logging of event-handlers skipped ===
2025-12-08T18:41:53,348  INFO org.matsim.core.events.EventsManagerImpl:140 To enable debug output, set an environment variable i.e. export LOG_LEVEL='debug', or set log.setLogLevel(Level.DEBUG) in your run class.
2025-12-08T18:41:53,348  INFO org.matsim.core.events.EventsManagerImpl:210     > org.matsim.api.core.v01.events.PersonDepartureEvent
2025-12-08T18:41:53,348  INFO org.matsim.core.events.EventsManagerImpl:210     > org.matsim.api.core.v01.events.PersonArrivalEvent
2025-12-08T18:41:53,348  INFO org.matsim.core.events.EventsManagerImpl:210     > org.matsim.api.core.v01.events.PersonStuckEvent
2025-12-08T18:41:53,356  INFO org.matsim.core.controler.AbstractController:57 Used Controler-Class: org.matsim.core.controler.NewControler
2025-12-08T18:41:53,356  INFO org.matsim.core.config.Config:421 ConfigConsistencyChecker with runtime type=class org.matsim.core.config.consistency.ConfigConsistencyCheckerImpl was already added; not adding it a second time
2025-12-08T18:41:53,357  INFO org.matsim.core.controler.Injector:81 === printInjector output skipped ===
2025-12-08T18:41:53,357  INFO org.matsim.core.controler.Injector:82 To enable debug output, set an environment variable i.e. export LOG_LEVEL='debug', or set log.setLogLevel(Level.DEBUG) in your run class.
2025-12-08T18:41:53,372  INFO org.matsim.core.gbl.Gbl:64 JVM: 21.0.8; Eclipse Adoptium; mixed mode, sharing; 64-bit
2025-12-08T18:41:53,376  INFO org.matsim.core.gbl.Gbl:68 OS: Mac OS X; 15.7.2; aarch64
2025-12-08T18:41:53,376  INFO org.matsim.core.gbl.Gbl:71 CPU cores: 8
2025-12-08T18:41:53,378  INFO org.matsim.core.gbl.Gbl:72 max. Memory: 4096.0MB (4294967296B)
2025-12-08T18:41:53,378  INFO org.matsim.core.gbl.Gbl:114 MATSim-Build: r7f2ea0d07d20e164b577066595eddc23e3659473 ({2025-04-11 08:55:36})
2025-12-08T18:41:53,378  INFO org.matsim.core.gbl.Gbl:76 Command: org.codehaus.plexus.classworlds.launcher.Launcher -f ../../pom.xml exec:java -Dexec.mainClass=org.matsim.core.controler.Controler -Dexec.args=config_clean.xml
2025-12-08T18:41:53,382  INFO org.matsim.core.controler.ControlerListenerManagerImpl:112 calling notifyStartup on org.matsim.core.controler.ControlerDefaultsModule$1 with priority 0.0
2025-12-08T18:41:53,382  INFO org.matsim.utils.MemoryObserver:42 used RAM: 69 MB  free: 62 MB  total: 132 MB
2025-12-08T18:41:53,517  INFO org.matsim.core.controler.ControlerListenerManagerImpl:112 calling notifyStartup on org.matsim.guice.DependencyGraphControlerListener with priority 0.0
2025-12-08T18:41:53,555  INFO org.matsim.core.controler.ControlerListenerManagerImpl:112 calling notifyStartup on org.matsim.counts.CountsControlerListener with priority 0.0
2025-12-08T18:41:53,555  INFO org.matsim.core.controler.ControlerListenerManagerImpl:112 calling notifyStartup on org.matsim.analysis.ModeChoiceCoverageControlerListener with priority 0.0
2025-12-08T18:41:53,555  INFO org.matsim.core.controler.ControlerListenerManagerImpl:112 calling notifyStartup on org.matsim.analysis.ModeStatsControlerListener with priority 0.0
2025-12-08T18:41:53,556  INFO org.matsim.core.controler.ControlerListenerManagerImpl:112 calling notifyStartup on org.matsim.analysis.ScoreStatsControlerListener with priority 0.0
2025-12-08T18:41:53,556  INFO org.matsim.core.controler.ControlerListenerManagerImpl:115 all ControlerStartupListeners called.
2025-12-08T18:41:53,556  INFO org.matsim.core.controler.ControllerUtils:99 config dump before iterations start
2025-12-08T18:41:53,563 ERROR org.matsim.core.controler.MatsimRuntimeModifications:76 Getting uncaught Exception in Thread org.matsim.core.controler.Controler.main()
java.lang.NullPointerException: Cannot invoke "org.matsim.core.config.groups.ScoringConfigGroup$ModeParams.getMarginalUtilityOfTraveling()" because the return value of "java.util.Map.get(Object)" is null
	at org.matsim.core.config.groups.ScoringConfigGroup$ScoringParameterSet.getMarginalUtlOfWaitingPt_utils_hr(ScoringConfigGroup.java:1374) ~[matsim-2025.0.jar:?]
	at java.base/jdk.internal.reflect.DirectMethodHandleAccessor.invoke(DirectMethodHandleAccessor.java:103) ~[?:?]
	at java.base/java.lang.reflect.Method.invoke(Method.java:580) ~[?:?]
	at org.matsim.core.config.ReflectiveConfigGroup.invokeGetter(ReflectiveConfigGroup.java:490) ~[matsim-2025.0.jar:?]
	at org.matsim.core.config.ReflectiveConfigGroup.getValue(ReflectiveConfigGroup.java:462) ~[matsim-2025.0.jar:?]
	at org.matsim.core.config.ConfigGroup.addParameterToMap(ConfigGroup.java:81) ~[matsim-2025.0.jar:?]
	at org.matsim.core.config.ReflectiveConfigGroup.lambda$getParams$3(ReflectiveConfigGroup.java:536) ~[matsim-2025.0.jar:?]
	at java.base/java.lang.Iterable.forEach(Iterable.java:75) ~[?:?]
	at org.matsim.core.config.ReflectiveConfigGroup.getParams(ReflectiveConfigGroup.java:536) ~[matsim-2025.0.jar:?]
	at org.matsim.core.config.ConfigWriterHandlerImplV2.writeModule(ConfigWriterHandlerImplV2.java:79) ~[matsim-2025.0.jar:?]
	at org.matsim.core.config.ConfigWriterHandlerImplV2.processParameterSets(ConfigWriterHandlerImplV2.java:152) ~[matsim-2025.0.jar:?]
	at org.matsim.core.config.ConfigWriterHandlerImplV2.writeModule(ConfigWriterHandlerImplV2.java:93) ~[matsim-2025.0.jar:?]
	at org.matsim.core.config.ConfigWriterHandlerImplV2.writeModule(ConfigWriterHandlerImplV2.java:291) ~[matsim-2025.0.jar:?]
	at org.matsim.core.config.ConfigWriter.write(ConfigWriter.java:110) ~[matsim-2025.0.jar:?]
	at org.matsim.core.config.ConfigWriter.writeStream(ConfigWriter.java:74) ~[matsim-2025.0.jar:?]
	at org.matsim.core.controler.ControllerUtils.checkConfigConsistencyAndWriteToLog(ControllerUtils.java:102) ~[matsim-2025.0.jar:?]
	at org.matsim.core.controler.AbstractController$1.run(AbstractController.java:82) ~[matsim-2025.0.jar:?]
	at org.matsim.core.controler.MatsimRuntimeModifications.run(MatsimRuntimeModifications.java:70) ~[matsim-2025.0.jar:?]
	at org.matsim.core.controler.MatsimRuntimeModifications.run(MatsimRuntimeModifications.java:53) ~[matsim-2025.0.jar:?]
	at org.matsim.core.controler.AbstractController.run(AbstractController.java:92) ~[matsim-2025.0.jar:?]
	at org.matsim.core.controler.NewControler.run(NewControler.java:83) ~[matsim-2025.0.jar:?]
	at org.matsim.core.controler.Controler.run(Controler.java:259) ~[matsim-2025.0.jar:?]
	at org.matsim.core.controler.Controler.main(Controler.java:144) ~[matsim-2025.0.jar:?]
	at java.base/jdk.internal.reflect.DirectMethodHandleAccessor.invoke(DirectMethodHandleAccessor.java:103) ~[?:?]
	at java.base/java.lang.reflect.Method.invoke(Method.java:580) ~[?:?]
	at org.codehaus.mojo.exec.AbstractExecJavaBase.executeMainMethod(AbstractExecJavaBase.java:402) ~[?:?]
	at org.codehaus.mojo.exec.ExecJavaMojo.executeMainMethod(ExecJavaMojo.java:142) ~[?:?]
	at org.codehaus.mojo.exec.AbstractExecJavaBase.doExecClassLoader(AbstractExecJavaBase.java:377) ~[?:?]
	at org.codehaus.mojo.exec.AbstractExecJavaBase.lambda$execute$0(AbstractExecJavaBase.java:287) ~[?:?]
	at java.base/java.lang.Thread.run(Thread.java:1583) [?:?]
2025-12-08T18:41:53,568  INFO org.matsim.core.controler.MatsimRuntimeModifications:80 S H U T D O W N   ---   start shutdown.
2025-12-08T18:41:53,568 ERROR org.matsim.core.controler.MatsimRuntimeModifications:82 ERROR --- This is an unexpected shutdown!
2025-12-08T18:41:53,568 ERROR org.matsim.core.controler.MatsimRuntimeModifications:85 Shutdown possibly caused by the following Exception:
java.lang.NullPointerException: Cannot invoke "org.matsim.core.config.groups.ScoringConfigGroup$ModeParams.getMarginalUtilityOfTraveling()" because the return value of "java.util.Map.get(Object)" is null
	at org.matsim.core.config.groups.ScoringConfigGroup$ScoringParameterSet.getMarginalUtlOfWaitingPt_utils_hr(ScoringConfigGroup.java:1374) ~[matsim-2025.0.jar:?]
	at java.base/jdk.internal.reflect.DirectMethodHandleAccessor.invoke(DirectMethodHandleAccessor.java:103) ~[?:?]
	at java.base/java.lang.reflect.Method.invoke(Method.java:580) ~[?:?]
	at org.matsim.core.config.ReflectiveConfigGroup.invokeGetter(ReflectiveConfigGroup.java:490) ~[matsim-2025.0.jar:?]
	at org.matsim.core.config.ReflectiveConfigGroup.getValue(ReflectiveConfigGroup.java:462) ~[matsim-2025.0.jar:?]
	at org.matsim.core.config.ConfigGroup.addParameterToMap(ConfigGroup.java:81) ~[matsim-2025.0.jar:?]
	at org.matsim.core.config.ReflectiveConfigGroup.lambda$getParams$3(ReflectiveConfigGroup.java:536) ~[matsim-2025.0.jar:?]
	at java.base/java.lang.Iterable.forEach(Iterable.java:75) ~[?:?]
	at org.matsim.core.config.ReflectiveConfigGroup.getParams(ReflectiveConfigGroup.java:536) ~[matsim-2025.0.jar:?]
	at org.matsim.core.config.ConfigWriterHandlerImplV2.writeModule(ConfigWriterHandlerImplV2.java:79) ~[matsim-2025.0.jar:?]
	at org.matsim.core.config.ConfigWriterHandlerImplV2.processParameterSets(ConfigWriterHandlerImplV2.java:152) ~[matsim-2025.0.jar:?]
	at org.matsim.core.config.ConfigWriterHandlerImplV2.writeModule(ConfigWriterHandlerImplV2.java:93) ~[matsim-2025.0.jar:?]
	at org.matsim.core.config.ConfigWriterHandlerImplV2.writeModule(ConfigWriterHandlerImplV2.java:291) ~[matsim-2025.0.jar:?]
	at org.matsim.core.config.ConfigWriter.write(ConfigWriter.java:110) ~[matsim-2025.0.jar:?]
	at org.matsim.core.config.ConfigWriter.writeStream(ConfigWriter.java:74) ~[matsim-2025.0.jar:?]
	at org.matsim.core.controler.ControllerUtils.checkConfigConsistencyAndWriteToLog(ControllerUtils.java:102) ~[matsim-2025.0.jar:?]
	at org.matsim.core.controler.AbstractController$1.run(AbstractController.java:82) ~[matsim-2025.0.jar:?]
	at org.matsim.core.controler.MatsimRuntimeModifications.run(MatsimRuntimeModifications.java:70) ~[matsim-2025.0.jar:?]
	at org.matsim.core.controler.MatsimRuntimeModifications.run(MatsimRuntimeModifications.java:53) ~[matsim-2025.0.jar:?]
	at org.matsim.core.controler.AbstractController.run(AbstractController.java:92) ~[matsim-2025.0.jar:?]
	at org.matsim.core.controler.NewControler.run(NewControler.java:83) ~[matsim-2025.0.jar:?]
	at org.matsim.core.controler.Controler.run(Controler.java:259) ~[matsim-2025.0.jar:?]
	at org.matsim.core.controler.Controler.main(Controler.java:144) ~[matsim-2025.0.jar:?]
	at java.base/jdk.internal.reflect.DirectMethodHandleAccessor.invoke(DirectMethodHandleAccessor.java:103) ~[?:?]
	at java.base/java.lang.reflect.Method.invoke(Method.java:580) ~[?:?]
	at org.codehaus.mojo.exec.AbstractExecJavaBase.executeMainMethod(AbstractExecJavaBase.java:402) ~[?:?]
	at org.codehaus.mojo.exec.ExecJavaMojo.executeMainMethod(ExecJavaMojo.java:142) ~[?:?]
	at org.codehaus.mojo.exec.AbstractExecJavaBase.doExecClassLoader(AbstractExecJavaBase.java:377) ~[?:?]
	at org.codehaus.mojo.exec.AbstractExecJavaBase.lambda$execute$0(AbstractExecJavaBase.java:287) ~[?:?]
	at java.base/java.lang.Thread.run(Thread.java:1583) [?:?]
2025-12-08T18:41:53,569  INFO org.matsim.core.controler.ControlerListenerManagerImpl:128 calling notifyShutdown on org.matsim.core.controler.corelisteners.EventsHandlingImpl with priority 0.0
2025-12-08T18:41:53,569  INFO org.matsim.core.controler.ControlerListenerManagerImpl:128 calling notifyShutdown on org.matsim.core.controler.corelisteners.DumpDataAtEndImpl with priority 0.0
2025-12-08T18:41:53,569  INFO org.matsim.core.controler.ControlerListenerManagerImpl:135 calling notifyShutdown on org.matsim.analysis.ModeChoiceCoverageControlerListener with priority 0.0
2025-12-08T18:41:53,569  INFO org.matsim.core.controler.ControlerListenerManagerImpl:135 calling notifyShutdown on org.matsim.analysis.ScoreStatsControlerListener with priority 0.0
2025-12-08T18:41:53,570  INFO org.matsim.core.controler.ControlerListenerManagerImpl:135 calling notifyShutdown on org.matsim.analysis.IterationTravelStatsControlerListener with priority 0.0
2025-12-08T18:41:53,570  INFO org.matsim.analysis.PersonWriter:36 Writing all Persons to personscsv
2025-12-08T18:41:53,587  INFO org.matsim.analysis.PersonWriter:54 ...done
2025-12-08T18:41:53,587  INFO org.matsim.core.controler.ControlerListenerManagerImpl:135 calling notifyShutdown on org.matsim.analysis.LinkStatsControlerListener with priority 0.0
2025-12-08T18:41:53,593  INFO org.matsim.core.controler.ControlerListenerManagerImpl:138 all ControlerShutdownListeners called.
2025-12-08T18:41:53,593 ERROR org.matsim.core.controler.MatsimRuntimeModifications:100 ERROR --- MATSim unexpectedly terminated. Please check the output or the logfile with warnings and errors for hints.
2025-12-08T18:41:53,593 ERROR org.matsim.core.controler.MatsimRuntimeModifications:101 ERROR --- results should not be used for further analysis.
2025-12-08T18:41:53,593  INFO org.matsim.core.controler.MatsimRuntimeModifications:103 S H U T D O W N   ---   shutdown completed.
2025-12-08T18:41:53,593 ERROR org.matsim.core.controler.MatsimRuntimeModifications:105 ERROR --- This was an unexpected shutdown! See the log file for a possible reason.
2025-12-08T18:41:53,595  INFO org.matsim.utils.MemoryObserver:42 used RAM: 86 MB  free: 45 MB  total: 132 MB
2025-12-08T18:42:30,726  INFO org.matsim.core.utils.io.IOUtils:224 Resolved config_clean.xml to config_clean.xml
2025-12-08T18:42:30,729  INFO org.matsim.core.config.Config:461 setting context to [file:/Users/ro9air/matsim-example-project/5000_disatar/lenzen_output/]
2025-12-08T18:42:30,756  INFO org.hibernate.validator.internal.util.Version:21 HV000001: Hibernate Validator 8.0.1.Final
2025-12-08T18:42:30,825  INFO org.matsim.core.utils.io.MatsimXmlParser:170 starting to parse xml from url file:/Users/ro9air/matsim-example-project/5000_disatar/lenzen_output/config_clean.xml ...
2025-12-08T18:42:30,840  INFO org.matsim.core.config.ConfigReader:105 using config_v2-reader
2025-12-08T18:42:30,840  INFO org.matsim.core.utils.io.MatsimXmlParser:296 Trying to load http://www.matsim.org/files/dtd/config_v2.dtd. In some cases (e.g. network interface up but no connection), this may take a bit.
2025-12-08T18:42:31,397  INFO org.matsim.core.config.groups.GlobalConfigGroup:99 setting number of threads to: 2
2025-12-08T18:42:31,424  INFO org.matsim.core.config.groups.ScoringConfigGroup:555 scoring parameters for subpopulation null were just replaced.
2025-12-08T18:42:31,426  INFO org.matsim.core.config.Config:461 setting context to [file:/Users/ro9air/matsim-example-project/5000_disatar/lenzen_output/config_clean.xml]
2025-12-08T18:42:31,427  INFO org.matsim.core.config.groups.ScoringConfigGroup:1607 NO OPENING OR CLOSING TIMES DEFINED!

There is no activity type that has an opening *and* closing time (or opening time and late penalty) defined.
This usually means that the activity chains can be shifted by an arbitrary
number of hours without having an effect on the score of the plans, and thus
resulting in wrong results / traffic patterns.
If you are using MATSim without time adaptation, you can ignore this warning.


2025-12-08T18:42:31,428  INFO org.matsim.core.config.consistency.VspConfigConsistencyCheckerImpl:62 NOT running vsp config consistency check because vsp defaults checking level is set to IGNORE
2025-12-08T18:42:31,710  INFO org.matsim.core.events.SimStepParallelEventsManagerImpl:83 number of threads=1
2025-12-08T18:42:31,711  INFO org.matsim.core.scenario.ScenarioLoaderImpl:135 loading network from file:/Users/ro9air/matsim-example-project/5000_disatar/lenzen_output/network.xml.gz
2025-12-08T18:42:31,711  INFO org.matsim.core.utils.io.MatsimXmlParser:170 starting to parse xml from url file:/Users/ro9air/matsim-example-project/5000_disatar/lenzen_output/network.xml.gz ...
2025-12-08T18:42:31,748  INFO org.matsim.core.network.io.MatsimNetworkReader:122 using network_v2-reader.
2025-12-08T18:42:31,748  INFO org.matsim.core.utils.io.MatsimXmlParser:296 Trying to load http://www.matsim.org/files/dtd/network_v2.dtd. In some cases (e.g. network interface up but no connection), this may take a bit.
2025-12-08T18:42:32,009  INFO org.matsim.core.network.NetworkImpl:165  node # 1
2025-12-08T18:42:32,009  INFO org.matsim.core.network.NetworkImpl:165  node # 4
2025-12-08T18:42:32,010  INFO org.matsim.core.network.NetworkImpl:165  node # 16
2025-12-08T18:42:32,013  INFO org.matsim.core.network.NetworkImpl:165  node # 64
2025-12-08T18:42:32,019  INFO org.matsim.core.network.NetworkImpl:161  link # 1
2025-12-08T18:42:32,020  INFO org.matsim.core.network.NetworkImpl:161  link # 4
2025-12-08T18:42:32,021  INFO org.matsim.core.network.NetworkImpl:161  link # 16
2025-12-08T18:42:32,026  INFO org.matsim.core.network.NetworkImpl:161  link # 64
2025-12-08T18:42:32,036  INFO org.matsim.core.network.NetworkImpl:161  link # 256
2025-12-08T18:42:32,037  INFO org.matsim.core.scenario.ScenarioLoaderImpl:172 no facilities file set in config, therefore not loading any facilities.  This is not a problem except if you are using facilities
2025-12-08T18:42:32,037  INFO org.matsim.core.scenario.ScenarioLoaderImpl:188 no facility-attributes file set in config, not loading any facility attributes
2025-12-08T18:42:32,037  INFO org.matsim.core.scenario.ScenarioLoaderImpl:196 loading population from file:/Users/ro9air/matsim-example-project/5000_disatar/lenzen_output/population.xml.gz
2025-12-08T18:42:32,039  INFO org.matsim.core.utils.io.MatsimXmlParser:170 starting to parse xml from url file:/Users/ro9air/matsim-example-project/5000_disatar/lenzen_output/population.xml.gz ...
2025-12-08T18:42:32,040  INFO org.matsim.core.population.io.PopulationReader:135 using population_v6-reader.
2025-12-08T18:42:32,040  INFO org.matsim.core.utils.io.MatsimXmlParser:296 Trying to load http://www.matsim.org/files/dtd/population_v6.dtd. In some cases (e.g. network interface up but no connection), this may take a bit.
2025-12-08T18:42:32,300  INFO org.matsim.core.population.io.ParallelPopulationReaderMatsimV6:168 Start parallel population reading...
2025-12-08T18:42:32,304  INFO org.matsim.core.population.PopulationImpl:111  person # 1
2025-12-08T18:42:32,305  INFO org.matsim.core.population.PopulationImpl:111  person # 4
2025-12-08T18:42:32,306  INFO org.matsim.core.population.PopulationImpl:111  person # 16
2025-12-08T18:42:32,308  INFO org.matsim.core.population.PopulationImpl:111  person # 64
2025-12-08T18:42:32,314  INFO org.matsim.core.population.PopulationImpl:111  person # 256
2025-12-08T18:42:32,319  INFO org.matsim.core.population.io.ParallelPopulationReaderMatsimV6:238 Finished parallel population reading...
2025-12-08T18:42:32,320  INFO org.matsim.core.population.PopulationUtils:1145  person # 472
2025-12-08T18:42:32,320  INFO org.matsim.core.scenario.ScenarioLoaderImpl:244 no person-attributes file set in config, not loading any person attributes
2025-12-08T18:42:32,320  INFO org.matsim.core.scenario.ScenarioLoaderImpl:258 no households file set in config, not loading households
2025-12-08T18:42:32,320  INFO org.matsim.core.scenario.ScenarioLoaderImpl:292 no transit schedule file set in config, not loading any transit schedule
2025-12-08T18:42:32,320  INFO org.matsim.core.scenario.ScenarioLoaderImpl:333 no transit vehicles file set in config, not loading any transit vehicles
2025-12-08T18:42:32,322  INFO org.matsim.core.events.EventsManagerImpl:139 === Logging of event-handlers skipped ===
2025-12-08T18:42:32,323  INFO org.matsim.core.events.EventsManagerImpl:140 To enable debug output, set an environment variable i.e. export LOG_LEVEL='debug', or set log.setLogLevel(Level.DEBUG) in your run class.
2025-12-08T18:42:32,323  INFO org.matsim.core.events.EventsManagerImpl:210     > org.matsim.api.core.v01.events.LinkEnterEvent
2025-12-08T18:42:32,323  INFO org.matsim.core.events.EventsManagerImpl:210     > org.matsim.api.core.v01.events.LinkLeaveEvent
2025-12-08T18:42:32,323  INFO org.matsim.core.events.EventsManagerImpl:210     > org.matsim.api.core.v01.events.VehicleEntersTrafficEvent
2025-12-08T18:42:32,324  INFO org.matsim.core.events.EventsManagerImpl:210     > org.matsim.api.core.v01.events.VehicleLeavesTrafficEvent
2025-12-08T18:42:32,324  INFO org.matsim.core.events.EventsManagerImpl:210     > org.matsim.core.api.experimental.events.VehicleArrivesAtFacilityEvent
2025-12-08T18:42:32,324  INFO org.matsim.core.events.EventsManagerImpl:210     > org.matsim.api.core.v01.events.VehicleAbortsEvent
2025-12-08T18:42:32,324  INFO org.matsim.core.events.EventsManagerImpl:139 === Logging of event-handlers skipped ===
2025-12-08T18:42:32,324  INFO org.matsim.core.events.EventsManagerImpl:140 To enable debug output, set an environment variable i.e. export LOG_LEVEL='debug', or set log.setLogLevel(Level.DEBUG) in your run class.
2025-12-08T18:42:32,324  INFO org.matsim.core.events.EventsManagerImpl:210     > org.matsim.api.core.v01.events.LinkEnterEvent
2025-12-08T18:42:32,324  INFO org.matsim.core.events.EventsManagerImpl:210     > org.matsim.api.core.v01.events.LinkLeaveEvent
2025-12-08T18:42:32,324  INFO org.matsim.core.events.EventsManagerImpl:210     > org.matsim.api.core.v01.events.VehicleEntersTrafficEvent
2025-12-08T18:42:32,325  INFO org.matsim.core.events.EventsManagerImpl:210     > org.matsim.api.core.v01.events.VehicleLeavesTrafficEvent
2025-12-08T18:42:32,325  INFO org.matsim.core.events.EventsManagerImpl:210     > org.matsim.core.api.experimental.events.VehicleArrivesAtFacilityEvent
2025-12-08T18:42:32,325  INFO org.matsim.core.events.EventsManagerImpl:210     > org.matsim.api.core.v01.events.VehicleAbortsEvent
2025-12-08T18:42:32,326  INFO org.matsim.core.controler.OutputDirectoryHierarchy:284 ###########################################################
2025-12-08T18:42:32,327  INFO org.matsim.core.controler.OutputDirectoryHierarchy:285 ### THE CONTROLER WILL DELETE THE EXISTING OUTPUT DIRECTORY:
2025-12-08T18:42:32,327  INFO org.matsim.core.controler.OutputDirectoryHierarchy:286 ### ./output
2025-12-08T18:42:32,327  WARN org.matsim.core.controler.OutputDirectoryHierarchy:287 ### full path: /Users/ro9air/matsim-example-project/5000_disatar/lenzen_output/./output
2025-12-08T18:42:32,327  INFO org.matsim.core.controler.OutputDirectoryHierarchy:288 ###########################################################
2025-12-08T18:42:32,330  INFO org.matsim.core.replanning.StrategyManager:77 global innovation switch off after iteration: 2147483647
2025-12-08T18:42:32,333  INFO org.matsim.core.replanning.GenericStrategyManagerImpl:332 added change request:  iteration=-2147483648 newWeight=0.0 strategy=RandomPlanSelector_ReRoute
2025-12-08T18:42:32,333  INFO org.matsim.core.replanning.GenericStrategyManagerImpl:364 setting PlanSelectorForRemoval to class org.matsim.core.replanning.selectors.WorstPlanForRemovalSelector
2025-12-08T18:42:32,334  INFO org.matsim.core.events.EventsManagerImpl:139 === Logging of event-handlers skipped ===
2025-12-08T18:42:32,334  INFO org.matsim.core.events.EventsManagerImpl:140 To enable debug output, set an environment variable i.e. export LOG_LEVEL='debug', or set log.setLogLevel(Level.DEBUG) in your run class.
2025-12-08T18:42:32,335  INFO org.matsim.core.events.EventsManagerImpl:210     > org.matsim.api.core.v01.events.Event
2025-12-08T18:42:32,335  INFO org.matsim.core.events.EventsManagerImpl:139 === Logging of event-handlers skipped ===
2025-12-08T18:42:32,335  INFO org.matsim.core.events.EventsManagerImpl:140 To enable debug output, set an environment variable i.e. export LOG_LEVEL='debug', or set log.setLogLevel(Level.DEBUG) in your run class.
2025-12-08T18:42:32,335  INFO org.matsim.core.events.EventsManagerImpl:210     > org.matsim.api.core.v01.events.Event
2025-12-08T18:42:32,336  INFO org.matsim.analysis.CalcLinkStats:151  resetting `count' to zero.  This info is here since we want to check when this is happening during normal simulation runs.  kai, jan'11
2025-12-08T18:42:32,337  INFO org.matsim.core.events.EventsManagerImpl:139 === Logging of event-handlers skipped ===
2025-12-08T18:42:32,337  INFO org.matsim.core.events.EventsManagerImpl:140 To enable debug output, set an environment variable i.e. export LOG_LEVEL='debug', or set log.setLogLevel(Level.DEBUG) in your run class.
2025-12-08T18:42:32,337  INFO org.matsim.core.events.EventsManagerImpl:210     > org.matsim.api.core.v01.events.LinkLeaveEvent
2025-12-08T18:42:32,338  INFO org.matsim.core.events.EventsManagerImpl:210     > org.matsim.api.core.v01.events.VehicleEntersTrafficEvent
2025-12-08T18:42:32,338  INFO org.matsim.core.events.EventsManagerImpl:139 === Logging of event-handlers skipped ===
2025-12-08T18:42:32,338  INFO org.matsim.core.events.EventsManagerImpl:140 To enable debug output, set an environment variable i.e. export LOG_LEVEL='debug', or set log.setLogLevel(Level.DEBUG) in your run class.
2025-12-08T18:42:32,338  INFO org.matsim.core.events.EventsManagerImpl:210     > org.matsim.api.core.v01.events.LinkLeaveEvent
2025-12-08T18:42:32,338  INFO org.matsim.core.events.EventsManagerImpl:210     > org.matsim.api.core.v01.events.VehicleEntersTrafficEvent
2025-12-08T18:42:32,338  INFO org.matsim.core.events.EventsManagerImpl:139 === Logging of event-handlers skipped ===
2025-12-08T18:42:32,338  INFO org.matsim.core.events.EventsManagerImpl:140 To enable debug output, set an environment variable i.e. export LOG_LEVEL='debug', or set log.setLogLevel(Level.DEBUG) in your run class.
2025-12-08T18:42:32,339  INFO org.matsim.core.events.EventsManagerImpl:210     > org.matsim.api.core.v01.events.PersonDepartureEvent
2025-12-08T18:42:32,339  INFO org.matsim.core.events.EventsManagerImpl:210     > org.matsim.api.core.v01.events.PersonArrivalEvent
2025-12-08T18:42:32,339  INFO org.matsim.core.events.EventsManagerImpl:210     > org.matsim.api.core.v01.events.PersonStuckEvent
2025-12-08T18:42:32,339  INFO org.matsim.core.events.EventsManagerImpl:139 === Logging of event-handlers skipped ===
2025-12-08T18:42:32,339  INFO org.matsim.core.events.EventsManagerImpl:140 To enable debug output, set an environment variable i.e. export LOG_LEVEL='debug', or set log.setLogLevel(Level.DEBUG) in your run class.
2025-12-08T18:42:32,339  INFO org.matsim.core.events.EventsManagerImpl:210     > org.matsim.api.core.v01.events.PersonDepartureEvent
2025-12-08T18:42:32,339  INFO org.matsim.core.events.EventsManagerImpl:210     > org.matsim.api.core.v01.events.PersonArrivalEvent
2025-12-08T18:42:32,339  INFO org.matsim.core.events.EventsManagerImpl:210     > org.matsim.api.core.v01.events.PersonStuckEvent
2025-12-08T18:42:32,349  INFO org.matsim.core.controler.AbstractController:57 Used Controler-Class: org.matsim.core.controler.NewControler
2025-12-08T18:42:32,350  INFO org.matsim.core.config.Config:421 ConfigConsistencyChecker with runtime type=class org.matsim.core.config.consistency.ConfigConsistencyCheckerImpl was already added; not adding it a second time
2025-12-08T18:42:32,350  INFO org.matsim.core.controler.Injector:81 === printInjector output skipped ===
2025-12-08T18:42:32,351  INFO org.matsim.core.controler.Injector:82 To enable debug output, set an environment variable i.e. export LOG_LEVEL='debug', or set log.setLogLevel(Level.DEBUG) in your run class.
2025-12-08T18:42:32,361  INFO org.matsim.core.gbl.Gbl:64 JVM: 21.0.8; Eclipse Adoptium; mixed mode, sharing; 64-bit
2025-12-08T18:42:32,362  INFO org.matsim.core.gbl.Gbl:68 OS: Mac OS X; 15.7.2; aarch64
2025-12-08T18:42:32,362  INFO org.matsim.core.gbl.Gbl:71 CPU cores: 8
2025-12-08T18:42:32,365  INFO org.matsim.core.gbl.Gbl:72 max. Memory: 4096.0MB (4294967296B)
2025-12-08T18:42:32,366  INFO org.matsim.core.gbl.Gbl:114 MATSim-Build: r7f2ea0d07d20e164b577066595eddc23e3659473 ({2025-04-11 08:55:36})
2025-12-08T18:42:32,366  INFO org.matsim.core.gbl.Gbl:76 Command: org.codehaus.plexus.classworlds.launcher.Launcher -f ../../pom.xml exec:java -Dexec.mainClass=org.matsim.core.controler.Controler -Dexec.args=config_clean.xml
2025-12-08T18:42:32,415  INFO org.matsim.core.controler.ControlerListenerManagerImpl:112 calling notifyStartup on org.matsim.core.controler.ControlerDefaultsModule$1 with priority 0.0
2025-12-08T18:42:32,419  INFO org.matsim.utils.MemoryObserver:42 used RAM: 70 MB  free: 57 MB  total: 128 MB
2025-12-08T18:42:32,479  INFO org.matsim.core.controler.ControlerListenerManagerImpl:112 calling notifyStartup on org.matsim.guice.DependencyGraphControlerListener with priority 0.0
2025-12-08T18:42:32,520  INFO org.matsim.core.controler.ControlerListenerManagerImpl:112 calling notifyStartup on org.matsim.counts.CountsControlerListener with priority 0.0
2025-12-08T18:42:32,520  INFO org.matsim.core.controler.ControlerListenerManagerImpl:112 calling notifyStartup on org.matsim.analysis.ModeChoiceCoverageControlerListener with priority 0.0
2025-12-08T18:42:32,521  INFO org.matsim.core.controler.ControlerListenerManagerImpl:112 calling notifyStartup on org.matsim.analysis.ModeStatsControlerListener with priority 0.0
2025-12-08T18:42:32,521  INFO org.matsim.core.controler.ControlerListenerManagerImpl:112 calling notifyStartup on org.matsim.analysis.ScoreStatsControlerListener with priority 0.0
2025-12-08T18:42:32,521  INFO org.matsim.core.controler.ControlerListenerManagerImpl:115 all ControlerStartupListeners called.
2025-12-08T18:42:32,522  INFO org.matsim.core.controler.ControllerUtils:99 config dump before iterations start
2025-12-08T18:42:32,529  INFO org.matsim.core.controler.ControllerUtils:105 === logging config.xml skipped ===
2025-12-08T18:42:32,529  INFO org.matsim.core.controler.ControllerUtils:106 To enable debug output, set an environment variable i.e. export LOG_LEVEL='debug', or set log.setLogLevel(Level.DEBUG) in your run class.
2025-12-08T18:42:32,529  INFO org.matsim.core.controler.ControllerUtils:110 Complete config dump done.
2025-12-08T18:42:32,530  INFO org.matsim.core.controler.ControllerUtils:111 Checking consistency of config...
2025-12-08T18:42:32,530  INFO org.matsim.core.config.groups.ScoringConfigGroup:1607 NO OPENING OR CLOSING TIMES DEFINED!

There is no activity type that has an opening *and* closing time (or opening time and late penalty) defined.
This usually means that the activity chains can be shifted by an arbitrary
number of hours without having an effect on the score of the plans, and thus
resulting in wrong results / traffic patterns.
If you are using MATSim without time adaptation, you can ignore this warning.


2025-12-08T18:42:32,530  INFO org.matsim.core.config.consistency.VspConfigConsistencyCheckerImpl:62 NOT running vsp config consistency check because vsp defaults checking level is set to IGNORE
2025-12-08T18:42:32,532  INFO org.matsim.core.controler.ControllerUtils:113 Checking consistency of config done.
2025-12-08T18:42:32,533  WARN org.matsim.core.controler.PrepareForSim:265 'usePersonIdForMissingVehicleId' is deprecated. It will be removed soon.
2025-12-08T18:42:32,534  INFO org.matsim.core.utils.misc.Counter:70 [VehiclesImpl] added vehicle # 1
2025-12-08T18:42:32,534  INFO org.matsim.core.utils.misc.Counter:70 [VehiclesImpl] added vehicle # 2
2025-12-08T18:42:32,535  INFO org.matsim.core.utils.misc.Counter:70 [VehiclesImpl] added vehicle # 4
2025-12-08T18:42:32,535  INFO org.matsim.core.utils.misc.Counter:70 [VehiclesImpl] added vehicle # 8
2025-12-08T18:42:32,535  INFO org.matsim.core.utils.misc.Counter:70 [VehiclesImpl] added vehicle # 16
2025-12-08T18:42:32,535  INFO org.matsim.core.utils.misc.Counter:70 [VehiclesImpl] added vehicle # 32
2025-12-08T18:42:32,535  INFO org.matsim.core.utils.misc.Counter:70 [VehiclesImpl] added vehicle # 64
2025-12-08T18:42:32,536  INFO org.matsim.core.utils.misc.Counter:70 [VehiclesImpl] added vehicle # 128
2025-12-08T18:42:32,536  INFO org.matsim.core.utils.misc.Counter:70 [VehiclesImpl] added vehicle # 256
2025-12-08T18:42:32,541  INFO org.matsim.core.router.speedy.SpeedyALTData:51 find dead ends...
2025-12-08T18:42:32,541  INFO org.matsim.core.router.speedy.SpeedyALTData:132 calculate landmarks...
2025-12-08T18:42:32,546  INFO org.matsim.core.router.speedy.SpeedyALTData:173 calculate min travelcost...
2025-12-08T18:42:32,548  INFO org.matsim.core.network.NetworkImpl:165  node # 1
2025-12-08T18:42:32,548  INFO org.matsim.core.network.NetworkImpl:165  node # 4
2025-12-08T18:42:32,548  INFO org.matsim.core.network.NetworkImpl:165  node # 16
2025-12-08T18:42:32,549  INFO org.matsim.core.network.NetworkImpl:165  node # 64
2025-12-08T18:42:32,549  INFO org.matsim.core.network.NetworkImpl:161  link # 1
2025-12-08T18:42:32,549  INFO org.matsim.core.network.NetworkImpl:161  link # 4
2025-12-08T18:42:32,549  INFO org.matsim.core.network.NetworkImpl:161  link # 16
2025-12-08T18:42:32,550  INFO org.matsim.core.network.NetworkImpl:161  link # 64
2025-12-08T18:42:32,551  INFO org.matsim.core.network.NetworkImpl:161  link # 256
2025-12-08T18:42:32,551  INFO org.matsim.core.router.NetworkRoutingProvider:151 Checking network for mode 'car' for consistency...
2025-12-08T18:42:32,553  INFO org.matsim.core.network.algorithms.MultimodalNetworkCleaner:104 running org.matsim.core.network.algorithms.MultimodalNetworkCleaner algorithm for modes [car] with connectivity modes []...
2025-12-08T18:42:32,553  INFO org.matsim.core.network.algorithms.MultimodalNetworkCleaner:108   checking 122 nodes and 267 links for dead-ends...
2025-12-08T18:42:32,555  INFO org.matsim.core.network.algorithms.MultimodalNetworkCleaner:126     The biggest cluster consists of 262 links.
2025-12-08T18:42:32,555  INFO org.matsim.core.network.algorithms.MultimodalNetworkCleaner:127   done.
2025-12-08T18:42:32,555  INFO org.matsim.core.network.algorithms.MultimodalNetworkCleaner:151   resulting network contains 120 nodes and 262 links.
2025-12-08T18:42:32,555  INFO org.matsim.core.network.algorithms.MultimodalNetworkCleaner:153 done.
2025-12-08T18:42:32,557 ERROR org.matsim.core.router.NetworkRoutingProvider:160 Network for mode 'car' has unreachable links and nodes. This may be caused by mode restrictions on certain links. Aborting.
 If you restricted modes on some links, consider doing that with NetworkUtils.restrictModesAndCleanNetwork(). This makes sure, that the network is consistent for each mode.
 If this network topology is intended, set the routing config parameter 'networkRouteConsistencyCheck' to 'disable'.
2025-12-08T18:42:32,558 ERROR org.matsim.core.controler.MatsimRuntimeModifications:76 Getting uncaught Exception in Thread org.matsim.core.controler.Controler.main()
com.google.inject.ProvisionException: Unable to provision, see the following errors:

1) [Guice/ErrorInCustomProvider]: RuntimeException: Network for mode 'car' has unreachable links and nodes. This may be caused by mode restrictions on certain links. Aborting.
  at TripRouterModule.install(TripRouterModule.java:68)
      \_ installed by: Modules$CombinedModule -> Modules$CombinedModule -> AbstractModule$6 -> Modules$OverrideModule -> Controler$2 -> ControlerDefaultsModule -> TripRouterModule
  while locating RoutingModule annotated with @Named("car")
  while locating RoutingModule annotated with @Element(setName=,uniqueId=104, type=MAPBINDER, keyType=String)
  at TripRouter.<init>(TripRouter.java:94)
  while locating TripRouter

Learn more:
  https://github.com/google/guice/wiki/ERROR_IN_CUSTOM_PROVIDER

1 error

======================
Full classname legend:
======================
AbstractModule$6:        "org.matsim.core.controler.AbstractModule$6"
Controler$2:             "org.matsim.core.controler.Controler$2"
ControlerDefaultsModule: "org.matsim.core.controler.ControlerDefaultsModule"
Element:                 "com.google.inject.internal.Element"
Modules$CombinedModule:  "com.google.inject.util.Modules$CombinedModule"
Modules$OverrideModule:  "com.google.inject.util.Modules$OverrideModule"
Named:                   "com.google.inject.name.Named"
RoutingModule:           "org.matsim.core.router.RoutingModule"
TripRouter:              "org.matsim.core.router.TripRouter"
TripRouterModule:        "org.matsim.core.router.TripRouterModule"
========================
End of classname legend:
========================

	at com.google.inject.internal.InternalProvisionException.toProvisionException(InternalProvisionException.java:251) ~[guice-7.0.0.jar:?]
	at com.google.inject.internal.InjectorImpl$1.get(InjectorImpl.java:1151) ~[guice-7.0.0.jar:?]
	at org.matsim.core.controler.PrepareForSimImpl.lambda$run$0(PrepareForSimImpl.java:194) ~[matsim-2025.0.jar:?]
	at org.matsim.core.population.algorithms.ParallelPersonAlgorithmUtils.run(ParallelPersonAlgorithmUtils.java:87) ~[matsim-2025.0.jar:?]
	at org.matsim.core.controler.PrepareForSimImpl.run(PrepareForSimImpl.java:193) ~[matsim-2025.0.jar:?]
	at org.matsim.core.controler.NewControler.prepareForSim(NewControler.java:114) ~[matsim-2025.0.jar:?]
	at org.matsim.core.controler.AbstractController$1.run(AbstractController.java:83) ~[matsim-2025.0.jar:?]
	at org.matsim.core.controler.MatsimRuntimeModifications.run(MatsimRuntimeModifications.java:70) ~[matsim-2025.0.jar:?]
	at org.matsim.core.controler.MatsimRuntimeModifications.run(MatsimRuntimeModifications.java:53) ~[matsim-2025.0.jar:?]
	at org.matsim.core.controler.AbstractController.run(AbstractController.java:92) ~[matsim-2025.0.jar:?]
	at org.matsim.core.controler.NewControler.run(NewControler.java:83) ~[matsim-2025.0.jar:?]
	at org.matsim.core.controler.Controler.run(Controler.java:259) ~[matsim-2025.0.jar:?]
	at org.matsim.core.controler.Controler.main(Controler.java:144) ~[matsim-2025.0.jar:?]
	at java.base/jdk.internal.reflect.DirectMethodHandleAccessor.invoke(DirectMethodHandleAccessor.java:103) ~[?:?]
	at java.base/java.lang.reflect.Method.invoke(Method.java:580) ~[?:?]
	at org.codehaus.mojo.exec.AbstractExecJavaBase.executeMainMethod(AbstractExecJavaBase.java:402) ~[?:?]
	at org.codehaus.mojo.exec.ExecJavaMojo.executeMainMethod(ExecJavaMojo.java:142) ~[?:?]
	at org.codehaus.mojo.exec.AbstractExecJavaBase.doExecClassLoader(AbstractExecJavaBase.java:377) ~[?:?]
	at org.codehaus.mojo.exec.AbstractExecJavaBase.lambda$execute$0(AbstractExecJavaBase.java:287) ~[?:?]
	at java.base/java.lang.Thread.run(Thread.java:1583) [?:?]
Caused by: java.lang.RuntimeException: Network for mode 'car' has unreachable links and nodes. This may be caused by mode restrictions on certain links. Aborting.
	at org.matsim.core.router.NetworkRoutingProvider.checkNetwork(NetworkRoutingProvider.java:162) ~[matsim-2025.0.jar:?]
	at org.matsim.core.router.NetworkRoutingProvider.get(NetworkRoutingProvider.java:101) ~[matsim-2025.0.jar:?]
	at org.matsim.core.router.NetworkRoutingProvider.get(NetworkRoutingProvider.java:46) ~[matsim-2025.0.jar:?]
	at com.google.inject.internal.ProviderInternalFactory.provision(ProviderInternalFactory.java:86) ~[guice-7.0.0.jar:?]
	at com.google.inject.internal.InternalFactoryToInitializableAdapter.provision(InternalFactoryToInitializableAdapter.java:57) ~[guice-7.0.0.jar:?]
	at com.google.inject.internal.ProviderInternalFactory.circularGet(ProviderInternalFactory.java:60) ~[guice-7.0.0.jar:?]
	at com.google.inject.internal.InternalFactoryToInitializableAdapter.get(InternalFactoryToInitializableAdapter.java:47) ~[guice-7.0.0.jar:?]
	at com.google.inject.internal.FactoryProxy.get(FactoryProxy.java:60) ~[guice-7.0.0.jar:?]
	at com.google.inject.internal.InjectorImpl$1.get(InjectorImpl.java:1148) ~[guice-7.0.0.jar:?]
	at org.matsim.core.router.TripRouter.<init>(TripRouter.java:98) ~[matsim-2025.0.jar:?]
	at org.matsim.core.router.TripRouter$$FastClassByGuice$$e06fc6.GUICE$TRAMPOLINE(<generated>) ~[?:?]
	at org.matsim.core.router.TripRouter$$FastClassByGuice$$e06fc6.apply(<generated>) ~[?:?]
	at com.google.inject.internal.DefaultConstructionProxyFactory$FastClassProxy.newInstance(DefaultConstructionProxyFactory.java:82) ~[guice-7.0.0.jar:?]
	at com.google.inject.internal.ConstructorInjector.provision(ConstructorInjector.java:114) ~[guice-7.0.0.jar:?]
	at com.google.inject.internal.ConstructorInjector.construct(ConstructorInjector.java:91) ~[guice-7.0.0.jar:?]
	at com.google.inject.internal.ConstructorBindingImpl$Factory.get(ConstructorBindingImpl.java:300) ~[guice-7.0.0.jar:?]
	at com.google.inject.internal.InjectorImpl$1.get(InjectorImpl.java:1148) ~[guice-7.0.0.jar:?]
	... 18 more
2025-12-08T18:42:32,573  INFO org.matsim.core.controler.MatsimRuntimeModifications:80 S H U T D O W N   ---   start shutdown.
2025-12-08T18:42:32,573 ERROR org.matsim.core.controler.MatsimRuntimeModifications:82 ERROR --- This is an unexpected shutdown!
2025-12-08T18:42:32,573 ERROR org.matsim.core.controler.MatsimRuntimeModifications:85 Shutdown possibly caused by the following Exception:
com.google.inject.ProvisionException: Unable to provision, see the following errors:

1) [Guice/ErrorInCustomProvider]: RuntimeException: Network for mode 'car' has unreachable links and nodes. This may be caused by mode restrictions on certain links. Aborting.
  at TripRouterModule.install(TripRouterModule.java:68)
      \_ installed by: Modules$CombinedModule -> Modules$CombinedModule -> AbstractModule$6 -> Modules$OverrideModule -> Controler$2 -> ControlerDefaultsModule -> TripRouterModule
  while locating RoutingModule annotated with @Named("car")
  while locating RoutingModule annotated with @Element(setName=,uniqueId=104, type=MAPBINDER, keyType=String)
  at TripRouter.<init>(TripRouter.java:94)
  while locating TripRouter

Learn more:
  https://github.com/google/guice/wiki/ERROR_IN_CUSTOM_PROVIDER

1 error

======================
Full classname legend:
======================
AbstractModule$6:        "org.matsim.core.controler.AbstractModule$6"
Controler$2:             "org.matsim.core.controler.Controler$2"
ControlerDefaultsModule: "org.matsim.core.controler.ControlerDefaultsModule"
Element:                 "com.google.inject.internal.Element"
Modules$CombinedModule:  "com.google.inject.util.Modules$CombinedModule"
Modules$OverrideModule:  "com.google.inject.util.Modules$OverrideModule"
Named:                   "com.google.inject.name.Named"
RoutingModule:           "org.matsim.core.router.RoutingModule"
TripRouter:              "org.matsim.core.router.TripRouter"
TripRouterModule:        "org.matsim.core.router.TripRouterModule"
========================
End of classname legend:
========================

	at com.google.inject.internal.InternalProvisionException.toProvisionException(InternalProvisionException.java:251) ~[guice-7.0.0.jar:?]
	at com.google.inject.internal.InjectorImpl$1.get(InjectorImpl.java:1151) ~[guice-7.0.0.jar:?]
	at org.matsim.core.controler.PrepareForSimImpl.lambda$run$0(PrepareForSimImpl.java:194) ~[matsim-2025.0.jar:?]
	at org.matsim.core.population.algorithms.ParallelPersonAlgorithmUtils.run(ParallelPersonAlgorithmUtils.java:87) ~[matsim-2025.0.jar:?]
	at org.matsim.core.controler.PrepareForSimImpl.run(PrepareForSimImpl.java:193) ~[matsim-2025.0.jar:?]
	at org.matsim.core.controler.NewControler.prepareForSim(NewControler.java:114) ~[matsim-2025.0.jar:?]
	at org.matsim.core.controler.AbstractController$1.run(AbstractController.java:83) ~[matsim-2025.0.jar:?]
	at org.matsim.core.controler.MatsimRuntimeModifications.run(MatsimRuntimeModifications.java:70) ~[matsim-2025.0.jar:?]
	at org.matsim.core.controler.MatsimRuntimeModifications.run(MatsimRuntimeModifications.java:53) ~[matsim-2025.0.jar:?]
	at org.matsim.core.controler.AbstractController.run(AbstractController.java:92) ~[matsim-2025.0.jar:?]
	at org.matsim.core.controler.NewControler.run(NewControler.java:83) ~[matsim-2025.0.jar:?]
	at org.matsim.core.controler.Controler.run(Controler.java:259) ~[matsim-2025.0.jar:?]
	at org.matsim.core.controler.Controler.main(Controler.java:144) ~[matsim-2025.0.jar:?]
	at java.base/jdk.internal.reflect.DirectMethodHandleAccessor.invoke(DirectMethodHandleAccessor.java:103) ~[?:?]
	at java.base/java.lang.reflect.Method.invoke(Method.java:580) ~[?:?]
	at org.codehaus.mojo.exec.AbstractExecJavaBase.executeMainMethod(AbstractExecJavaBase.java:402) ~[?:?]
	at org.codehaus.mojo.exec.ExecJavaMojo.executeMainMethod(ExecJavaMojo.java:142) ~[?:?]
	at org.codehaus.mojo.exec.AbstractExecJavaBase.doExecClassLoader(AbstractExecJavaBase.java:377) ~[?:?]
	at org.codehaus.mojo.exec.AbstractExecJavaBase.lambda$execute$0(AbstractExecJavaBase.java:287) ~[?:?]
	at java.base/java.lang.Thread.run(Thread.java:1583) [?:?]
Caused by: java.lang.RuntimeException: Network for mode 'car' has unreachable links and nodes. This may be caused by mode restrictions on certain links. Aborting.
	at org.matsim.core.router.NetworkRoutingProvider.checkNetwork(NetworkRoutingProvider.java:162) ~[matsim-2025.0.jar:?]
	at org.matsim.core.router.NetworkRoutingProvider.get(NetworkRoutingProvider.java:101) ~[matsim-2025.0.jar:?]
	at org.matsim.core.router.NetworkRoutingProvider.get(NetworkRoutingProvider.java:46) ~[matsim-2025.0.jar:?]
	at com.google.inject.internal.ProviderInternalFactory.provision(ProviderInternalFactory.java:86) ~[guice-7.0.0.jar:?]
	at com.google.inject.internal.InternalFactoryToInitializableAdapter.provision(InternalFactoryToInitializableAdapter.java:57) ~[guice-7.0.0.jar:?]
	at com.google.inject.internal.ProviderInternalFactory.circularGet(ProviderInternalFactory.java:60) ~[guice-7.0.0.jar:?]
	at com.google.inject.internal.InternalFactoryToInitializableAdapter.get(InternalFactoryToInitializableAdapter.java:47) ~[guice-7.0.0.jar:?]
	at com.google.inject.internal.FactoryProxy.get(FactoryProxy.java:60) ~[guice-7.0.0.jar:?]
	at com.google.inject.internal.InjectorImpl$1.get(InjectorImpl.java:1148) ~[guice-7.0.0.jar:?]
	at org.matsim.core.router.TripRouter.<init>(TripRouter.java:98) ~[matsim-2025.0.jar:?]
	at org.matsim.core.router.TripRouter$$FastClassByGuice$$e06fc6.GUICE$TRAMPOLINE(<generated>) ~[?:?]
	at org.matsim.core.router.TripRouter$$FastClassByGuice$$e06fc6.apply(<generated>) ~[?:?]
	at com.google.inject.internal.DefaultConstructionProxyFactory$FastClassProxy.newInstance(DefaultConstructionProxyFactory.java:82) ~[guice-7.0.0.jar:?]
	at com.google.inject.internal.ConstructorInjector.provision(ConstructorInjector.java:114) ~[guice-7.0.0.jar:?]
	at com.google.inject.internal.ConstructorInjector.construct(ConstructorInjector.java:91) ~[guice-7.0.0.jar:?]
	at com.google.inject.internal.ConstructorBindingImpl$Factory.get(ConstructorBindingImpl.java:300) ~[guice-7.0.0.jar:?]
	at com.google.inject.internal.InjectorImpl$1.get(InjectorImpl.java:1148) ~[guice-7.0.0.jar:?]
	... 18 more
2025-12-08T18:42:32,575  INFO org.matsim.core.controler.ControlerListenerManagerImpl:128 calling notifyShutdown on org.matsim.core.controler.corelisteners.EventsHandlingImpl with priority 0.0
2025-12-08T18:42:32,575  INFO org.matsim.core.controler.ControlerListenerManagerImpl:128 calling notifyShutdown on org.matsim.core.controler.corelisteners.DumpDataAtEndImpl with priority 0.0
2025-12-08T18:42:32,575  INFO org.matsim.core.controler.ControlerListenerManagerImpl:135 calling notifyShutdown on org.matsim.analysis.ModeChoiceCoverageControlerListener with priority 0.0
2025-12-08T18:42:32,575  INFO org.matsim.core.controler.ControlerListenerManagerImpl:135 calling notifyShutdown on org.matsim.analysis.ScoreStatsControlerListener with priority 0.0
2025-12-08T18:42:32,575  INFO org.matsim.core.controler.ControlerListenerManagerImpl:135 calling notifyShutdown on org.matsim.analysis.IterationTravelStatsControlerListener with priority 0.0
2025-12-08T18:42:32,576  INFO org.matsim.analysis.PersonWriter:36 Writing all Persons to personscsv
2025-12-08T18:42:32,589  INFO org.matsim.analysis.PersonWriter:54 ...done
2025-12-08T18:42:32,590  INFO org.matsim.core.controler.ControlerListenerManagerImpl:135 calling notifyShutdown on org.matsim.analysis.LinkStatsControlerListener with priority 0.0
2025-12-08T18:42:32,594  INFO org.matsim.core.controler.ControlerListenerManagerImpl:138 all ControlerShutdownListeners called.
2025-12-08T18:42:32,595 ERROR org.matsim.core.controler.MatsimRuntimeModifications:100 ERROR --- MATSim unexpectedly terminated. Please check the output or the logfile with warnings and errors for hints.
2025-12-08T18:42:32,595 ERROR org.matsim.core.controler.MatsimRuntimeModifications:101 ERROR --- results should not be used for further analysis.
2025-12-08T18:42:32,595  INFO org.matsim.core.controler.MatsimRuntimeModifications:103 S H U T D O W N   ---   shutdown completed.
2025-12-08T18:42:32,595 ERROR org.matsim.core.controler.MatsimRuntimeModifications:105 ERROR --- This was an unexpected shutdown! See the log file for a possible reason.
2025-12-08T18:42:32,599  INFO org.matsim.utils.MemoryObserver:42 used RAM: 93 MB  free: 34 MB  total: 128 MB
2025-12-09T14:07:25,386  INFO org.matsim.core.utils.io.IOUtils:224 Resolved config_clean.xml to config_clean.xml
2025-12-09T14:07:25,390  INFO org.matsim.core.config.Config:461 setting context to [file:/Users/ro9air/matsim-example-project/5000_disatar/lenzen_output/]
2025-12-09T14:07:25,418  INFO org.hibernate.validator.internal.util.Version:21 HV000001: Hibernate Validator 8.0.1.Final
2025-12-09T14:07:25,491  INFO org.matsim.core.utils.io.MatsimXmlParser:170 starting to parse xml from url file:/Users/ro9air/matsim-example-project/5000_disatar/lenzen_output/config_clean.xml ...
2025-12-09T14:07:25,507  INFO org.matsim.core.config.ConfigReader:105 using config_v2-reader
2025-12-09T14:07:25,507  INFO org.matsim.core.utils.io.MatsimXmlParser:296 Trying to load http://www.matsim.org/files/dtd/config_v2.dtd. In some cases (e.g. network interface up but no connection), this may take a bit.
2025-12-09T14:07:26,278  INFO org.matsim.core.config.groups.GlobalConfigGroup:99 setting number of threads to: 2
2025-12-09T14:07:26,285  INFO org.matsim.core.config.groups.ScoringConfigGroup:555 scoring parameters for subpopulation null were just replaced.
2025-12-09T14:07:26,287  INFO org.matsim.core.config.Config:461 setting context to [file:/Users/ro9air/matsim-example-project/5000_disatar/lenzen_output/config_clean.xml]
2025-12-09T14:07:26,288  INFO org.matsim.core.config.groups.ScoringConfigGroup:1607 NO OPENING OR CLOSING TIMES DEFINED!

There is no activity type that has an opening *and* closing time (or opening time and late penalty) defined.
This usually means that the activity chains can be shifted by an arbitrary
number of hours without having an effect on the score of the plans, and thus
resulting in wrong results / traffic patterns.
If you are using MATSim without time adaptation, you can ignore this warning.


2025-12-09T14:07:26,288  INFO org.matsim.core.config.consistency.VspConfigConsistencyCheckerImpl:62 NOT running vsp config consistency check because vsp defaults checking level is set to IGNORE
2025-12-09T14:07:26,593  INFO org.matsim.core.events.SimStepParallelEventsManagerImpl:83 number of threads=1
2025-12-09T14:07:26,593  INFO org.matsim.core.scenario.ScenarioLoaderImpl:135 loading network from file:/Users/ro9air/matsim-example-project/5000_disatar/lenzen_output/network.xml.gz
2025-12-09T14:07:26,594  INFO org.matsim.core.utils.io.MatsimXmlParser:170 starting to parse xml from url file:/Users/ro9air/matsim-example-project/5000_disatar/lenzen_output/network.xml.gz ...
2025-12-09T14:07:26,640  INFO org.matsim.core.network.io.MatsimNetworkReader:122 using network_v2-reader.
2025-12-09T14:07:26,640  INFO org.matsim.core.utils.io.MatsimXmlParser:296 Trying to load http://www.matsim.org/files/dtd/network_v2.dtd. In some cases (e.g. network interface up but no connection), this may take a bit.
2025-12-09T14:07:26,915  INFO org.matsim.core.network.NetworkImpl:165  node # 1
2025-12-09T14:07:26,916  INFO org.matsim.core.network.NetworkImpl:165  node # 4
2025-12-09T14:07:26,917  INFO org.matsim.core.network.NetworkImpl:165  node # 16
2025-12-09T14:07:26,920  INFO org.matsim.core.network.NetworkImpl:165  node # 64
2025-12-09T14:07:26,927  INFO org.matsim.core.network.NetworkImpl:161  link # 1
2025-12-09T14:07:26,928  INFO org.matsim.core.network.NetworkImpl:161  link # 4
2025-12-09T14:07:26,930  INFO org.matsim.core.network.NetworkImpl:161  link # 16
2025-12-09T14:07:26,936  INFO org.matsim.core.network.NetworkImpl:161  link # 64
2025-12-09T14:07:26,947  INFO org.matsim.core.network.NetworkImpl:161  link # 256
2025-12-09T14:07:26,948  INFO org.matsim.core.scenario.ScenarioLoaderImpl:172 no facilities file set in config, therefore not loading any facilities.  This is not a problem except if you are using facilities
2025-12-09T14:07:26,948  INFO org.matsim.core.scenario.ScenarioLoaderImpl:188 no facility-attributes file set in config, not loading any facility attributes
2025-12-09T14:07:26,948  INFO org.matsim.core.scenario.ScenarioLoaderImpl:196 loading population from file:/Users/ro9air/matsim-example-project/5000_disatar/lenzen_output/population.xml.gz
2025-12-09T14:07:26,951  INFO org.matsim.core.utils.io.MatsimXmlParser:170 starting to parse xml from url file:/Users/ro9air/matsim-example-project/5000_disatar/lenzen_output/population.xml.gz ...
2025-12-09T14:07:26,952  INFO org.matsim.core.population.io.PopulationReader:135 using population_v6-reader.
2025-12-09T14:07:26,953  INFO org.matsim.core.utils.io.MatsimXmlParser:296 Trying to load http://www.matsim.org/files/dtd/population_v6.dtd. In some cases (e.g. network interface up but no connection), this may take a bit.
2025-12-09T14:07:27,230  INFO org.matsim.core.population.io.ParallelPopulationReaderMatsimV6:168 Start parallel population reading...
2025-12-09T14:07:27,239  INFO org.matsim.core.population.PopulationImpl:111  person # 1
2025-12-09T14:07:27,241  INFO org.matsim.core.population.PopulationImpl:111  person # 4
2025-12-09T14:07:27,242  INFO org.matsim.core.population.PopulationImpl:111  person # 16
2025-12-09T14:07:27,245  INFO org.matsim.core.population.PopulationImpl:111  person # 64
2025-12-09T14:07:27,254  INFO org.matsim.core.population.PopulationImpl:111  person # 256
2025-12-09T14:07:27,260  INFO org.matsim.core.population.io.ParallelPopulationReaderMatsimV6:238 Finished parallel population reading...
2025-12-09T14:07:27,260  INFO org.matsim.core.population.PopulationUtils:1145  person # 472
2025-12-09T14:07:27,261  INFO org.matsim.core.scenario.ScenarioLoaderImpl:244 no person-attributes file set in config, not loading any person attributes
2025-12-09T14:07:27,261  INFO org.matsim.core.scenario.ScenarioLoaderImpl:258 no households file set in config, not loading households
2025-12-09T14:07:27,261  INFO org.matsim.core.scenario.ScenarioLoaderImpl:292 no transit schedule file set in config, not loading any transit schedule
2025-12-09T14:07:27,261  INFO org.matsim.core.scenario.ScenarioLoaderImpl:333 no transit vehicles file set in config, not loading any transit vehicles
2025-12-09T14:07:27,263  INFO org.matsim.core.events.EventsManagerImpl:139 === Logging of event-handlers skipped ===
2025-12-09T14:07:27,263  INFO org.matsim.core.events.EventsManagerImpl:140 To enable debug output, set an environment variable i.e. export LOG_LEVEL='debug', or set log.setLogLevel(Level.DEBUG) in your run class.
2025-12-09T14:07:27,264  INFO org.matsim.core.events.EventsManagerImpl:210     > org.matsim.api.core.v01.events.LinkEnterEvent
2025-12-09T14:07:27,264  INFO org.matsim.core.events.EventsManagerImpl:210     > org.matsim.api.core.v01.events.LinkLeaveEvent
2025-12-09T14:07:27,264  INFO org.matsim.core.events.EventsManagerImpl:210     > org.matsim.api.core.v01.events.VehicleEntersTrafficEvent
2025-12-09T14:07:27,264  INFO org.matsim.core.events.EventsManagerImpl:210     > org.matsim.api.core.v01.events.VehicleLeavesTrafficEvent
2025-12-09T14:07:27,264  INFO org.matsim.core.events.EventsManagerImpl:210     > org.matsim.core.api.experimental.events.VehicleArrivesAtFacilityEvent
2025-12-09T14:07:27,264  INFO org.matsim.core.events.EventsManagerImpl:210     > org.matsim.api.core.v01.events.VehicleAbortsEvent
2025-12-09T14:07:27,264  INFO org.matsim.core.events.EventsManagerImpl:139 === Logging of event-handlers skipped ===
2025-12-09T14:07:27,264  INFO org.matsim.core.events.EventsManagerImpl:140 To enable debug output, set an environment variable i.e. export LOG_LEVEL='debug', or set log.setLogLevel(Level.DEBUG) in your run class.
2025-12-09T14:07:27,264  INFO org.matsim.core.events.EventsManagerImpl:210     > org.matsim.api.core.v01.events.LinkEnterEvent
2025-12-09T14:07:27,265  INFO org.matsim.core.events.EventsManagerImpl:210     > org.matsim.api.core.v01.events.LinkLeaveEvent
2025-12-09T14:07:27,265  INFO org.matsim.core.events.EventsManagerImpl:210     > org.matsim.api.core.v01.events.VehicleEntersTrafficEvent
2025-12-09T14:07:27,265  INFO org.matsim.core.events.EventsManagerImpl:210     > org.matsim.api.core.v01.events.VehicleLeavesTrafficEvent
2025-12-09T14:07:27,265  INFO org.matsim.core.events.EventsManagerImpl:210     > org.matsim.core.api.experimental.events.VehicleArrivesAtFacilityEvent
2025-12-09T14:07:27,265  INFO org.matsim.core.events.EventsManagerImpl:210     > org.matsim.api.core.v01.events.VehicleAbortsEvent
2025-12-09T14:07:27,266  INFO org.matsim.core.controler.OutputDirectoryHierarchy:284 ###########################################################
2025-12-09T14:07:27,266  INFO org.matsim.core.controler.OutputDirectoryHierarchy:285 ### THE CONTROLER WILL DELETE THE EXISTING OUTPUT DIRECTORY:
2025-12-09T14:07:27,267  INFO org.matsim.core.controler.OutputDirectoryHierarchy:286 ### ./output
2025-12-09T14:07:27,267  WARN org.matsim.core.controler.OutputDirectoryHierarchy:287 ### full path: /Users/ro9air/matsim-example-project/5000_disatar/lenzen_output/./output
2025-12-09T14:07:27,267  INFO org.matsim.core.controler.OutputDirectoryHierarchy:288 ###########################################################
2025-12-09T14:07:27,273  INFO org.matsim.core.replanning.StrategyManager:77 global innovation switch off after iteration: 2147483647
2025-12-09T14:07:27,275  INFO org.matsim.core.replanning.GenericStrategyManagerImpl:332 added change request:  iteration=-2147483648 newWeight=0.0 strategy=RandomPlanSelector_ReRoute
2025-12-09T14:07:27,275  INFO org.matsim.core.replanning.GenericStrategyManagerImpl:364 setting PlanSelectorForRemoval to class org.matsim.core.replanning.selectors.WorstPlanForRemovalSelector
2025-12-09T14:07:27,276  INFO org.matsim.core.events.EventsManagerImpl:139 === Logging of event-handlers skipped ===
2025-12-09T14:07:27,276  INFO org.matsim.core.events.EventsManagerImpl:140 To enable debug output, set an environment variable i.e. export LOG_LEVEL='debug', or set log.setLogLevel(Level.DEBUG) in your run class.
2025-12-09T14:07:27,276  INFO org.matsim.core.events.EventsManagerImpl:210     > org.matsim.api.core.v01.events.Event
2025-12-09T14:07:27,276  INFO org.matsim.core.events.EventsManagerImpl:139 === Logging of event-handlers skipped ===
2025-12-09T14:07:27,276  INFO org.matsim.core.events.EventsManagerImpl:140 To enable debug output, set an environment variable i.e. export LOG_LEVEL='debug', or set log.setLogLevel(Level.DEBUG) in your run class.
2025-12-09T14:07:27,276  INFO org.matsim.core.events.EventsManagerImpl:210     > org.matsim.api.core.v01.events.Event
2025-12-09T14:07:27,277  INFO org.matsim.analysis.CalcLinkStats:151  resetting `count' to zero.  This info is here since we want to check when this is happening during normal simulation runs.  kai, jan'11
2025-12-09T14:07:27,278  INFO org.matsim.core.events.EventsManagerImpl:139 === Logging of event-handlers skipped ===
2025-12-09T14:07:27,278  INFO org.matsim.core.events.EventsManagerImpl:140 To enable debug output, set an environment variable i.e. export LOG_LEVEL='debug', or set log.setLogLevel(Level.DEBUG) in your run class.
2025-12-09T14:07:27,278  INFO org.matsim.core.events.EventsManagerImpl:210     > org.matsim.api.core.v01.events.LinkLeaveEvent
2025-12-09T14:07:27,278  INFO org.matsim.core.events.EventsManagerImpl:210     > org.matsim.api.core.v01.events.VehicleEntersTrafficEvent
2025-12-09T14:07:27,278  INFO org.matsim.core.events.EventsManagerImpl:139 === Logging of event-handlers skipped ===
2025-12-09T14:07:27,278  INFO org.matsim.core.events.EventsManagerImpl:140 To enable debug output, set an environment variable i.e. export LOG_LEVEL='debug', or set log.setLogLevel(Level.DEBUG) in your run class.
2025-12-09T14:07:27,278  INFO org.matsim.core.events.EventsManagerImpl:210     > org.matsim.api.core.v01.events.LinkLeaveEvent
2025-12-09T14:07:27,278  INFO org.matsim.core.events.EventsManagerImpl:210     > org.matsim.api.core.v01.events.VehicleEntersTrafficEvent
2025-12-09T14:07:27,278  INFO org.matsim.core.events.EventsManagerImpl:139 === Logging of event-handlers skipped ===
2025-12-09T14:07:27,278  INFO org.matsim.core.events.EventsManagerImpl:140 To enable debug output, set an environment variable i.e. export LOG_LEVEL='debug', or set log.setLogLevel(Level.DEBUG) in your run class.
2025-12-09T14:07:27,279  INFO org.matsim.core.events.EventsManagerImpl:210     > org.matsim.api.core.v01.events.PersonDepartureEvent
2025-12-09T14:07:27,279  INFO org.matsim.core.events.EventsManagerImpl:210     > org.matsim.api.core.v01.events.PersonArrivalEvent
2025-12-09T14:07:27,279  INFO org.matsim.core.events.EventsManagerImpl:210     > org.matsim.api.core.v01.events.PersonStuckEvent
2025-12-09T14:07:27,279  INFO org.matsim.core.events.EventsManagerImpl:139 === Logging of event-handlers skipped ===
2025-12-09T14:07:27,279  INFO org.matsim.core.events.EventsManagerImpl:140 To enable debug output, set an environment variable i.e. export LOG_LEVEL='debug', or set log.setLogLevel(Level.DEBUG) in your run class.
2025-12-09T14:07:27,279  INFO org.matsim.core.events.EventsManagerImpl:210     > org.matsim.api.core.v01.events.PersonDepartureEvent
2025-12-09T14:07:27,279  INFO org.matsim.core.events.EventsManagerImpl:210     > org.matsim.api.core.v01.events.PersonArrivalEvent
2025-12-09T14:07:27,279  INFO org.matsim.core.events.EventsManagerImpl:210     > org.matsim.api.core.v01.events.PersonStuckEvent
2025-12-09T14:07:27,286  INFO org.matsim.core.controler.AbstractController:57 Used Controler-Class: org.matsim.core.controler.NewControler
2025-12-09T14:07:27,286  INFO org.matsim.core.config.Config:421 ConfigConsistencyChecker with runtime type=class org.matsim.core.config.consistency.ConfigConsistencyCheckerImpl was already added; not adding it a second time
2025-12-09T14:07:27,287  INFO org.matsim.core.controler.Injector:81 === printInjector output skipped ===
2025-12-09T14:07:27,287  INFO org.matsim.core.controler.Injector:82 To enable debug output, set an environment variable i.e. export LOG_LEVEL='debug', or set log.setLogLevel(Level.DEBUG) in your run class.
2025-12-09T14:07:27,300  INFO org.matsim.core.gbl.Gbl:64 JVM: 21.0.8; Eclipse Adoptium; mixed mode, sharing; 64-bit
2025-12-09T14:07:27,300  INFO org.matsim.core.gbl.Gbl:68 OS: Mac OS X; 15.7.2; aarch64
2025-12-09T14:07:27,300  INFO org.matsim.core.gbl.Gbl:71 CPU cores: 8
2025-12-09T14:07:27,301  INFO org.matsim.core.gbl.Gbl:72 max. Memory: 4096.0MB (4294967296B)
2025-12-09T14:07:27,301  INFO org.matsim.core.gbl.Gbl:114 MATSim-Build: r7f2ea0d07d20e164b577066595eddc23e3659473 ({2025-04-11 08:55:36})
2025-12-09T14:07:27,302  INFO org.matsim.core.gbl.Gbl:76 Command: org.codehaus.plexus.classworlds.launcher.Launcher -f ../../pom.xml exec:java -Dexec.mainClass=org.matsim.core.controler.Controler -Dexec.args=config_clean.xml
2025-12-09T14:07:27,303  INFO org.matsim.utils.MemoryObserver:42 used RAM: 50 MB  free: 51 MB  total: 102 MB
2025-12-09T14:07:27,303  INFO org.matsim.core.controler.ControlerListenerManagerImpl:112 calling notifyStartup on org.matsim.core.controler.ControlerDefaultsModule$1 with priority 0.0
2025-12-09T14:07:27,354  INFO org.matsim.core.controler.ControlerListenerManagerImpl:112 calling notifyStartup on org.matsim.guice.DependencyGraphControlerListener with priority 0.0
2025-12-09T14:07:27,389  INFO org.matsim.core.controler.ControlerListenerManagerImpl:112 calling notifyStartup on org.matsim.counts.CountsControlerListener with priority 0.0
2025-12-09T14:07:27,389  INFO org.matsim.core.controler.ControlerListenerManagerImpl:112 calling notifyStartup on org.matsim.analysis.ModeChoiceCoverageControlerListener with priority 0.0
2025-12-09T14:07:27,389  INFO org.matsim.core.controler.ControlerListenerManagerImpl:112 calling notifyStartup on org.matsim.analysis.ModeStatsControlerListener with priority 0.0
2025-12-09T14:07:27,389  INFO org.matsim.core.controler.ControlerListenerManagerImpl:112 calling notifyStartup on org.matsim.analysis.ScoreStatsControlerListener with priority 0.0
2025-12-09T14:07:27,389  INFO org.matsim.core.controler.ControlerListenerManagerImpl:115 all ControlerStartupListeners called.
2025-12-09T14:07:27,390  INFO org.matsim.core.controler.ControllerUtils:99 config dump before iterations start
2025-12-09T14:07:27,397  INFO org.matsim.core.controler.ControllerUtils:105 === logging config.xml skipped ===
2025-12-09T14:07:27,397  INFO org.matsim.core.controler.ControllerUtils:106 To enable debug output, set an environment variable i.e. export LOG_LEVEL='debug', or set log.setLogLevel(Level.DEBUG) in your run class.
2025-12-09T14:07:27,397  INFO org.matsim.core.controler.ControllerUtils:110 Complete config dump done.
2025-12-09T14:07:27,397  INFO org.matsim.core.controler.ControllerUtils:111 Checking consistency of config...
2025-12-09T14:07:27,397  INFO org.matsim.core.config.groups.ScoringConfigGroup:1607 NO OPENING OR CLOSING TIMES DEFINED!

There is no activity type that has an opening *and* closing time (or opening time and late penalty) defined.
This usually means that the activity chains can be shifted by an arbitrary
number of hours without having an effect on the score of the plans, and thus
resulting in wrong results / traffic patterns.
If you are using MATSim without time adaptation, you can ignore this warning.


2025-12-09T14:07:27,398  INFO org.matsim.core.config.consistency.VspConfigConsistencyCheckerImpl:62 NOT running vsp config consistency check because vsp defaults checking level is set to IGNORE
2025-12-09T14:07:27,399  INFO org.matsim.core.controler.ControllerUtils:113 Checking consistency of config done.
2025-12-09T14:07:27,400  WARN org.matsim.core.controler.PrepareForSim:265 'usePersonIdForMissingVehicleId' is deprecated. It will be removed soon.
2025-12-09T14:07:27,401  INFO org.matsim.core.utils.misc.Counter:70 [VehiclesImpl] added vehicle # 1
2025-12-09T14:07:27,401  INFO org.matsim.core.utils.misc.Counter:70 [VehiclesImpl] added vehicle # 2
2025-12-09T14:07:27,401  INFO org.matsim.core.utils.misc.Counter:70 [VehiclesImpl] added vehicle # 4
2025-12-09T14:07:27,401  INFO org.matsim.core.utils.misc.Counter:70 [VehiclesImpl] added vehicle # 8
2025-12-09T14:07:27,401  INFO org.matsim.core.utils.misc.Counter:70 [VehiclesImpl] added vehicle # 16
2025-12-09T14:07:27,401  INFO org.matsim.core.utils.misc.Counter:70 [VehiclesImpl] added vehicle # 32
2025-12-09T14:07:27,401  INFO org.matsim.core.utils.misc.Counter:70 [VehiclesImpl] added vehicle # 64
2025-12-09T14:07:27,402  INFO org.matsim.core.utils.misc.Counter:70 [VehiclesImpl] added vehicle # 128
2025-12-09T14:07:27,402  INFO org.matsim.core.utils.misc.Counter:70 [VehiclesImpl] added vehicle # 256
2025-12-09T14:07:27,406  INFO org.matsim.core.router.speedy.SpeedyALTData:51 find dead ends...
2025-12-09T14:07:27,406  INFO org.matsim.core.router.speedy.SpeedyALTData:132 calculate landmarks...
2025-12-09T14:07:27,410  INFO org.matsim.core.router.speedy.SpeedyALTData:173 calculate min travelcost...
2025-12-09T14:07:27,411  INFO org.matsim.core.network.NetworkImpl:165  node # 1
2025-12-09T14:07:27,411  INFO org.matsim.core.network.NetworkImpl:165  node # 4
2025-12-09T14:07:27,411  INFO org.matsim.core.network.NetworkImpl:165  node # 16
2025-12-09T14:07:27,411  INFO org.matsim.core.network.NetworkImpl:165  node # 64
2025-12-09T14:07:27,412  INFO org.matsim.core.network.NetworkImpl:161  link # 1
2025-12-09T14:07:27,412  INFO org.matsim.core.network.NetworkImpl:161  link # 4
2025-12-09T14:07:27,412  INFO org.matsim.core.network.NetworkImpl:161  link # 16
2025-12-09T14:07:27,412  INFO org.matsim.core.network.NetworkImpl:161  link # 64
2025-12-09T14:07:27,413  INFO org.matsim.core.network.NetworkImpl:161  link # 256
2025-12-09T14:07:27,414  INFO org.matsim.core.router.NetworkRoutingProvider:151 Checking network for mode 'car' for consistency...
2025-12-09T14:07:27,416  INFO org.matsim.core.network.algorithms.MultimodalNetworkCleaner:104 running org.matsim.core.network.algorithms.MultimodalNetworkCleaner algorithm for modes [car] with connectivity modes []...
2025-12-09T14:07:27,416  INFO org.matsim.core.network.algorithms.MultimodalNetworkCleaner:108   checking 122 nodes and 267 links for dead-ends...
2025-12-09T14:07:27,418  INFO org.matsim.core.network.algorithms.MultimodalNetworkCleaner:126     The biggest cluster consists of 262 links.
2025-12-09T14:07:27,418  INFO org.matsim.core.network.algorithms.MultimodalNetworkCleaner:127   done.
2025-12-09T14:07:27,418  INFO org.matsim.core.network.algorithms.MultimodalNetworkCleaner:151   resulting network contains 120 nodes and 262 links.
2025-12-09T14:07:27,418  INFO org.matsim.core.network.algorithms.MultimodalNetworkCleaner:153 done.
2025-12-09T14:07:27,420 ERROR org.matsim.core.router.NetworkRoutingProvider:160 Network for mode 'car' has unreachable links and nodes. This may be caused by mode restrictions on certain links. Aborting.
 If you restricted modes on some links, consider doing that with NetworkUtils.restrictModesAndCleanNetwork(). This makes sure, that the network is consistent for each mode.
 If this network topology is intended, set the routing config parameter 'networkRouteConsistencyCheck' to 'disable'.
2025-12-09T14:07:27,421 ERROR org.matsim.core.controler.MatsimRuntimeModifications:76 Getting uncaught Exception in Thread org.matsim.core.controler.Controler.main()
com.google.inject.ProvisionException: Unable to provision, see the following errors:

1) [Guice/ErrorInCustomProvider]: RuntimeException: Network for mode 'car' has unreachable links and nodes. This may be caused by mode restrictions on certain links. Aborting.
  at TripRouterModule.install(TripRouterModule.java:68)
      \_ installed by: Modules$CombinedModule -> Modules$CombinedModule -> AbstractModule$6 -> Modules$OverrideModule -> Controler$2 -> ControlerDefaultsModule -> TripRouterModule
  while locating RoutingModule annotated with @Named("car")
  while locating RoutingModule annotated with @Element(setName=,uniqueId=104, type=MAPBINDER, keyType=String)
  at TripRouter.<init>(TripRouter.java:94)
  while locating TripRouter

Learn more:
  https://github.com/google/guice/wiki/ERROR_IN_CUSTOM_PROVIDER

1 error

======================
Full classname legend:
======================
AbstractModule$6:        "org.matsim.core.controler.AbstractModule$6"
Controler$2:             "org.matsim.core.controler.Controler$2"
ControlerDefaultsModule: "org.matsim.core.controler.ControlerDefaultsModule"
Element:                 "com.google.inject.internal.Element"
Modules$CombinedModule:  "com.google.inject.util.Modules$CombinedModule"
Modules$OverrideModule:  "com.google.inject.util.Modules$OverrideModule"
Named:                   "com.google.inject.name.Named"
RoutingModule:           "org.matsim.core.router.RoutingModule"
TripRouter:              "org.matsim.core.router.TripRouter"
TripRouterModule:        "org.matsim.core.router.TripRouterModule"
========================
End of classname legend:
========================

	at com.google.inject.internal.InternalProvisionException.toProvisionException(InternalProvisionException.java:251) ~[guice-7.0.0.jar:?]
	at com.google.inject.internal.InjectorImpl$1.get(InjectorImpl.java:1151) ~[guice-7.0.0.jar:?]
	at org.matsim.core.controler.PrepareForSimImpl.lambda$run$0(PrepareForSimImpl.java:194) ~[matsim-2025.0.jar:?]
	at org.matsim.core.population.algorithms.ParallelPersonAlgorithmUtils.run(ParallelPersonAlgorithmUtils.java:87) ~[matsim-2025.0.jar:?]
	at org.matsim.core.controler.PrepareForSimImpl.run(PrepareForSimImpl.java:193) ~[matsim-2025.0.jar:?]
	at org.matsim.core.controler.NewControler.prepareForSim(NewControler.java:114) ~[matsim-2025.0.jar:?]
	at org.matsim.core.controler.AbstractController$1.run(AbstractController.java:83) ~[matsim-2025.0.jar:?]
	at org.matsim.core.controler.MatsimRuntimeModifications.run(MatsimRuntimeModifications.java:70) ~[matsim-2025.0.jar:?]
	at org.matsim.core.controler.MatsimRuntimeModifications.run(MatsimRuntimeModifications.java:53) ~[matsim-2025.0.jar:?]
	at org.matsim.core.controler.AbstractController.run(AbstractController.java:92) ~[matsim-2025.0.jar:?]
	at org.matsim.core.controler.NewControler.run(NewControler.java:83) ~[matsim-2025.0.jar:?]
	at org.matsim.core.controler.Controler.run(Controler.java:259) ~[matsim-2025.0.jar:?]
	at org.matsim.core.controler.Controler.main(Controler.java:144) ~[matsim-2025.0.jar:?]
	at java.base/jdk.internal.reflect.DirectMethodHandleAccessor.invoke(DirectMethodHandleAccessor.java:103) ~[?:?]
	at java.base/java.lang.reflect.Method.invoke(Method.java:580) ~[?:?]
	at org.codehaus.mojo.exec.AbstractExecJavaBase.executeMainMethod(AbstractExecJavaBase.java:402) ~[?:?]
	at org.codehaus.mojo.exec.ExecJavaMojo.executeMainMethod(ExecJavaMojo.java:142) ~[?:?]
	at org.codehaus.mojo.exec.AbstractExecJavaBase.doExecClassLoader(AbstractExecJavaBase.java:377) ~[?:?]
	at org.codehaus.mojo.exec.AbstractExecJavaBase.lambda$execute$0(AbstractExecJavaBase.java:287) ~[?:?]
	at java.base/java.lang.Thread.run(Thread.java:1583) [?:?]
Caused by: java.lang.RuntimeException: Network for mode 'car' has unreachable links and nodes. This may be caused by mode restrictions on certain links. Aborting.
	at org.matsim.core.router.NetworkRoutingProvider.checkNetwork(NetworkRoutingProvider.java:162) ~[matsim-2025.0.jar:?]
	at org.matsim.core.router.NetworkRoutingProvider.get(NetworkRoutingProvider.java:101) ~[matsim-2025.0.jar:?]
	at org.matsim.core.router.NetworkRoutingProvider.get(NetworkRoutingProvider.java:46) ~[matsim-2025.0.jar:?]
	at com.google.inject.internal.ProviderInternalFactory.provision(ProviderInternalFactory.java:86) ~[guice-7.0.0.jar:?]
	at com.google.inject.internal.InternalFactoryToInitializableAdapter.provision(InternalFactoryToInitializableAdapter.java:57) ~[guice-7.0.0.jar:?]
	at com.google.inject.internal.ProviderInternalFactory.circularGet(ProviderInternalFactory.java:60) ~[guice-7.0.0.jar:?]
	at com.google.inject.internal.InternalFactoryToInitializableAdapter.get(InternalFactoryToInitializableAdapter.java:47) ~[guice-7.0.0.jar:?]
	at com.google.inject.internal.FactoryProxy.get(FactoryProxy.java:60) ~[guice-7.0.0.jar:?]
	at com.google.inject.internal.InjectorImpl$1.get(InjectorImpl.java:1148) ~[guice-7.0.0.jar:?]
	at org.matsim.core.router.TripRouter.<init>(TripRouter.java:98) ~[matsim-2025.0.jar:?]
	at org.matsim.core.router.TripRouter$$FastClassByGuice$$e80e84.GUICE$TRAMPOLINE(<generated>) ~[?:?]
	at org.matsim.core.router.TripRouter$$FastClassByGuice$$e80e84.apply(<generated>) ~[?:?]
	at com.google.inject.internal.DefaultConstructionProxyFactory$FastClassProxy.newInstance(DefaultConstructionProxyFactory.java:82) ~[guice-7.0.0.jar:?]
	at com.google.inject.internal.ConstructorInjector.provision(ConstructorInjector.java:114) ~[guice-7.0.0.jar:?]
	at com.google.inject.internal.ConstructorInjector.construct(ConstructorInjector.java:91) ~[guice-7.0.0.jar:?]
	at com.google.inject.internal.ConstructorBindingImpl$Factory.get(ConstructorBindingImpl.java:300) ~[guice-7.0.0.jar:?]
	at com.google.inject.internal.InjectorImpl$1.get(InjectorImpl.java:1148) ~[guice-7.0.0.jar:?]
	... 18 more
2025-12-09T14:07:27,434  INFO org.matsim.core.controler.MatsimRuntimeModifications:80 S H U T D O W N   ---   start shutdown.
2025-12-09T14:07:27,434 ERROR org.matsim.core.controler.MatsimRuntimeModifications:82 ERROR --- This is an unexpected shutdown!
2025-12-09T14:07:27,434 ERROR org.matsim.core.controler.MatsimRuntimeModifications:85 Shutdown possibly caused by the following Exception:
com.google.inject.ProvisionException: Unable to provision, see the following errors:

1) [Guice/ErrorInCustomProvider]: RuntimeException: Network for mode 'car' has unreachable links and nodes. This may be caused by mode restrictions on certain links. Aborting.
  at TripRouterModule.install(TripRouterModule.java:68)
      \_ installed by: Modules$CombinedModule -> Modules$CombinedModule -> AbstractModule$6 -> Modules$OverrideModule -> Controler$2 -> ControlerDefaultsModule -> TripRouterModule
  while locating RoutingModule annotated with @Named("car")
  while locating RoutingModule annotated with @Element(setName=,uniqueId=104, type=MAPBINDER, keyType=String)
  at TripRouter.<init>(TripRouter.java:94)
  while locating TripRouter

Learn more:
  https://github.com/google/guice/wiki/ERROR_IN_CUSTOM_PROVIDER

1 error

======================
Full classname legend:
======================
AbstractModule$6:        "org.matsim.core.controler.AbstractModule$6"
Controler$2:             "org.matsim.core.controler.Controler$2"
ControlerDefaultsModule: "org.matsim.core.controler.ControlerDefaultsModule"
Element:                 "com.google.inject.internal.Element"
Modules$CombinedModule:  "com.google.inject.util.Modules$CombinedModule"
Modules$OverrideModule:  "com.google.inject.util.Modules$OverrideModule"
Named:                   "com.google.inject.name.Named"
RoutingModule:           "org.matsim.core.router.RoutingModule"
TripRouter:              "org.matsim.core.router.TripRouter"
TripRouterModule:        "org.matsim.core.router.TripRouterModule"
========================
End of classname legend:
========================

	at com.google.inject.internal.InternalProvisionException.toProvisionException(InternalProvisionException.java:251) ~[guice-7.0.0.jar:?]
	at com.google.inject.internal.InjectorImpl$1.get(InjectorImpl.java:1151) ~[guice-7.0.0.jar:?]
	at org.matsim.core.controler.PrepareForSimImpl.lambda$run$0(PrepareForSimImpl.java:194) ~[matsim-2025.0.jar:?]
	at org.matsim.core.population.algorithms.ParallelPersonAlgorithmUtils.run(ParallelPersonAlgorithmUtils.java:87) ~[matsim-2025.0.jar:?]
	at org.matsim.core.controler.PrepareForSimImpl.run(PrepareForSimImpl.java:193) ~[matsim-2025.0.jar:?]
	at org.matsim.core.controler.NewControler.prepareForSim(NewControler.java:114) ~[matsim-2025.0.jar:?]
	at org.matsim.core.controler.AbstractController$1.run(AbstractController.java:83) ~[matsim-2025.0.jar:?]
	at org.matsim.core.controler.MatsimRuntimeModifications.run(MatsimRuntimeModifications.java:70) ~[matsim-2025.0.jar:?]
	at org.matsim.core.controler.MatsimRuntimeModifications.run(MatsimRuntimeModifications.java:53) ~[matsim-2025.0.jar:?]
	at org.matsim.core.controler.AbstractController.run(AbstractController.java:92) ~[matsim-2025.0.jar:?]
	at org.matsim.core.controler.NewControler.run(NewControler.java:83) ~[matsim-2025.0.jar:?]
	at org.matsim.core.controler.Controler.run(Controler.java:259) ~[matsim-2025.0.jar:?]
	at org.matsim.core.controler.Controler.main(Controler.java:144) ~[matsim-2025.0.jar:?]
	at java.base/jdk.internal.reflect.DirectMethodHandleAccessor.invoke(DirectMethodHandleAccessor.java:103) ~[?:?]
	at java.base/java.lang.reflect.Method.invoke(Method.java:580) ~[?:?]
	at org.codehaus.mojo.exec.AbstractExecJavaBase.executeMainMethod(AbstractExecJavaBase.java:402) ~[?:?]
	at org.codehaus.mojo.exec.ExecJavaMojo.executeMainMethod(ExecJavaMojo.java:142) ~[?:?]
	at org.codehaus.mojo.exec.AbstractExecJavaBase.doExecClassLoader(AbstractExecJavaBase.java:377) ~[?:?]
	at org.codehaus.mojo.exec.AbstractExecJavaBase.lambda$execute$0(AbstractExecJavaBase.java:287) ~[?:?]
	at java.base/java.lang.Thread.run(Thread.java:1583) [?:?]
Caused by: java.lang.RuntimeException: Network for mode 'car' has unreachable links and nodes. This may be caused by mode restrictions on certain links. Aborting.
	at org.matsim.core.router.NetworkRoutingProvider.checkNetwork(NetworkRoutingProvider.java:162) ~[matsim-2025.0.jar:?]
	at org.matsim.core.router.NetworkRoutingProvider.get(NetworkRoutingProvider.java:101) ~[matsim-2025.0.jar:?]
	at org.matsim.core.router.NetworkRoutingProvider.get(NetworkRoutingProvider.java:46) ~[matsim-2025.0.jar:?]
	at com.google.inject.internal.ProviderInternalFactory.provision(ProviderInternalFactory.java:86) ~[guice-7.0.0.jar:?]
	at com.google.inject.internal.InternalFactoryToInitializableAdapter.provision(InternalFactoryToInitializableAdapter.java:57) ~[guice-7.0.0.jar:?]
	at com.google.inject.internal.ProviderInternalFactory.circularGet(ProviderInternalFactory.java:60) ~[guice-7.0.0.jar:?]
	at com.google.inject.internal.InternalFactoryToInitializableAdapter.get(InternalFactoryToInitializableAdapter.java:47) ~[guice-7.0.0.jar:?]
	at com.google.inject.internal.FactoryProxy.get(FactoryProxy.java:60) ~[guice-7.0.0.jar:?]
	at com.google.inject.internal.InjectorImpl$1.get(InjectorImpl.java:1148) ~[guice-7.0.0.jar:?]
	at org.matsim.core.router.TripRouter.<init>(TripRouter.java:98) ~[matsim-2025.0.jar:?]
	at org.matsim.core.router.TripRouter$$FastClassByGuice$$e80e84.GUICE$TRAMPOLINE(<generated>) ~[?:?]
	at org.matsim.core.router.TripRouter$$FastClassByGuice$$e80e84.apply(<generated>) ~[?:?]
	at com.google.inject.internal.DefaultConstructionProxyFactory$FastClassProxy.newInstance(DefaultConstructionProxyFactory.java:82) ~[guice-7.0.0.jar:?]
	at com.google.inject.internal.ConstructorInjector.provision(ConstructorInjector.java:114) ~[guice-7.0.0.jar:?]
	at com.google.inject.internal.ConstructorInjector.construct(ConstructorInjector.java:91) ~[guice-7.0.0.jar:?]
	at com.google.inject.internal.ConstructorBindingImpl$Factory.get(ConstructorBindingImpl.java:300) ~[guice-7.0.0.jar:?]
	at com.google.inject.internal.InjectorImpl$1.get(InjectorImpl.java:1148) ~[guice-7.0.0.jar:?]
	... 18 more
2025-12-09T14:07:27,436  INFO org.matsim.core.controler.ControlerListenerManagerImpl:128 calling notifyShutdown on org.matsim.core.controler.corelisteners.EventsHandlingImpl with priority 0.0
2025-12-09T14:07:27,436  INFO org.matsim.core.controler.ControlerListenerManagerImpl:128 calling notifyShutdown on org.matsim.core.controler.corelisteners.DumpDataAtEndImpl with priority 0.0
2025-12-09T14:07:27,436  INFO org.matsim.core.controler.ControlerListenerManagerImpl:135 calling notifyShutdown on org.matsim.analysis.ModeChoiceCoverageControlerListener with priority 0.0
2025-12-09T14:07:27,436  INFO org.matsim.core.controler.ControlerListenerManagerImpl:135 calling notifyShutdown on org.matsim.analysis.ScoreStatsControlerListener with priority 0.0
2025-12-09T14:07:27,436  INFO org.matsim.core.controler.ControlerListenerManagerImpl:135 calling notifyShutdown on org.matsim.analysis.IterationTravelStatsControlerListener with priority 0.0
2025-12-09T14:07:27,437  INFO org.matsim.analysis.PersonWriter:36 Writing all Persons to personscsv
2025-12-09T14:07:27,452  INFO org.matsim.analysis.PersonWriter:54 ...done
2025-12-09T14:07:27,452  INFO org.matsim.core.controler.ControlerListenerManagerImpl:135 calling notifyShutdown on org.matsim.analysis.LinkStatsControlerListener with priority 0.0
2025-12-09T14:07:27,457  INFO org.matsim.core.controler.ControlerListenerManagerImpl:138 all ControlerShutdownListeners called.
2025-12-09T14:07:27,457 ERROR org.matsim.core.controler.MatsimRuntimeModifications:100 ERROR --- MATSim unexpectedly terminated. Please check the output or the logfile with warnings and errors for hints.
2025-12-09T14:07:27,457 ERROR org.matsim.core.controler.MatsimRuntimeModifications:101 ERROR --- results should not be used for further analysis.
2025-12-09T14:07:27,457  INFO org.matsim.core.controler.MatsimRuntimeModifications:103 S H U T D O W N   ---   shutdown completed.
2025-12-09T14:07:27,457 ERROR org.matsim.core.controler.MatsimRuntimeModifications:105 ERROR --- This was an unexpected shutdown! See the log file for a possible reason.
2025-12-09T14:07:27,460  INFO org.matsim.utils.MemoryObserver:42 used RAM: 71 MB  free: 30 MB  total: 102 MB
2025-12-09T14:08:43,370  INFO org.matsim.core.utils.io.IOUtils:224 Resolved config_clean.xml to config_clean.xml
2025-12-09T14:08:43,373  INFO org.matsim.core.config.Config:461 setting context to [file:/Users/ro9air/matsim-example-project/5000_disatar/lenzen_output/]
2025-12-09T14:08:43,401  INFO org.hibernate.validator.internal.util.Version:21 HV000001: Hibernate Validator 8.0.1.Final
2025-12-09T14:08:43,473  INFO org.matsim.core.utils.io.MatsimXmlParser:170 starting to parse xml from url file:/Users/ro9air/matsim-example-project/5000_disatar/lenzen_output/config_clean.xml ...
2025-12-09T14:08:43,490  INFO org.matsim.core.config.ConfigReader:105 using config_v2-reader
2025-12-09T14:08:43,490  INFO org.matsim.core.utils.io.MatsimXmlParser:296 Trying to load http://www.matsim.org/files/dtd/config_v2.dtd. In some cases (e.g. network interface up but no connection), this may take a bit.
2025-12-09T14:08:44,036  INFO org.matsim.core.config.groups.GlobalConfigGroup:99 setting number of threads to: 2
2025-12-09T14:08:44,041  INFO org.matsim.core.config.groups.ScoringConfigGroup:555 scoring parameters for subpopulation null were just replaced.
2025-12-09T14:08:44,044  INFO org.matsim.core.config.Config:461 setting context to [file:/Users/ro9air/matsim-example-project/5000_disatar/lenzen_output/config_clean.xml]
2025-12-09T14:08:44,045  INFO org.matsim.core.config.groups.ScoringConfigGroup:1607 NO OPENING OR CLOSING TIMES DEFINED!

There is no activity type that has an opening *and* closing time (or opening time and late penalty) defined.
This usually means that the activity chains can be shifted by an arbitrary
number of hours without having an effect on the score of the plans, and thus
resulting in wrong results / traffic patterns.
If you are using MATSim without time adaptation, you can ignore this warning.


2025-12-09T14:08:44,046  INFO org.matsim.core.config.consistency.VspConfigConsistencyCheckerImpl:62 NOT running vsp config consistency check because vsp defaults checking level is set to IGNORE
2025-12-09T14:08:44,329  INFO org.matsim.core.events.SimStepParallelEventsManagerImpl:83 number of threads=1
2025-12-09T14:08:44,329  INFO org.matsim.core.scenario.ScenarioLoaderImpl:135 loading network from file:/Users/ro9air/matsim-example-project/5000_disatar/lenzen_output/network_clean.xml.gz
2025-12-09T14:08:44,330  INFO org.matsim.core.utils.io.MatsimXmlParser:170 starting to parse xml from url file:/Users/ro9air/matsim-example-project/5000_disatar/lenzen_output/network_clean.xml.gz ...
2025-12-09T14:08:44,366  INFO org.matsim.core.network.io.MatsimNetworkReader:122 using network_v2-reader.
2025-12-09T14:08:44,366  INFO org.matsim.core.utils.io.MatsimXmlParser:296 Trying to load http://www.matsim.org/files/dtd/network_v2.dtd. In some cases (e.g. network interface up but no connection), this may take a bit.
2025-12-09T14:08:44,635  INFO org.matsim.core.network.NetworkImpl:165  node # 1
2025-12-09T14:08:44,635  INFO org.matsim.core.network.NetworkImpl:165  node # 4
2025-12-09T14:08:44,636  INFO org.matsim.core.network.NetworkImpl:165  node # 16
2025-12-09T14:08:44,638  INFO org.matsim.core.network.NetworkImpl:165  node # 64
2025-12-09T14:08:44,643  INFO org.matsim.core.network.NetworkImpl:161  link # 1
2025-12-09T14:08:44,643  INFO org.matsim.core.network.NetworkImpl:161  link # 4
2025-12-09T14:08:44,644  INFO org.matsim.core.network.NetworkImpl:161  link # 16
2025-12-09T14:08:44,648  INFO org.matsim.core.network.NetworkImpl:161  link # 64
2025-12-09T14:08:44,658  INFO org.matsim.core.network.NetworkImpl:161  link # 256
2025-12-09T14:08:44,659  INFO org.matsim.core.scenario.ScenarioLoaderImpl:172 no facilities file set in config, therefore not loading any facilities.  This is not a problem except if you are using facilities
2025-12-09T14:08:44,659  INFO org.matsim.core.scenario.ScenarioLoaderImpl:188 no facility-attributes file set in config, not loading any facility attributes
2025-12-09T14:08:44,659  INFO org.matsim.core.scenario.ScenarioLoaderImpl:196 loading population from file:/Users/ro9air/matsim-example-project/5000_disatar/lenzen_output/population.xml.gz
2025-12-09T14:08:44,661  INFO org.matsim.core.utils.io.MatsimXmlParser:170 starting to parse xml from url file:/Users/ro9air/matsim-example-project/5000_disatar/lenzen_output/population.xml.gz ...
2025-12-09T14:08:44,663  INFO org.matsim.core.population.io.PopulationReader:135 using population_v6-reader.
2025-12-09T14:08:44,663  INFO org.matsim.core.utils.io.MatsimXmlParser:296 Trying to load http://www.matsim.org/files/dtd/population_v6.dtd. In some cases (e.g. network interface up but no connection), this may take a bit.
2025-12-09T14:08:44,932  INFO org.matsim.core.population.io.ParallelPopulationReaderMatsimV6:168 Start parallel population reading...
2025-12-09T14:08:44,937  INFO org.matsim.core.population.PopulationImpl:111  person # 1
2025-12-09T14:08:44,937  INFO org.matsim.core.population.PopulationImpl:111  person # 4
2025-12-09T14:08:44,938  INFO org.matsim.core.population.PopulationImpl:111  person # 16
2025-12-09T14:08:44,940  INFO org.matsim.core.population.PopulationImpl:111  person # 64
2025-12-09T14:08:44,947  INFO org.matsim.core.population.PopulationImpl:111  person # 256
2025-12-09T14:08:44,952  INFO org.matsim.core.population.io.ParallelPopulationReaderMatsimV6:238 Finished parallel population reading...
2025-12-09T14:08:44,952  INFO org.matsim.core.population.PopulationUtils:1145  person # 472
2025-12-09T14:08:44,952  INFO org.matsim.core.scenario.ScenarioLoaderImpl:244 no person-attributes file set in config, not loading any person attributes
2025-12-09T14:08:44,952  INFO org.matsim.core.scenario.ScenarioLoaderImpl:258 no households file set in config, not loading households
2025-12-09T14:08:44,953  INFO org.matsim.core.scenario.ScenarioLoaderImpl:292 no transit schedule file set in config, not loading any transit schedule
2025-12-09T14:08:44,953  INFO org.matsim.core.scenario.ScenarioLoaderImpl:333 no transit vehicles file set in config, not loading any transit vehicles
2025-12-09T14:08:44,955  INFO org.matsim.core.events.EventsManagerImpl:139 === Logging of event-handlers skipped ===
2025-12-09T14:08:44,955  INFO org.matsim.core.events.EventsManagerImpl:140 To enable debug output, set an environment variable i.e. export LOG_LEVEL='debug', or set log.setLogLevel(Level.DEBUG) in your run class.
2025-12-09T14:08:44,955  INFO org.matsim.core.events.EventsManagerImpl:210     > org.matsim.api.core.v01.events.LinkEnterEvent
2025-12-09T14:08:44,955  INFO org.matsim.core.events.EventsManagerImpl:210     > org.matsim.api.core.v01.events.LinkLeaveEvent
2025-12-09T14:08:44,955  INFO org.matsim.core.events.EventsManagerImpl:210     > org.matsim.api.core.v01.events.VehicleEntersTrafficEvent
2025-12-09T14:08:44,955  INFO org.matsim.core.events.EventsManagerImpl:210     > org.matsim.api.core.v01.events.VehicleLeavesTrafficEvent
2025-12-09T14:08:44,955  INFO org.matsim.core.events.EventsManagerImpl:210     > org.matsim.core.api.experimental.events.VehicleArrivesAtFacilityEvent
2025-12-09T14:08:44,956  INFO org.matsim.core.events.EventsManagerImpl:210     > org.matsim.api.core.v01.events.VehicleAbortsEvent
2025-12-09T14:08:44,956  INFO org.matsim.core.events.EventsManagerImpl:139 === Logging of event-handlers skipped ===
2025-12-09T14:08:44,956  INFO org.matsim.core.events.EventsManagerImpl:140 To enable debug output, set an environment variable i.e. export LOG_LEVEL='debug', or set log.setLogLevel(Level.DEBUG) in your run class.
2025-12-09T14:08:44,956  INFO org.matsim.core.events.EventsManagerImpl:210     > org.matsim.api.core.v01.events.LinkEnterEvent
2025-12-09T14:08:44,956  INFO org.matsim.core.events.EventsManagerImpl:210     > org.matsim.api.core.v01.events.LinkLeaveEvent
2025-12-09T14:08:44,956  INFO org.matsim.core.events.EventsManagerImpl:210     > org.matsim.api.core.v01.events.VehicleEntersTrafficEvent
2025-12-09T14:08:44,956  INFO org.matsim.core.events.EventsManagerImpl:210     > org.matsim.api.core.v01.events.VehicleLeavesTrafficEvent
2025-12-09T14:08:44,956  INFO org.matsim.core.events.EventsManagerImpl:210     > org.matsim.core.api.experimental.events.VehicleArrivesAtFacilityEvent
2025-12-09T14:08:44,956  INFO org.matsim.core.events.EventsManagerImpl:210     > org.matsim.api.core.v01.events.VehicleAbortsEvent
2025-12-09T14:08:44,958  INFO org.matsim.core.controler.OutputDirectoryHierarchy:284 ###########################################################
2025-12-09T14:08:44,958  INFO org.matsim.core.controler.OutputDirectoryHierarchy:285 ### THE CONTROLER WILL DELETE THE EXISTING OUTPUT DIRECTORY:
2025-12-09T14:08:44,958  INFO org.matsim.core.controler.OutputDirectoryHierarchy:286 ### ./output
2025-12-09T14:08:44,958  WARN org.matsim.core.controler.OutputDirectoryHierarchy:287 ### full path: /Users/ro9air/matsim-example-project/5000_disatar/lenzen_output/./output
2025-12-09T14:08:44,958  INFO org.matsim.core.controler.OutputDirectoryHierarchy:288 ###########################################################
2025-12-09T14:08:44,962  INFO org.matsim.core.replanning.StrategyManager:77 global innovation switch off after iteration: 2147483647
2025-12-09T14:08:44,964  INFO org.matsim.core.replanning.GenericStrategyManagerImpl:332 added change request:  iteration=-2147483648 newWeight=0.0 strategy=RandomPlanSelector_ReRoute
2025-12-09T14:08:44,964  INFO org.matsim.core.replanning.GenericStrategyManagerImpl:364 setting PlanSelectorForRemoval to class org.matsim.core.replanning.selectors.WorstPlanForRemovalSelector
2025-12-09T14:08:44,965  INFO org.matsim.core.events.EventsManagerImpl:139 === Logging of event-handlers skipped ===
2025-12-09T14:08:44,965  INFO org.matsim.core.events.EventsManagerImpl:140 To enable debug output, set an environment variable i.e. export LOG_LEVEL='debug', or set log.setLogLevel(Level.DEBUG) in your run class.
2025-12-09T14:08:44,965  INFO org.matsim.core.events.EventsManagerImpl:210     > org.matsim.api.core.v01.events.Event
2025-12-09T14:08:44,966  INFO org.matsim.core.events.EventsManagerImpl:139 === Logging of event-handlers skipped ===
2025-12-09T14:08:44,966  INFO org.matsim.core.events.EventsManagerImpl:140 To enable debug output, set an environment variable i.e. export LOG_LEVEL='debug', or set log.setLogLevel(Level.DEBUG) in your run class.
2025-12-09T14:08:44,966  INFO org.matsim.core.events.EventsManagerImpl:210     > org.matsim.api.core.v01.events.Event
2025-12-09T14:08:44,966  INFO org.matsim.analysis.CalcLinkStats:151  resetting `count' to zero.  This info is here since we want to check when this is happening during normal simulation runs.  kai, jan'11
2025-12-09T14:08:44,967  INFO org.matsim.core.events.EventsManagerImpl:139 === Logging of event-handlers skipped ===
2025-12-09T14:08:44,967  INFO org.matsim.core.events.EventsManagerImpl:140 To enable debug output, set an environment variable i.e. export LOG_LEVEL='debug', or set log.setLogLevel(Level.DEBUG) in your run class.
2025-12-09T14:08:44,967  INFO org.matsim.core.events.EventsManagerImpl:210     > org.matsim.api.core.v01.events.LinkLeaveEvent
2025-12-09T14:08:44,967  INFO org.matsim.core.events.EventsManagerImpl:210     > org.matsim.api.core.v01.events.VehicleEntersTrafficEvent
2025-12-09T14:08:44,967  INFO org.matsim.core.events.EventsManagerImpl:139 === Logging of event-handlers skipped ===
2025-12-09T14:08:44,967  INFO org.matsim.core.events.EventsManagerImpl:140 To enable debug output, set an environment variable i.e. export LOG_LEVEL='debug', or set log.setLogLevel(Level.DEBUG) in your run class.
2025-12-09T14:08:44,967  INFO org.matsim.core.events.EventsManagerImpl:210     > org.matsim.api.core.v01.events.LinkLeaveEvent
2025-12-09T14:08:44,967  INFO org.matsim.core.events.EventsManagerImpl:210     > org.matsim.api.core.v01.events.VehicleEntersTrafficEvent
2025-12-09T14:08:44,968  INFO org.matsim.core.events.EventsManagerImpl:139 === Logging of event-handlers skipped ===
2025-12-09T14:08:44,968  INFO org.matsim.core.events.EventsManagerImpl:140 To enable debug output, set an environment variable i.e. export LOG_LEVEL='debug', or set log.setLogLevel(Level.DEBUG) in your run class.
2025-12-09T14:08:44,968  INFO org.matsim.core.events.EventsManagerImpl:210     > org.matsim.api.core.v01.events.PersonDepartureEvent
2025-12-09T14:08:44,968  INFO org.matsim.core.events.EventsManagerImpl:210     > org.matsim.api.core.v01.events.PersonArrivalEvent
2025-12-09T14:08:44,968  INFO org.matsim.core.events.EventsManagerImpl:210     > org.matsim.api.core.v01.events.PersonStuckEvent
2025-12-09T14:08:44,968  INFO org.matsim.core.events.EventsManagerImpl:139 === Logging of event-handlers skipped ===
2025-12-09T14:08:44,968  INFO org.matsim.core.events.EventsManagerImpl:140 To enable debug output, set an environment variable i.e. export LOG_LEVEL='debug', or set log.setLogLevel(Level.DEBUG) in your run class.
2025-12-09T14:08:44,968  INFO org.matsim.core.events.EventsManagerImpl:210     > org.matsim.api.core.v01.events.PersonDepartureEvent
2025-12-09T14:08:44,968  INFO org.matsim.core.events.EventsManagerImpl:210     > org.matsim.api.core.v01.events.PersonArrivalEvent
2025-12-09T14:08:44,968  INFO org.matsim.core.events.EventsManagerImpl:210     > org.matsim.api.core.v01.events.PersonStuckEvent
2025-12-09T14:08:44,975  INFO org.matsim.core.controler.AbstractController:57 Used Controler-Class: org.matsim.core.controler.NewControler
2025-12-09T14:08:44,975  INFO org.matsim.core.config.Config:421 ConfigConsistencyChecker with runtime type=class org.matsim.core.config.consistency.ConfigConsistencyCheckerImpl was already added; not adding it a second time
2025-12-09T14:08:44,975  INFO org.matsim.core.controler.Injector:81 === printInjector output skipped ===
2025-12-09T14:08:44,975  INFO org.matsim.core.controler.Injector:82 To enable debug output, set an environment variable i.e. export LOG_LEVEL='debug', or set log.setLogLevel(Level.DEBUG) in your run class.
2025-12-09T14:08:44,984  INFO org.matsim.core.gbl.Gbl:64 JVM: 21.0.8; Eclipse Adoptium; mixed mode, sharing; 64-bit
2025-12-09T14:08:44,984  INFO org.matsim.core.gbl.Gbl:68 OS: Mac OS X; 15.7.2; aarch64
2025-12-09T14:08:44,984  INFO org.matsim.core.gbl.Gbl:71 CPU cores: 8
2025-12-09T14:08:44,985  INFO org.matsim.core.gbl.Gbl:72 max. Memory: 4096.0MB (4294967296B)
2025-12-09T14:08:44,986  INFO org.matsim.core.gbl.Gbl:114 MATSim-Build: r7f2ea0d07d20e164b577066595eddc23e3659473 ({2025-04-11 08:55:36})
2025-12-09T14:08:44,986  INFO org.matsim.core.gbl.Gbl:76 Command: org.codehaus.plexus.classworlds.launcher.Launcher -f ../../pom.xml exec:java -Dexec.mainClass=org.matsim.core.controler.Controler -Dexec.args=config_clean.xml
2025-12-09T14:08:44,988  INFO org.matsim.utils.MemoryObserver:42 used RAM: 71 MB  free: 54 MB  total: 126 MB
2025-12-09T14:08:44,988  INFO org.matsim.core.controler.ControlerListenerManagerImpl:112 calling notifyStartup on org.matsim.core.controler.ControlerDefaultsModule$1 with priority 0.0
2025-12-09T14:08:45,026  INFO org.matsim.core.controler.ControlerListenerManagerImpl:112 calling notifyStartup on org.matsim.guice.DependencyGraphControlerListener with priority 0.0
2025-12-09T14:08:45,063  INFO org.matsim.core.controler.ControlerListenerManagerImpl:112 calling notifyStartup on org.matsim.counts.CountsControlerListener with priority 0.0
2025-12-09T14:08:45,063  INFO org.matsim.core.controler.ControlerListenerManagerImpl:112 calling notifyStartup on org.matsim.analysis.ModeChoiceCoverageControlerListener with priority 0.0
2025-12-09T14:08:45,063  INFO org.matsim.core.controler.ControlerListenerManagerImpl:112 calling notifyStartup on org.matsim.analysis.ModeStatsControlerListener with priority 0.0
2025-12-09T14:08:45,063  INFO org.matsim.core.controler.ControlerListenerManagerImpl:112 calling notifyStartup on org.matsim.analysis.ScoreStatsControlerListener with priority 0.0
2025-12-09T14:08:45,063  INFO org.matsim.core.controler.ControlerListenerManagerImpl:115 all ControlerStartupListeners called.
2025-12-09T14:08:45,063  INFO org.matsim.core.controler.ControllerUtils:99 config dump before iterations start
2025-12-09T14:08:45,071  INFO org.matsim.core.controler.ControllerUtils:105 === logging config.xml skipped ===
2025-12-09T14:08:45,071  INFO org.matsim.core.controler.ControllerUtils:106 To enable debug output, set an environment variable i.e. export LOG_LEVEL='debug', or set log.setLogLevel(Level.DEBUG) in your run class.
2025-12-09T14:08:45,072  INFO org.matsim.core.controler.ControllerUtils:110 Complete config dump done.
2025-12-09T14:08:45,072  INFO org.matsim.core.controler.ControllerUtils:111 Checking consistency of config...
2025-12-09T14:08:45,072  INFO org.matsim.core.config.groups.ScoringConfigGroup:1607 NO OPENING OR CLOSING TIMES DEFINED!

There is no activity type that has an opening *and* closing time (or opening time and late penalty) defined.
This usually means that the activity chains can be shifted by an arbitrary
number of hours without having an effect on the score of the plans, and thus
resulting in wrong results / traffic patterns.
If you are using MATSim without time adaptation, you can ignore this warning.


2025-12-09T14:08:45,072  INFO org.matsim.core.config.consistency.VspConfigConsistencyCheckerImpl:62 NOT running vsp config consistency check because vsp defaults checking level is set to IGNORE
2025-12-09T14:08:45,073  INFO org.matsim.core.controler.ControllerUtils:113 Checking consistency of config done.
2025-12-09T14:08:45,074  WARN org.matsim.core.controler.PrepareForSim:265 'usePersonIdForMissingVehicleId' is deprecated. It will be removed soon.
2025-12-09T14:08:45,075  INFO org.matsim.core.utils.misc.Counter:70 [VehiclesImpl] added vehicle # 1
2025-12-09T14:08:45,075  INFO org.matsim.core.utils.misc.Counter:70 [VehiclesImpl] added vehicle # 2
2025-12-09T14:08:45,075  INFO org.matsim.core.utils.misc.Counter:70 [VehiclesImpl] added vehicle # 4
2025-12-09T14:08:45,076  INFO org.matsim.core.utils.misc.Counter:70 [VehiclesImpl] added vehicle # 8
2025-12-09T14:08:45,076  INFO org.matsim.core.utils.misc.Counter:70 [VehiclesImpl] added vehicle # 16
2025-12-09T14:08:45,076  INFO org.matsim.core.utils.misc.Counter:70 [VehiclesImpl] added vehicle # 32
2025-12-09T14:08:45,076  INFO org.matsim.core.utils.misc.Counter:70 [VehiclesImpl] added vehicle # 64
2025-12-09T14:08:45,076  INFO org.matsim.core.utils.misc.Counter:70 [VehiclesImpl] added vehicle # 128
2025-12-09T14:08:45,076  INFO org.matsim.core.utils.misc.Counter:70 [VehiclesImpl] added vehicle # 256
2025-12-09T14:08:45,081  INFO org.matsim.core.router.speedy.SpeedyALTData:51 find dead ends...
2025-12-09T14:08:45,081  INFO org.matsim.core.router.speedy.SpeedyALTData:132 calculate landmarks...
2025-12-09T14:08:45,085  INFO org.matsim.core.router.speedy.SpeedyALTData:173 calculate min travelcost...
2025-12-09T14:08:45,087  INFO org.matsim.core.network.NetworkImpl:165  node # 1
2025-12-09T14:08:45,088  INFO org.matsim.core.network.NetworkImpl:165  node # 4
2025-12-09T14:08:45,088  INFO org.matsim.core.network.NetworkImpl:165  node # 16
2025-12-09T14:08:45,088  INFO org.matsim.core.network.NetworkImpl:165  node # 64
2025-12-09T14:08:45,088  INFO org.matsim.core.network.NetworkImpl:161  link # 1
2025-12-09T14:08:45,088  INFO org.matsim.core.network.NetworkImpl:161  link # 4
2025-12-09T14:08:45,088  INFO org.matsim.core.network.NetworkImpl:161  link # 16
2025-12-09T14:08:45,089  INFO org.matsim.core.network.NetworkImpl:161  link # 64
2025-12-09T14:08:45,090  INFO org.matsim.core.network.NetworkImpl:161  link # 256
2025-12-09T14:08:45,090  INFO org.matsim.core.router.NetworkRoutingProvider:151 Checking network for mode 'car' for consistency...
2025-12-09T14:08:45,092  INFO org.matsim.core.network.algorithms.MultimodalNetworkCleaner:104 running org.matsim.core.network.algorithms.MultimodalNetworkCleaner algorithm for modes [car] with connectivity modes []...
2025-12-09T14:08:45,093  INFO org.matsim.core.network.algorithms.MultimodalNetworkCleaner:108   checking 120 nodes and 262 links for dead-ends...
2025-12-09T14:08:45,094  INFO org.matsim.core.network.algorithms.MultimodalNetworkCleaner:126     The biggest cluster consists of 262 links.
2025-12-09T14:08:45,094  INFO org.matsim.core.network.algorithms.MultimodalNetworkCleaner:127   done.
2025-12-09T14:08:45,094  INFO org.matsim.core.network.algorithms.MultimodalNetworkCleaner:151   resulting network contains 120 nodes and 262 links.
2025-12-09T14:08:45,094  INFO org.matsim.core.network.algorithms.MultimodalNetworkCleaner:153 done.
2025-12-09T14:08:45,097  WARN org.matsim.core.router.costcalculators.RandomizingTimeDistanceTravelDisutilityFactory:113 There will be no routing randomness. The randomization of the travel disutility requires the monetary distance rate to be different than zero. Continuing anyway.
2025-12-09T14:08:45,097  WARN org.matsim.core.router.costcalculators.RandomizingTimeDistanceTravelDisutilityFactory:118 There will be no routing randomness. The randomization of the travel disutility requires the travel time cost rate to be different than zero. Continuing anyway.
2025-12-09T14:08:45,097  INFO org.matsim.core.router.costcalculators.RandomizingTimeDistanceTravelDisutilityFactory:86  sigma: 3.0; resulting normalization: 0.011108996538242306
2025-12-09T14:08:45,098  INFO org.matsim.core.router.speedy.SpeedyALTData:51 find dead ends...
2025-12-09T14:08:45,098  INFO org.matsim.core.router.speedy.SpeedyALTData:132 calculate landmarks...
2025-12-09T14:08:45,101  INFO org.matsim.core.router.speedy.SpeedyALTData:173 calculate min travelcost...
2025-12-09T14:08:45,101  WARN org.matsim.core.router.NetworkRoutingProvider:137 [mode: car; routingMode: car] Using deprecated routing module without access/egress. Consider using AccessEgressNetworkRouter instead.
2025-12-09T14:08:45,101  INFO org.matsim.core.router.speedy.SpeedyALTData:51 find dead ends...
2025-12-09T14:08:45,101  INFO org.matsim.core.router.speedy.SpeedyALTData:132 calculate landmarks...
2025-12-09T14:08:45,103  INFO org.matsim.core.router.speedy.SpeedyALTData:173 calculate min travelcost...
2025-12-09T14:08:45,104  INFO org.matsim.core.router.costcalculators.RandomizingTimeDistanceTravelDisutilityFactory:86  sigma: 3.0; resulting normalization: 0.011108996538242306
2025-12-09T14:08:45,104  WARN org.matsim.core.router.NetworkRoutingProvider:137 [mode: car; routingMode: car] Using deprecated routing module without access/egress. Consider using AccessEgressNetworkRouter instead.
2025-12-09T14:08:45,111  INFO org.matsim.core.network.NetworkImpl:419 building QuadTree for nodes: xrange(1276143.0445979168,1278466.367675545); yrange(6964813.659641642,6966382.260868938)
2025-12-09T14:08:45,113  INFO org.matsim.core.network.NetworkImpl:428 Building QuadTree took 0.002 seconds.
2025-12-09T14:08:45,115  INFO org.matsim.core.utils.misc.Counter:70 [PersonPrepareForSim] handled person # 1
2025-12-09T14:08:45,115  INFO org.matsim.core.utils.misc.Counter:70 [PersonPrepareForSim] handled person # 4
2025-12-09T14:08:45,115  INFO org.matsim.core.utils.misc.Counter:70 [PersonPrepareForSim] handled person # 2
2025-12-09T14:08:45,115  INFO org.matsim.core.utils.misc.Counter:70 [PersonPrepareForSim] handled person # 8
2025-12-09T14:08:45,116  INFO org.matsim.core.utils.misc.Counter:70 [PersonPrepareForSim] handled person # 16
2025-12-09T14:08:45,117  INFO org.matsim.core.utils.misc.Counter:70 [PersonPrepareForSim] handled person # 32
2025-12-09T14:08:45,118  INFO org.matsim.core.utils.misc.Counter:70 [PersonPrepareForSim] handled person # 64
2025-12-09T14:08:45,120  INFO org.matsim.core.utils.misc.Counter:70 [PersonPrepareForSim] handled person # 128
2025-12-09T14:08:45,124  INFO org.matsim.core.utils.misc.Counter:70 [PersonPrepareForSim] handled person # 256
2025-12-09T14:08:45,127  INFO org.matsim.core.utils.misc.Counter:75 [PersonPrepareForSim] handled person # 472
2025-12-09T14:08:45,128  INFO org.matsim.core.controler.AbstractController:136 ###################################################
2025-12-09T14:08:45,128  INFO org.matsim.core.controler.AbstractController:137 ### ITERATION 0 BEGINS
2025-12-09T14:08:45,128  INFO org.matsim.core.controler.ControlerListenerManagerImpl:156 calling notifyIterationStarts on org.matsim.analysis.LegTimesControlerListener with priority 0.0
2025-12-09T14:08:45,128  INFO org.matsim.core.events.EventsManagerImpl:139 === Logging of event-handlers skipped ===
2025-12-09T14:08:45,128  INFO org.matsim.core.events.EventsManagerImpl:140 To enable debug output, set an environment variable i.e. export LOG_LEVEL='debug', or set log.setLogLevel(Level.DEBUG) in your run class.
2025-12-09T14:08:45,128  INFO org.matsim.core.events.EventsManagerImpl:210     > org.matsim.api.core.v01.events.PersonDepartureEvent
2025-12-09T14:08:45,128  INFO org.matsim.core.events.EventsManagerImpl:210     > org.matsim.api.core.v01.events.PersonArrivalEvent
2025-12-09T14:08:45,128  INFO org.matsim.core.events.EventsManagerImpl:210     > org.matsim.api.core.v01.events.ActivityEndEvent
2025-12-09T14:08:45,129  INFO org.matsim.core.events.EventsManagerImpl:210     > org.matsim.api.core.v01.events.ActivityStartEvent
2025-12-09T14:08:45,129  INFO org.matsim.core.events.EventsManagerImpl:139 === Logging of event-handlers skipped ===
2025-12-09T14:08:45,129  INFO org.matsim.core.events.EventsManagerImpl:140 To enable debug output, set an environment variable i.e. export LOG_LEVEL='debug', or set log.setLogLevel(Level.DEBUG) in your run class.
2025-12-09T14:08:45,129  INFO org.matsim.core.events.EventsManagerImpl:210     > org.matsim.api.core.v01.events.PersonDepartureEvent
2025-12-09T14:08:45,129  INFO org.matsim.core.events.EventsManagerImpl:210     > org.matsim.api.core.v01.events.PersonArrivalEvent
2025-12-09T14:08:45,129  INFO org.matsim.core.events.EventsManagerImpl:210     > org.matsim.api.core.v01.events.ActivityEndEvent
2025-12-09T14:08:45,129  INFO org.matsim.core.events.EventsManagerImpl:210     > org.matsim.api.core.v01.events.ActivityStartEvent
2025-12-09T14:08:45,129  INFO org.matsim.core.controler.ControlerListenerManagerImpl:156 calling notifyIterationStarts on org.matsim.analysis.LegHistogramListener with priority 0.0
2025-12-09T14:08:45,129  INFO org.matsim.core.events.EventsManagerImpl:139 === Logging of event-handlers skipped ===
2025-12-09T14:08:45,129  INFO org.matsim.core.events.EventsManagerImpl:140 To enable debug output, set an environment variable i.e. export LOG_LEVEL='debug', or set log.setLogLevel(Level.DEBUG) in your run class.
2025-12-09T14:08:45,129  INFO org.matsim.core.events.EventsManagerImpl:210     > org.matsim.api.core.v01.events.PersonDepartureEvent
2025-12-09T14:08:45,129  INFO org.matsim.core.events.EventsManagerImpl:210     > org.matsim.api.core.v01.events.PersonArrivalEvent
2025-12-09T14:08:45,129  INFO org.matsim.core.events.EventsManagerImpl:210     > org.matsim.api.core.v01.events.PersonStuckEvent
2025-12-09T14:08:45,129  INFO org.matsim.core.events.EventsManagerImpl:139 === Logging of event-handlers skipped ===
2025-12-09T14:08:45,129  INFO org.matsim.core.events.EventsManagerImpl:140 To enable debug output, set an environment variable i.e. export LOG_LEVEL='debug', or set log.setLogLevel(Level.DEBUG) in your run class.
2025-12-09T14:08:45,129  INFO org.matsim.core.events.EventsManagerImpl:210     > org.matsim.api.core.v01.events.PersonDepartureEvent
2025-12-09T14:08:45,129  INFO org.matsim.core.events.EventsManagerImpl:210     > org.matsim.api.core.v01.events.PersonArrivalEvent
2025-12-09T14:08:45,129  INFO org.matsim.core.events.EventsManagerImpl:210     > org.matsim.api.core.v01.events.PersonStuckEvent
2025-12-09T14:08:45,129  INFO org.matsim.core.controler.ControlerListenerManagerImpl:156 calling notifyIterationStarts on org.matsim.analysis.LinkStatsControlerListener with priority 0.0
2025-12-09T14:08:45,129  INFO org.matsim.core.controler.ControlerListenerManagerImpl:156 calling notifyIterationStarts on org.matsim.core.replanning.ReplanningContextImpl with priority 0.0
2025-12-09T14:08:45,129  INFO org.matsim.core.controler.ControlerListenerManagerImpl:156 calling notifyIterationStarts on org.matsim.core.scoring.ScoringFunctionsForPopulation$$Lambda/0x00000070015f0b18 with priority 0.0
2025-12-09T14:08:45,140  INFO org.matsim.core.controler.ControlerListenerManagerImpl:156 calling notifyIterationStarts on org.matsim.core.scoring.ExperiencedPlansServiceImpl$1 with priority 0.0
2025-12-09T14:08:45,141  INFO org.matsim.core.controler.ControlerListenerManagerImpl:159 [it.0] all ControlerIterationStartsListeners called.
2025-12-09T14:08:45,141  INFO org.matsim.core.controler.ControlerListenerManagerImpl:242 calling notifyBeforeMobsim on org.matsim.core.controler.corelisteners.EventsHandlingImpl with priority 0.0
2025-12-09T14:08:45,141  INFO org.matsim.core.events.EventsManagerImpl:173 resetting Event-Handlers
2025-12-09T14:08:45,141  INFO org.matsim.core.events.EventsManagerImpl:180   org.matsim.core.trafficmonitoring.TravelTimeCalculator
2025-12-09T14:08:45,142  INFO org.matsim.core.events.EventsManagerImpl:180   org.matsim.analysis.VolumesAnalyzer
2025-12-09T14:08:45,142  INFO org.matsim.core.events.EventsManagerImpl:180   org.matsim.core.scoring.ScoringFunctionsForPopulation
2025-12-09T14:08:45,142  INFO org.matsim.core.events.EventsManagerImpl:180   org.matsim.analysis.LegHistogram
2025-12-09T14:08:45,142  INFO org.matsim.core.events.EventsManagerImpl:180   org.matsim.analysis.CalcLegTimes
2025-12-09T14:08:45,144  INFO org.matsim.core.events.EventsManagerImpl:139 === Logging of event-handlers skipped ===
2025-12-09T14:08:45,144  INFO org.matsim.core.events.EventsManagerImpl:140 To enable debug output, set an environment variable i.e. export LOG_LEVEL='debug', or set log.setLogLevel(Level.DEBUG) in your run class.
2025-12-09T14:08:45,144  INFO org.matsim.core.events.EventsManagerImpl:210     > org.matsim.api.core.v01.events.Event
2025-12-09T14:08:45,144  INFO org.matsim.core.events.EventsManagerImpl:139 === Logging of event-handlers skipped ===
2025-12-09T14:08:45,144  INFO org.matsim.core.events.EventsManagerImpl:140 To enable debug output, set an environment variable i.e. export LOG_LEVEL='debug', or set log.setLogLevel(Level.DEBUG) in your run class.
2025-12-09T14:08:45,144  INFO org.matsim.core.events.EventsManagerImpl:210     > org.matsim.api.core.v01.events.Event
2025-12-09T14:08:45,144  INFO org.matsim.core.controler.ControlerListenerManagerImpl:242 calling notifyBeforeMobsim on org.matsim.core.controler.corelisteners.PlansDumpingImpl with priority 0.0
2025-12-09T14:08:45,144  INFO org.matsim.core.controler.corelisteners.PlansDumpingImpl:77 dumping plans...
2025-12-09T14:08:45,148  INFO org.matsim.core.utils.misc.Counter:70 [PopulationWriter] dumped person # 1
2025-12-09T14:08:45,148  INFO org.matsim.core.utils.misc.Counter:70 [PopulationWriter] dumped person # 2
2025-12-09T14:08:45,148  INFO org.matsim.core.utils.misc.Counter:70 [PopulationWriter] dumped person # 4
2025-12-09T14:08:45,148  INFO org.matsim.core.utils.misc.Counter:70 [PopulationWriter] dumped person # 8
2025-12-09T14:08:45,148  INFO org.matsim.core.utils.misc.Counter:70 [PopulationWriter] dumped person # 16
2025-12-09T14:08:45,148  INFO org.matsim.core.utils.misc.Counter:70 [PopulationWriter] dumped person # 32
2025-12-09T14:08:45,148  INFO org.matsim.core.utils.misc.Counter:70 [PopulationWriter] dumped person # 64
2025-12-09T14:08:45,148  INFO org.matsim.core.utils.misc.Counter:70 [PopulationWriter] dumped person # 128
2025-12-09T14:08:45,149  INFO org.matsim.core.utils.misc.Counter:70 [PopulationWriter] dumped person # 256
2025-12-09T14:08:45,153  INFO org.matsim.core.utils.misc.Counter:70 [ParallelPopulationWriterV6] dumped person # 1
2025-12-09T14:08:45,153  INFO org.matsim.core.utils.misc.Counter:70 [ParallelPopulationWriterV6] dumped person # 2
2025-12-09T14:08:45,154  INFO org.matsim.core.utils.misc.Counter:70 [ParallelPopulationWriterV6] dumped person # 4
2025-12-09T14:08:45,154  INFO org.matsim.core.utils.misc.Counter:70 [ParallelPopulationWriterV6] dumped person # 8
2025-12-09T14:08:45,155  INFO org.matsim.core.utils.misc.Counter:70 [ParallelPopulationWriterV6] dumped person # 16
2025-12-09T14:08:45,156  INFO org.matsim.core.utils.misc.Counter:70 [ParallelPopulationWriterV6] dumped person # 32
2025-12-09T14:08:45,156  INFO org.matsim.core.utils.misc.Counter:70 [ParallelPopulationWriterV6] dumped person # 64
2025-12-09T14:08:45,157  INFO org.matsim.core.utils.misc.Counter:70 [ParallelPopulationWriterV6] dumped person # 128
2025-12-09T14:08:45,159  INFO org.matsim.core.utils.misc.Counter:70 [ParallelPopulationWriterV6] dumped person # 256
2025-12-09T14:08:45,162  INFO org.matsim.core.utils.misc.Counter:75 [ParallelPopulationWriterV6] dumped person # 472
2025-12-09T14:08:45,162  INFO org.matsim.core.population.io.PopulationWriter:150 Population written to: ./output/ITERS/it.0/0.plans.xml.gz
2025-12-09T14:08:45,164  INFO org.matsim.core.utils.misc.Counter:75 [PopulationWriter] dumped person # 472
2025-12-09T14:08:45,164  INFO org.matsim.core.controler.corelisteners.PlansDumpingImpl:94 finished plans dump.
2025-12-09T14:08:45,164  INFO org.matsim.core.controler.ControlerListenerManagerImpl:248 calling notifyBeforeMobsim on org.matsim.core.population.VspPlansCleaner with priority 0.0
2025-12-09T14:08:45,165  INFO org.matsim.core.controler.ControlerListenerManagerImpl:251 [it.0] all ControlerBeforeMobsimListeners called.
2025-12-09T14:08:45,167  INFO org.matsim.core.router.costcalculators.RandomizingTimeDistanceTravelDisutilityFactory:86  sigma: 3.0; resulting normalization: 0.011108996538242306
2025-12-09T14:08:45,167  WARN org.matsim.core.router.NetworkRoutingProvider:137 [mode: car; routingMode: car] Using deprecated routing module without access/egress. Consider using AccessEgressNetworkRouter instead.
2025-12-09T14:08:45,167  INFO org.matsim.core.router.costcalculators.RandomizingTimeDistanceTravelDisutilityFactory:86  sigma: 3.0; resulting normalization: 0.011108996538242306
2025-12-09T14:08:45,167  WARN org.matsim.core.router.NetworkRoutingProvider:137 [mode: car; routingMode: car] Using deprecated routing module without access/egress. Consider using AccessEgressNetworkRouter instead.
2025-12-09T14:08:45,167  INFO org.matsim.core.utils.misc.Counter:70 [PersonPrepareForSim] handled person # 1
2025-12-09T14:08:45,168  INFO org.matsim.core.utils.misc.Counter:70 [PersonPrepareForSim] handled person # 4
2025-12-09T14:08:45,168  INFO org.matsim.core.utils.misc.Counter:70 [PersonPrepareForSim] handled person # 8
2025-12-09T14:08:45,168  INFO org.matsim.core.utils.misc.Counter:70 [PersonPrepareForSim] handled person # 2
2025-12-09T14:08:45,168  INFO org.matsim.core.utils.misc.Counter:70 [PersonPrepareForSim] handled person # 16
2025-12-09T14:08:45,168  INFO org.matsim.core.utils.misc.Counter:70 [PersonPrepareForSim] handled person # 32
2025-12-09T14:08:45,168  INFO org.matsim.core.utils.misc.Counter:70 [PersonPrepareForSim] handled person # 64
2025-12-09T14:08:45,169  INFO org.matsim.core.utils.misc.Counter:70 [PersonPrepareForSim] handled person # 128
2025-12-09T14:08:45,170  INFO org.matsim.core.utils.misc.Counter:70 [PersonPrepareForSim] handled person # 256
2025-12-09T14:08:45,172  INFO org.matsim.core.utils.misc.Counter:75 [PersonPrepareForSim] handled person # 472
2025-12-09T14:08:45,195  INFO org.matsim.core.mobsim.qsim.MobsimListenerManager:50 calling addQueueSimulationListener
2025-12-09T14:08:45,196  INFO org.matsim.core.mobsim.qsim.MobsimListenerManager:54   assigned class org.matsim.core.mobsim.framework.listeners.MobsimListener to interface org.matsim.core.mobsim.framework.listeners.MobsimBeforeCleanupListener
2025-12-09T14:08:45,196  INFO org.matsim.core.mobsim.qsim.MobsimListenerManager:54   assigned class org.matsim.core.mobsim.framework.listeners.MobsimListener to interface org.matsim.core.mobsim.framework.listeners.MobsimAfterSimStepListener
2025-12-09T14:08:45,196  INFO org.matsim.core.mobsim.qsim.MobsimListenerManager:54   assigned class org.matsim.core.mobsim.framework.listeners.MobsimListener to interface org.matsim.core.mobsim.framework.listeners.MobsimInitializedListener
2025-12-09T14:08:45,196  INFO org.matsim.core.mobsim.qsim.MobsimListenerManager:54   assigned class org.matsim.core.mobsim.framework.listeners.MobsimListener to interface org.matsim.core.mobsim.framework.listeners.MobsimListener
2025-12-09T14:08:45,196  INFO org.matsim.core.mobsim.qsim.MobsimListenerManager:54   assigned class org.matsim.core.mobsim.framework.listeners.MobsimListener to interface org.matsim.vis.snapshotwriters.SnapshotWriterManager
2025-12-09T14:08:45,198  INFO org.matsim.core.mobsim.qsim.QSimProvider:131 Added MobsimEngine class org.matsim.core.mobsim.qsim.ActivityEngineDefaultImpl
2025-12-09T14:08:45,198  INFO org.matsim.core.mobsim.qsim.QSimProvider:137 Added Activityhandler class org.matsim.core.mobsim.qsim.ActivityEngineDefaultImpl
2025-12-09T14:08:45,204  INFO org.matsim.core.mobsim.qsim.QSimProvider:131 Added MobsimEngine class org.matsim.core.mobsim.qsim.qnetsimengine.QNetsimEngineWithThreadpool
2025-12-09T14:08:45,204  INFO org.matsim.core.mobsim.qsim.QSimProvider:143 Added DepartureHandler class org.matsim.core.mobsim.qsim.qnetsimengine.NetworkModeDepartureHandlerDefaultImpl
2025-12-09T14:08:45,204  INFO org.matsim.core.mobsim.qsim.QSimProvider:131 Added MobsimEngine class org.matsim.core.mobsim.qsim.DefaultTeleportationEngine
2025-12-09T14:08:45,204  INFO org.matsim.core.mobsim.qsim.QSimProvider:143 Added DepartureHandler class org.matsim.core.mobsim.qsim.DefaultTeleportationEngine
2025-12-09T14:08:45,205  INFO org.matsim.core.mobsim.qsim.QSimProvider:149 Added AgentSource class org.matsim.core.mobsim.qsim.agents.PopulationAgentSource
2025-12-09T14:08:45,205  INFO org.matsim.core.mobsim.qsim.MobsimListenerManager:50 calling addQueueSimulationListener
2025-12-09T14:08:45,205  INFO org.matsim.core.mobsim.qsim.MobsimListenerManager:54   assigned class org.matsim.core.mobsim.framework.listeners.MobsimListener to interface org.matsim.core.mobsim.framework.listeners.MobsimBeforeSimStepListener
2025-12-09T14:08:45,205  INFO org.matsim.core.mobsim.qsim.MobsimListenerManager:54   assigned class org.matsim.core.mobsim.framework.listeners.MobsimListener to interface org.matsim.core.mobsim.framework.listeners.MobsimListener
2025-12-09T14:08:45,205  INFO org.matsim.core.mobsim.qsim.MobsimListenerManager:54   assigned class org.matsim.core.mobsim.framework.listeners.MobsimListener to interface org.matsim.core.mobsim.qsim.messagequeueengine.MessageQueueEngine
2025-12-09T14:08:45,205  INFO org.matsim.core.mobsim.qsim.QSimProvider:155 Added MobsimListener class org.matsim.core.mobsim.qsim.messagequeueengine.MessageQueueEngine
2025-12-09T14:08:45,208  INFO org.matsim.core.population.PopulationUtils:1292 adding scenario element for allpersons container
2025-12-09T14:08:45,208  INFO org.matsim.core.population.PopulationImpl:111  person # 1
2025-12-09T14:08:45,208  INFO org.matsim.core.population.PopulationImpl:111  person # 4
2025-12-09T14:08:45,208  INFO org.matsim.core.population.PopulationImpl:111  person # 16
2025-12-09T14:08:45,208  INFO org.matsim.core.population.PopulationImpl:111  person # 64
2025-12-09T14:08:45,213  INFO org.matsim.core.population.PopulationImpl:111  person # 256
2025-12-09T14:08:45,214  INFO org.matsim.vehicles.VehicleUtils:431 adding scenario element for allvehicles container
2025-12-09T14:08:45,214  INFO org.matsim.core.utils.misc.Counter:70 [VehiclesImpl] added vehicle # 1
2025-12-09T14:08:45,214  INFO org.matsim.core.utils.misc.Counter:70 [VehiclesImpl] added vehicle # 2
2025-12-09T14:08:45,214  INFO org.matsim.core.utils.misc.Counter:70 [VehiclesImpl] added vehicle # 4
2025-12-09T14:08:45,214  INFO org.matsim.core.utils.misc.Counter:70 [VehiclesImpl] added vehicle # 8
2025-12-09T14:08:45,214  INFO org.matsim.core.utils.misc.Counter:70 [VehiclesImpl] added vehicle # 16
2025-12-09T14:08:45,214  INFO org.matsim.core.utils.misc.Counter:70 [VehiclesImpl] added vehicle # 32
2025-12-09T14:08:45,214  INFO org.matsim.core.utils.misc.Counter:70 [VehiclesImpl] added vehicle # 64
2025-12-09T14:08:45,215 ERROR org.matsim.core.mobsim.qsim.QSim:346 got exception while cleaning up
java.lang.NullPointerException: Cannot invoke "java.util.List.iterator()" because the return value of "org.matsim.core.mobsim.qsim.qnetsimengine.AbstractQNetsimEngine.getQnetsimEngineRunner()" is null
	at org.matsim.core.mobsim.qsim.qnetsimengine.AbstractQNetsimEngine.afterSim(AbstractQNetsimEngine.java:172) ~[matsim-2025.0.jar:?]
	at org.matsim.core.mobsim.qsim.QSim.cleanupSim(QSim.java:343) ~[matsim-2025.0.jar:?]
	at org.matsim.core.mobsim.qsim.QSim.run(QSim.java:255) ~[matsim-2025.0.jar:?]
	at org.matsim.core.controler.NewControler.runMobSim(NewControler.java:125) ~[matsim-2025.0.jar:?]
	at org.matsim.core.controler.AbstractController$8.run(AbstractController.java:214) ~[matsim-2025.0.jar:?]
	at org.matsim.core.controler.AbstractController.iterationStep(AbstractController.java:246) ~[matsim-2025.0.jar:?]
	at org.matsim.core.controler.AbstractController.mobsim(AbstractController.java:210) ~[matsim-2025.0.jar:?]
	at org.matsim.core.controler.AbstractController.iteration(AbstractController.java:157) ~[matsim-2025.0.jar:?]
	at org.matsim.core.controler.AbstractController.doIterations(AbstractController.java:124) ~[matsim-2025.0.jar:?]
	at org.matsim.core.controler.AbstractController$1.run(AbstractController.java:84) ~[matsim-2025.0.jar:?]
	at org.matsim.core.controler.MatsimRuntimeModifications.run(MatsimRuntimeModifications.java:70) ~[matsim-2025.0.jar:?]
	at org.matsim.core.controler.MatsimRuntimeModifications.run(MatsimRuntimeModifications.java:53) ~[matsim-2025.0.jar:?]
	at org.matsim.core.controler.AbstractController.run(AbstractController.java:92) ~[matsim-2025.0.jar:?]
	at org.matsim.core.controler.NewControler.run(NewControler.java:83) ~[matsim-2025.0.jar:?]
	at org.matsim.core.controler.Controler.run(Controler.java:259) ~[matsim-2025.0.jar:?]
	at org.matsim.core.controler.Controler.main(Controler.java:144) ~[matsim-2025.0.jar:?]
	at java.base/jdk.internal.reflect.DirectMethodHandleAccessor.invoke(DirectMethodHandleAccessor.java:103) ~[?:?]
	at java.base/java.lang.reflect.Method.invoke(Method.java:580) ~[?:?]
	at org.codehaus.mojo.exec.AbstractExecJavaBase.executeMainMethod(AbstractExecJavaBase.java:402) ~[?:?]
	at org.codehaus.mojo.exec.ExecJavaMojo.executeMainMethod(ExecJavaMojo.java:142) ~[?:?]
	at org.codehaus.mojo.exec.AbstractExecJavaBase.doExecClassLoader(AbstractExecJavaBase.java:377) ~[?:?]
	at org.codehaus.mojo.exec.AbstractExecJavaBase.lambda$execute$0(AbstractExecJavaBase.java:287) ~[?:?]
	at java.base/java.lang.Thread.run(Thread.java:1583) [?:?]
2025-12-09T14:08:45,220  WARN org.matsim.core.mobsim.qsim.QSim:260 exception in finally block - this may be a follow-up exception of an exception thrown in the try block.
java.lang.RuntimeException: got exception while cleaning up the QSim. Please check the error messages above for details.
	at org.matsim.core.mobsim.qsim.QSim.cleanupSim(QSim.java:351) ~[matsim-2025.0.jar:?]
	at org.matsim.core.mobsim.qsim.QSim.run(QSim.java:255) ~[matsim-2025.0.jar:?]
	at org.matsim.core.controler.NewControler.runMobSim(NewControler.java:125) ~[matsim-2025.0.jar:?]
	at org.matsim.core.controler.AbstractController$8.run(AbstractController.java:214) ~[matsim-2025.0.jar:?]
	at org.matsim.core.controler.AbstractController.iterationStep(AbstractController.java:246) ~[matsim-2025.0.jar:?]
	at org.matsim.core.controler.AbstractController.mobsim(AbstractController.java:210) ~[matsim-2025.0.jar:?]
	at org.matsim.core.controler.AbstractController.iteration(AbstractController.java:157) ~[matsim-2025.0.jar:?]
	at org.matsim.core.controler.AbstractController.doIterations(AbstractController.java:124) ~[matsim-2025.0.jar:?]
	at org.matsim.core.controler.AbstractController$1.run(AbstractController.java:84) ~[matsim-2025.0.jar:?]
	at org.matsim.core.controler.MatsimRuntimeModifications.run(MatsimRuntimeModifications.java:70) ~[matsim-2025.0.jar:?]
	at org.matsim.core.controler.MatsimRuntimeModifications.run(MatsimRuntimeModifications.java:53) ~[matsim-2025.0.jar:?]
	at org.matsim.core.controler.AbstractController.run(AbstractController.java:92) ~[matsim-2025.0.jar:?]
	at org.matsim.core.controler.NewControler.run(NewControler.java:83) ~[matsim-2025.0.jar:?]
	at org.matsim.core.controler.Controler.run(Controler.java:259) ~[matsim-2025.0.jar:?]
	at org.matsim.core.controler.Controler.main(Controler.java:144) ~[matsim-2025.0.jar:?]
	at java.base/jdk.internal.reflect.DirectMethodHandleAccessor.invoke(DirectMethodHandleAccessor.java:103) ~[?:?]
	at java.base/java.lang.reflect.Method.invoke(Method.java:580) ~[?:?]
	at org.codehaus.mojo.exec.AbstractExecJavaBase.executeMainMethod(AbstractExecJavaBase.java:402) ~[?:?]
	at org.codehaus.mojo.exec.ExecJavaMojo.executeMainMethod(ExecJavaMojo.java:142) ~[?:?]
	at org.codehaus.mojo.exec.AbstractExecJavaBase.doExecClassLoader(AbstractExecJavaBase.java:377) ~[?:?]
	at org.codehaus.mojo.exec.AbstractExecJavaBase.lambda$execute$0(AbstractExecJavaBase.java:287) ~[?:?]
	at java.base/java.lang.Thread.run(Thread.java:1583) [?:?]
2025-12-09T14:08:45,221 ERROR org.matsim.core.controler.AbstractController:225 Mobsim did not complete normally! afterMobsimListeners will be called anyway.
java.lang.RuntimeException: requested link with id=el2 does not exist in network. Possible vehicles or activities or facilities are registered to a different network.
	at org.matsim.core.mobsim.qsim.qnetsimengine.AbstractQNetsimEngine.addParkedVehicle(AbstractQNetsimEngine.java:237) ~[matsim-2025.0.jar:?]
	at org.matsim.core.mobsim.qsim.QSim.addParkedVehicle(QSim.java:307) ~[matsim-2025.0.jar:?]
	at org.matsim.core.mobsim.qsim.agents.PopulationAgentSource.insertVehicles(PopulationAgentSource.java:193) ~[matsim-2025.0.jar:?]
	at org.matsim.core.mobsim.qsim.agents.PopulationAgentSource.insertAgentsIntoMobsim(PopulationAgentSource.java:83) ~[matsim-2025.0.jar:?]
	at org.matsim.core.mobsim.qsim.QSim.createAgents(QSim.java:295) ~[matsim-2025.0.jar:?]
	at org.matsim.core.mobsim.qsim.QSim.prepareSim(QSim.java:280) ~[matsim-2025.0.jar:?]
	at org.matsim.core.mobsim.qsim.QSim.run(QSim.java:228) ~[matsim-2025.0.jar:?]
	at org.matsim.core.controler.NewControler.runMobSim(NewControler.java:125) ~[matsim-2025.0.jar:?]
	at org.matsim.core.controler.AbstractController$8.run(AbstractController.java:214) ~[matsim-2025.0.jar:?]
	at org.matsim.core.controler.AbstractController.iterationStep(AbstractController.java:246) ~[matsim-2025.0.jar:?]
	at org.matsim.core.controler.AbstractController.mobsim(AbstractController.java:210) ~[matsim-2025.0.jar:?]
	at org.matsim.core.controler.AbstractController.iteration(AbstractController.java:157) ~[matsim-2025.0.jar:?]
	at org.matsim.core.controler.AbstractController.doIterations(AbstractController.java:124) ~[matsim-2025.0.jar:?]
	at org.matsim.core.controler.AbstractController$1.run(AbstractController.java:84) ~[matsim-2025.0.jar:?]
	at org.matsim.core.controler.MatsimRuntimeModifications.run(MatsimRuntimeModifications.java:70) ~[matsim-2025.0.jar:?]
	at org.matsim.core.controler.MatsimRuntimeModifications.run(MatsimRuntimeModifications.java:53) ~[matsim-2025.0.jar:?]
	at org.matsim.core.controler.AbstractController.run(AbstractController.java:92) ~[matsim-2025.0.jar:?]
	at org.matsim.core.controler.NewControler.run(NewControler.java:83) ~[matsim-2025.0.jar:?]
	at org.matsim.core.controler.Controler.run(Controler.java:259) ~[matsim-2025.0.jar:?]
	at org.matsim.core.controler.Controler.main(Controler.java:144) ~[matsim-2025.0.jar:?]
	at java.base/jdk.internal.reflect.DirectMethodHandleAccessor.invoke(DirectMethodHandleAccessor.java:103) ~[?:?]
	at java.base/java.lang.reflect.Method.invoke(Method.java:580) ~[?:?]
	at org.codehaus.mojo.exec.AbstractExecJavaBase.executeMainMethod(AbstractExecJavaBase.java:402) ~[?:?]
	at org.codehaus.mojo.exec.ExecJavaMojo.executeMainMethod(ExecJavaMojo.java:142) ~[?:?]
	at org.codehaus.mojo.exec.AbstractExecJavaBase.doExecClassLoader(AbstractExecJavaBase.java:377) ~[?:?]
	at org.codehaus.mojo.exec.AbstractExecJavaBase.lambda$execute$0(AbstractExecJavaBase.java:287) ~[?:?]
	at java.base/java.lang.Thread.run(Thread.java:1583) [?:?]
2025-12-09T14:08:45,222  INFO org.matsim.core.controler.AbstractController:237 ### ITERATION 0 fires after mobsim event
2025-12-09T14:08:45,222  INFO org.matsim.core.controler.ControlerListenerManagerImpl:269 calling notifyAfterMobsim on org.matsim.analysis.LegTimesControlerListener with priority 0.0
2025-12-09T14:08:45,222  INFO org.matsim.analysis.LegTimesControlerListener:73 [0] average leg duration is: 0 seconds = 00:00:00
2025-12-09T14:08:45,222  INFO org.matsim.core.controler.ControlerListenerManagerImpl:269 calling notifyAfterMobsim on org.matsim.core.events.MobsimScopeEventHandling with priority 0.0
2025-12-09T14:08:45,223  INFO org.matsim.core.controler.ControlerListenerManagerImpl:269 calling notifyAfterMobsim on org.matsim.core.scoring.EventsToActivities$1 with priority 0.0
2025-12-09T14:08:45,223  INFO org.matsim.core.controler.ControlerListenerManagerImpl:272 [it.0] all ControlerAfterMobsimListeners called.
2025-12-09T14:08:45,223 ERROR org.matsim.core.controler.MatsimRuntimeModifications:76 Getting uncaught Exception in Thread org.matsim.core.controler.Controler.main()
java.lang.RuntimeException: requested link with id=el2 does not exist in network. Possible vehicles or activities or facilities are registered to a different network.
	at org.matsim.core.mobsim.qsim.qnetsimengine.AbstractQNetsimEngine.addParkedVehicle(AbstractQNetsimEngine.java:237) ~[matsim-2025.0.jar:?]
	at org.matsim.core.mobsim.qsim.QSim.addParkedVehicle(QSim.java:307) ~[matsim-2025.0.jar:?]
	at org.matsim.core.mobsim.qsim.agents.PopulationAgentSource.insertVehicles(PopulationAgentSource.java:193) ~[matsim-2025.0.jar:?]
	at org.matsim.core.mobsim.qsim.agents.PopulationAgentSource.insertAgentsIntoMobsim(PopulationAgentSource.java:83) ~[matsim-2025.0.jar:?]
	at org.matsim.core.mobsim.qsim.QSim.createAgents(QSim.java:295) ~[matsim-2025.0.jar:?]
	at org.matsim.core.mobsim.qsim.QSim.prepareSim(QSim.java:280) ~[matsim-2025.0.jar:?]
	at org.matsim.core.mobsim.qsim.QSim.run(QSim.java:228) ~[matsim-2025.0.jar:?]
	at org.matsim.core.controler.NewControler.runMobSim(NewControler.java:125) ~[matsim-2025.0.jar:?]
	at org.matsim.core.controler.AbstractController$8.run(AbstractController.java:214) ~[matsim-2025.0.jar:?]
	at org.matsim.core.controler.AbstractController.iterationStep(AbstractController.java:246) ~[matsim-2025.0.jar:?]
	at org.matsim.core.controler.AbstractController.mobsim(AbstractController.java:210) ~[matsim-2025.0.jar:?]
	at org.matsim.core.controler.AbstractController.iteration(AbstractController.java:157) ~[matsim-2025.0.jar:?]
	at org.matsim.core.controler.AbstractController.doIterations(AbstractController.java:124) ~[matsim-2025.0.jar:?]
	at org.matsim.core.controler.AbstractController$1.run(AbstractController.java:84) ~[matsim-2025.0.jar:?]
	at org.matsim.core.controler.MatsimRuntimeModifications.run(MatsimRuntimeModifications.java:70) ~[matsim-2025.0.jar:?]
	at org.matsim.core.controler.MatsimRuntimeModifications.run(MatsimRuntimeModifications.java:53) ~[matsim-2025.0.jar:?]
	at org.matsim.core.controler.AbstractController.run(AbstractController.java:92) ~[matsim-2025.0.jar:?]
	at org.matsim.core.controler.NewControler.run(NewControler.java:83) ~[matsim-2025.0.jar:?]
	at org.matsim.core.controler.Controler.run(Controler.java:259) ~[matsim-2025.0.jar:?]
	at org.matsim.core.controler.Controler.main(Controler.java:144) ~[matsim-2025.0.jar:?]
	at java.base/jdk.internal.reflect.DirectMethodHandleAccessor.invoke(DirectMethodHandleAccessor.java:103) ~[?:?]
	at java.base/java.lang.reflect.Method.invoke(Method.java:580) ~[?:?]
	at org.codehaus.mojo.exec.AbstractExecJavaBase.executeMainMethod(AbstractExecJavaBase.java:402) ~[?:?]
	at org.codehaus.mojo.exec.ExecJavaMojo.executeMainMethod(ExecJavaMojo.java:142) ~[?:?]
	at org.codehaus.mojo.exec.AbstractExecJavaBase.doExecClassLoader(AbstractExecJavaBase.java:377) ~[?:?]
	at org.codehaus.mojo.exec.AbstractExecJavaBase.lambda$execute$0(AbstractExecJavaBase.java:287) ~[?:?]
	at java.base/java.lang.Thread.run(Thread.java:1583) [?:?]
2025-12-09T14:08:45,223  INFO org.matsim.core.controler.MatsimRuntimeModifications:80 S H U T D O W N   ---   start shutdown.
2025-12-09T14:08:45,223 ERROR org.matsim.core.controler.MatsimRuntimeModifications:82 ERROR --- This is an unexpected shutdown!
2025-12-09T14:08:45,223 ERROR org.matsim.core.controler.MatsimRuntimeModifications:85 Shutdown possibly caused by the following Exception:
java.lang.RuntimeException: requested link with id=el2 does not exist in network. Possible vehicles or activities or facilities are registered to a different network.
	at org.matsim.core.mobsim.qsim.qnetsimengine.AbstractQNetsimEngine.addParkedVehicle(AbstractQNetsimEngine.java:237) ~[matsim-2025.0.jar:?]
	at org.matsim.core.mobsim.qsim.QSim.addParkedVehicle(QSim.java:307) ~[matsim-2025.0.jar:?]
	at org.matsim.core.mobsim.qsim.agents.PopulationAgentSource.insertVehicles(PopulationAgentSource.java:193) ~[matsim-2025.0.jar:?]
	at org.matsim.core.mobsim.qsim.agents.PopulationAgentSource.insertAgentsIntoMobsim(PopulationAgentSource.java:83) ~[matsim-2025.0.jar:?]
	at org.matsim.core.mobsim.qsim.QSim.createAgents(QSim.java:295) ~[matsim-2025.0.jar:?]
	at org.matsim.core.mobsim.qsim.QSim.prepareSim(QSim.java:280) ~[matsim-2025.0.jar:?]
	at org.matsim.core.mobsim.qsim.QSim.run(QSim.java:228) ~[matsim-2025.0.jar:?]
	at org.matsim.core.controler.NewControler.runMobSim(NewControler.java:125) ~[matsim-2025.0.jar:?]
	at org.matsim.core.controler.AbstractController$8.run(AbstractController.java:214) ~[matsim-2025.0.jar:?]
	at org.matsim.core.controler.AbstractController.iterationStep(AbstractController.java:246) ~[matsim-2025.0.jar:?]
	at org.matsim.core.controler.AbstractController.mobsim(AbstractController.java:210) ~[matsim-2025.0.jar:?]
	at org.matsim.core.controler.AbstractController.iteration(AbstractController.java:157) ~[matsim-2025.0.jar:?]
	at org.matsim.core.controler.AbstractController.doIterations(AbstractController.java:124) ~[matsim-2025.0.jar:?]
	at org.matsim.core.controler.AbstractController$1.run(AbstractController.java:84) ~[matsim-2025.0.jar:?]
	at org.matsim.core.controler.MatsimRuntimeModifications.run(MatsimRuntimeModifications.java:70) ~[matsim-2025.0.jar:?]
	at org.matsim.core.controler.MatsimRuntimeModifications.run(MatsimRuntimeModifications.java:53) ~[matsim-2025.0.jar:?]
	at org.matsim.core.controler.AbstractController.run(AbstractController.java:92) ~[matsim-2025.0.jar:?]
	at org.matsim.core.controler.NewControler.run(NewControler.java:83) ~[matsim-2025.0.jar:?]
	at org.matsim.core.controler.Controler.run(Controler.java:259) ~[matsim-2025.0.jar:?]
	at org.matsim.core.controler.Controler.main(Controler.java:144) ~[matsim-2025.0.jar:?]
	at java.base/jdk.internal.reflect.DirectMethodHandleAccessor.invoke(DirectMethodHandleAccessor.java:103) ~[?:?]
	at java.base/java.lang.reflect.Method.invoke(Method.java:580) ~[?:?]
	at org.codehaus.mojo.exec.AbstractExecJavaBase.executeMainMethod(AbstractExecJavaBase.java:402) ~[?:?]
	at org.codehaus.mojo.exec.ExecJavaMojo.executeMainMethod(ExecJavaMojo.java:142) ~[?:?]
	at org.codehaus.mojo.exec.AbstractExecJavaBase.doExecClassLoader(AbstractExecJavaBase.java:377) ~[?:?]
	at org.codehaus.mojo.exec.AbstractExecJavaBase.lambda$execute$0(AbstractExecJavaBase.java:287) ~[?:?]
	at java.base/java.lang.Thread.run(Thread.java:1583) [?:?]
2025-12-09T14:08:45,224  INFO org.matsim.core.controler.ControlerListenerManagerImpl:128 calling notifyShutdown on org.matsim.core.controler.corelisteners.EventsHandlingImpl with priority 0.0
2025-12-09T14:08:45,224  INFO org.matsim.core.controler.ControlerListenerManagerImpl:128 calling notifyShutdown on org.matsim.core.controler.corelisteners.DumpDataAtEndImpl with priority 0.0
2025-12-09T14:08:45,224  INFO org.matsim.core.controler.ControlerListenerManagerImpl:135 calling notifyShutdown on org.matsim.analysis.ModeChoiceCoverageControlerListener with priority 0.0
2025-12-09T14:08:45,224  INFO org.matsim.core.controler.ControlerListenerManagerImpl:135 calling notifyShutdown on org.matsim.analysis.ScoreStatsControlerListener with priority 0.0
2025-12-09T14:08:45,224  INFO org.matsim.core.controler.ControlerListenerManagerImpl:135 calling notifyShutdown on org.matsim.analysis.IterationTravelStatsControlerListener with priority 0.0
2025-12-09T14:08:45,224  INFO org.matsim.analysis.PersonWriter:36 Writing all Persons to personscsv
2025-12-09T14:08:45,233  INFO org.matsim.analysis.PersonWriter:54 ...done
2025-12-09T14:08:45,234  INFO org.matsim.core.controler.ControlerListenerManagerImpl:135 calling notifyShutdown on org.matsim.analysis.LinkStatsControlerListener with priority 0.0
2025-12-09T14:08:45,237  INFO org.matsim.core.controler.ControlerListenerManagerImpl:138 all ControlerShutdownListeners called.
2025-12-09T14:08:45,237 ERROR org.matsim.core.controler.MatsimRuntimeModifications:100 ERROR --- MATSim unexpectedly terminated. Please check the output or the logfile with warnings and errors for hints.
2025-12-09T14:08:45,238 ERROR org.matsim.core.controler.MatsimRuntimeModifications:101 ERROR --- results should not be used for further analysis.
2025-12-09T14:08:45,238  INFO org.matsim.core.controler.MatsimRuntimeModifications:103 S H U T D O W N   ---   shutdown completed.
2025-12-09T14:08:45,238 ERROR org.matsim.core.controler.MatsimRuntimeModifications:105 ERROR --- This was an unexpected shutdown! See the log file for a possible reason.
2025-12-09T14:08:45,239  INFO org.matsim.utils.MemoryObserver:42 used RAM: 58 MB  free: 67 MB  total: 126 MB
2025-12-09T14:08:45,239 ERROR org.matsim.core.events.SimStepParallelEventsManagerImpl:445 Thread class org.matsim.core.events.SimStepParallelEventsManagerImpl$ProcessEventsRunnable0 died with exception while handling events.
java.lang.RuntimeException: java.lang.InterruptedException
	at org.matsim.core.events.SimStepParallelEventsManagerImpl$ProcessEventsRunnable.run(SimStepParallelEventsManagerImpl.java:353) ~[matsim-2025.0.jar:?]
	at java.base/java.lang.Thread.run(Thread.java:1583) [?:?]
Caused by: java.lang.InterruptedException
	at java.base/java.util.concurrent.locks.AbstractQueuedSynchronizer$ConditionObject.await(AbstractQueuedSynchronizer.java:1727) ~[?:?]
	at java.base/java.util.concurrent.LinkedBlockingQueue.take(LinkedBlockingQueue.java:435) ~[?:?]
	at org.matsim.core.events.SimStepParallelEventsManagerImpl$ProcessEventsRunnable.run(SimStepParallelEventsManagerImpl.java:289) ~[matsim-2025.0.jar:?]
	... 1 more
2025-12-09T14:09:35,948  INFO org.matsim.core.utils.io.IOUtils:224 Resolved config_clean.xml to config_clean.xml
2025-12-09T14:09:35,953  INFO org.matsim.core.config.Config:461 setting context to [file:/Users/ro9air/matsim-example-project/5000_disatar/lenzen_output/]
2025-12-09T14:09:35,981  INFO org.hibernate.validator.internal.util.Version:21 HV000001: Hibernate Validator 8.0.1.Final
2025-12-09T14:09:36,037  INFO org.matsim.core.utils.io.MatsimXmlParser:170 starting to parse xml from url file:/Users/ro9air/matsim-example-project/5000_disatar/lenzen_output/config_clean.xml ...
2025-12-09T14:09:36,055  INFO org.matsim.core.config.ConfigReader:105 using config_v2-reader
2025-12-09T14:09:36,055  INFO org.matsim.core.utils.io.MatsimXmlParser:296 Trying to load http://www.matsim.org/files/dtd/config_v2.dtd. In some cases (e.g. network interface up but no connection), this may take a bit.
2025-12-09T14:09:36,590  INFO org.matsim.core.config.groups.GlobalConfigGroup:99 setting number of threads to: 2
2025-12-09T14:09:36,595  INFO org.matsim.core.config.groups.ScoringConfigGroup:555 scoring parameters for subpopulation null were just replaced.
2025-12-09T14:09:36,597  INFO org.matsim.core.config.Config:461 setting context to [file:/Users/ro9air/matsim-example-project/5000_disatar/lenzen_output/config_clean.xml]
2025-12-09T14:09:36,599  INFO org.matsim.core.config.groups.ScoringConfigGroup:1607 NO OPENING OR CLOSING TIMES DEFINED!

There is no activity type that has an opening *and* closing time (or opening time and late penalty) defined.
This usually means that the activity chains can be shifted by an arbitrary
number of hours without having an effect on the score of the plans, and thus
resulting in wrong results / traffic patterns.
If you are using MATSim without time adaptation, you can ignore this warning.


2025-12-09T14:09:36,600  INFO org.matsim.core.config.consistency.VspConfigConsistencyCheckerImpl:62 NOT running vsp config consistency check because vsp defaults checking level is set to IGNORE
2025-12-09T14:09:36,923  INFO org.matsim.core.events.SimStepParallelEventsManagerImpl:83 number of threads=1
2025-12-09T14:09:36,924  INFO org.matsim.core.scenario.ScenarioLoaderImpl:135 loading network from file:/Users/ro9air/matsim-example-project/5000_disatar/lenzen_output/network_clean.xml.gz
2025-12-09T14:09:36,924  INFO org.matsim.core.utils.io.MatsimXmlParser:170 starting to parse xml from url file:/Users/ro9air/matsim-example-project/5000_disatar/lenzen_output/network_clean.xml.gz ...
2025-12-09T14:09:36,961  INFO org.matsim.core.network.io.MatsimNetworkReader:122 using network_v2-reader.
2025-12-09T14:09:36,961  INFO org.matsim.core.utils.io.MatsimXmlParser:296 Trying to load http://www.matsim.org/files/dtd/network_v2.dtd. In some cases (e.g. network interface up but no connection), this may take a bit.
2025-12-09T14:09:37,227  INFO org.matsim.core.network.NetworkImpl:165  node # 1
2025-12-09T14:09:37,228  INFO org.matsim.core.network.NetworkImpl:165  node # 4
2025-12-09T14:09:37,229  INFO org.matsim.core.network.NetworkImpl:165  node # 16
2025-12-09T14:09:37,233  INFO org.matsim.core.network.NetworkImpl:165  node # 64
2025-12-09T14:09:37,240  INFO org.matsim.core.network.NetworkImpl:161  link # 1
2025-12-09T14:09:37,241  INFO org.matsim.core.network.NetworkImpl:161  link # 4
2025-12-09T14:09:37,243  INFO org.matsim.core.network.NetworkImpl:161  link # 16
2025-12-09T14:09:37,249  INFO org.matsim.core.network.NetworkImpl:161  link # 64
2025-12-09T14:09:37,260  INFO org.matsim.core.network.NetworkImpl:161  link # 256
2025-12-09T14:09:37,261  INFO org.matsim.core.scenario.ScenarioLoaderImpl:172 no facilities file set in config, therefore not loading any facilities.  This is not a problem except if you are using facilities
2025-12-09T14:09:37,261  INFO org.matsim.core.scenario.ScenarioLoaderImpl:188 no facility-attributes file set in config, not loading any facility attributes
2025-12-09T14:09:37,261  INFO org.matsim.core.scenario.ScenarioLoaderImpl:196 loading population from file:/Users/ro9air/matsim-example-project/5000_disatar/lenzen_output/population_clean.xml
2025-12-09T14:09:37,263  INFO org.matsim.core.utils.io.MatsimXmlParser:170 starting to parse xml from url file:/Users/ro9air/matsim-example-project/5000_disatar/lenzen_output/population_clean.xml ...
2025-12-09T14:09:37,267  INFO org.matsim.core.scenario.ScenarioLoaderImpl:135 loading network from file:/Users/ro9air/matsim-example-project/5000_disatar/lenzen_output/network_clean.xml.gz
2025-12-09T14:09:37,267  INFO org.matsim.core.utils.io.MatsimXmlParser:170 starting to parse xml from url file:/Users/ro9air/matsim-example-project/5000_disatar/lenzen_output/network_clean.xml.gz ...
2025-12-09T14:09:37,268  INFO org.matsim.core.network.io.MatsimNetworkReader:122 using network_v2-reader.
2025-12-09T14:09:37,268  INFO org.matsim.core.utils.io.MatsimXmlParser:296 Trying to load http://www.matsim.org/files/dtd/network_v2.dtd. In some cases (e.g. network interface up but no connection), this may take a bit.
2025-12-09T14:09:37,535  INFO org.matsim.core.scenario.ScenarioLoaderImpl:135 loading network from file:/Users/ro9air/matsim-example-project/5000_disatar/lenzen_output/network_clean.xml.gz
2025-12-09T14:09:37,535  INFO org.matsim.core.utils.io.MatsimXmlParser:170 starting to parse xml from url file:/Users/ro9air/matsim-example-project/5000_disatar/lenzen_output/network_clean.xml.gz ...
2025-12-09T14:09:37,536  INFO org.matsim.core.network.io.MatsimNetworkReader:122 using network_v2-reader.
2025-12-09T14:09:37,536  INFO org.matsim.core.utils.io.MatsimXmlParser:296 Trying to load http://www.matsim.org/files/dtd/network_v2.dtd. In some cases (e.g. network interface up but no connection), this may take a bit.
2025-12-09T14:09:37,802  INFO org.matsim.core.scenario.ScenarioLoaderImpl:135 loading network from file:/Users/ro9air/matsim-example-project/5000_disatar/lenzen_output/network_clean.xml.gz
2025-12-09T14:09:37,802  INFO org.matsim.core.utils.io.MatsimXmlParser:170 starting to parse xml from url file:/Users/ro9air/matsim-example-project/5000_disatar/lenzen_output/network_clean.xml.gz ...
2025-12-09T14:09:37,803  INFO org.matsim.core.network.io.MatsimNetworkReader:122 using network_v2-reader.
2025-12-09T14:09:37,803  INFO org.matsim.core.utils.io.MatsimXmlParser:296 Trying to load http://www.matsim.org/files/dtd/network_v2.dtd. In some cases (e.g. network interface up but no connection), this may take a bit.
2025-12-09T14:09:38,066  INFO org.matsim.core.scenario.ScenarioLoaderImpl:135 loading network from file:/Users/ro9air/matsim-example-project/5000_disatar/lenzen_output/network_clean.xml.gz
2025-12-09T14:09:38,066  INFO org.matsim.core.utils.io.MatsimXmlParser:170 starting to parse xml from url file:/Users/ro9air/matsim-example-project/5000_disatar/lenzen_output/network_clean.xml.gz ...
2025-12-09T14:09:38,067  INFO org.matsim.core.network.io.MatsimNetworkReader:122 using network_v2-reader.
2025-12-09T14:09:38,067  INFO org.matsim.core.utils.io.MatsimXmlParser:296 Trying to load http://www.matsim.org/files/dtd/network_v2.dtd. In some cases (e.g. network interface up but no connection), this may take a bit.
2025-12-09T14:09:38,328  INFO org.matsim.core.scenario.ScenarioLoaderImpl:135 loading network from file:/Users/ro9air/matsim-example-project/5000_disatar/lenzen_output/network_clean.xml.gz
2025-12-09T14:09:38,328  INFO org.matsim.core.utils.io.MatsimXmlParser:170 starting to parse xml from url file:/Users/ro9air/matsim-example-project/5000_disatar/lenzen_output/network_clean.xml.gz ...
2025-12-09T14:09:38,329  INFO org.matsim.core.network.io.MatsimNetworkReader:122 using network_v2-reader.
2025-12-09T14:09:38,329  INFO org.matsim.core.utils.io.MatsimXmlParser:296 Trying to load http://www.matsim.org/files/dtd/network_v2.dtd. In some cases (e.g. network interface up but no connection), this may take a bit.
2025-12-09T14:09:38,593  INFO org.matsim.core.scenario.ScenarioLoaderImpl:135 loading network from file:/Users/ro9air/matsim-example-project/5000_disatar/lenzen_output/network_clean.xml.gz
2025-12-09T14:09:38,593  INFO org.matsim.core.utils.io.MatsimXmlParser:170 starting to parse xml from url file:/Users/ro9air/matsim-example-project/5000_disatar/lenzen_output/network_clean.xml.gz ...
2025-12-09T14:09:38,593  INFO org.matsim.core.network.io.MatsimNetworkReader:122 using network_v2-reader.
2025-12-09T14:09:38,593  INFO org.matsim.core.utils.io.MatsimXmlParser:296 Trying to load http://www.matsim.org/files/dtd/network_v2.dtd. In some cases (e.g. network interface up but no connection), this may take a bit.
