time_s,time,person_id,mode,mode_original,x,y,leg_index,status,vehicleRefId,pt_transitLineId,pt_transitRouteId,pt_transportMode,activity_type,activity_sequence,activity_link,activity_dist_km,activity_match_type,activity_count,activity_types
21600,6:00:00,mixed_agent_01,walk,walk,304403.51,2766071.46,0,in_leg,,,,,home,0,pt_metro_G06_DN_pt_metro_G05_DN,0.0,spatial,3,"home,pt interaction,work"
21608,6:00:08,mixed_agent_01,walk,walk,304403.8769018519,2766079.7383859106,0,in_leg,,,,,home,0,pt_metro_G06_DN_pt_metro_G05_DN,0.008286512550821773,spatial,3,"home,pt interaction,work"
21616,6:00:16,mixed_agent_01,walk,walk,304404.24380370387,2766088.0167718213,0,in_leg,,,,,pt interaction,1,pt_metro_G06_DN,0.008286512550821773,spatial,3,"home,pt interaction,work"
21624,6:00:24,mixed_agent_01,walk,walk,304404.61070555577,2766096.295157732,0,in_leg,,,,,pt interaction,1,pt_metro_G06_DN,0.0,spatial,3,"home,pt interaction,work"
21699,6:01:39,mixed_agent_01,subway,pt,304404.61070555577,2766096.295157732,1,in_leg,,metro_Green,metro_Green_1_1_40320,subway,pt interaction,1,pt_metro_G06_DN,0.0,spatial,3,"home,pt interaction,work"
21699,6:01:39,mixed_agent_01,subway,pt,304591.03847905016,2765090.6795186438,1,in_leg,,metro_Green,metro_Green_1_1_40320,subway,,,,,,3,"home,pt interaction,work"
21699,6:01:39,mixed_agent_01,subway,pt,304656.9326833884,2763972.743357124,1,in_leg,,metro_Green,metro_Green_1_1_40320,subway,,,,,,3,"home,pt interaction,work"
21709,6:01:49,mixed_agent_01,subway,pt,304418.95130351686,2766018.940108571,1,in_leg,,metro_Green,metro_Green_1_1_40320,subway,home,0,pt_metro_G06_DN_pt_metro_G05_DN,0.0547427881093801,spatial,3,"home,pt interaction,work"
21709,6:01:49,mixed_agent_01,subway,pt,304593.47900513676,2765049.2744756243,1,in_leg,,metro_Green,metro_Green_1_1_40320,subway,,,,,,3,"home,pt interaction,work"
21709,6:01:49,mixed_agent_01,subway,pt,304661.23236836976,2763951.567206904,1,in_leg,,metro_Green,metro_Green_1_1_40320,subway,,,,,,3,"home,pt interaction,work"
21719,6:01:59,mixed_agent_01,subway,pt,304433.29190147796,2765941.585059411,1,in_leg,,metro_Green,metro_Green_1_1_40320,subway,home,0,pt_metro_G06_DN_pt_metro_G05_DN,0.13324586991219284,spatial,3,"home,pt interaction,work"
21719,6:01:59,mixed_agent_01,subway,pt,304595.91953122336,2765007.8694326053,1,in_leg,,metro_Green,metro_Green_1_1_40320,subway,,,,,,3,"home,pt interaction,work"
21719,6:01:59,mixed_agent_01,subway,pt,304665.5320533511,2763930.391056684,1,in_leg,,metro_Green,metro_Green_1_1_40320,subway,,,,,,3,"home,pt interaction,work"
21729,6:02:09,mixed_agent_01,subway,pt,304447.63249943906,2765864.23001025,1,in_leg,,metro_Green,metro_Green_1_1_40320,subway,home,0,pt_metro_G06_DN_pt_metro_G05_DN,0.21187511323529698,spatial,3,"home,pt interaction,work"
21729,6:02:09,mixed_agent_01,subway,pt,304598.36005730997,2764966.464389586,1,in_leg,,metro_Green,metro_Green_1_1_40320,subway,,,,,,3,"home,pt interaction,work"
21729,6:02:09,mixed_agent_01,subway,pt,304669.83173833246,2763909.2149064634,1,in_leg,,metro_Green,metro_Green_1_1_40320,subway,,,,,,3,"home,pt interaction,work"
21738,6:02:18,mixed_agent_01,subway,pt,304461.9730974002,2765786.8749610893,1,in_leg,,metro_Green,metro_Green_1_1_40320,subway,home,0,pt_metro_G06_DN_pt_metro_G05_DN,0.2905281021336578,spatial,3,"home,pt interaction,work"
21738,6:02:18,mixed_agent_01,subway,pt,304674.1314233138,2763888.0387562434,1,in_leg,,metro_Green,metro_Green_1_1_40320,subway,,,,,,3,"home,pt interaction,work"
21739,6:02:19,mixed_agent_01,subway,pt,304600.8005833966,2764925.059346567,1,in_leg,,metro_Green,metro_Green_1_1_40320,subway,,,,,,3,"home,pt interaction,work"
21748,6:02:28,mixed_agent_01,subway,pt,304476.3136953613,2765709.519911929,1,in_leg,,metro_Green,metro_Green_1_1_40320,subway,home,0,pt_metro_G06_DN_pt_metro_G05_DN,0.36918966048774104,spatial,3,"home,pt interaction,work"
21748,6:02:28,mixed_agent_01,subway,pt,304678.43110829516,2763866.8626060234,1,in_leg,,metro_Green,metro_Green_1_1_40320,subway,,,,,,3,"home,pt interaction,work"
21749,6:02:29,mixed_agent_01,subway,pt,304603.2411094832,2764883.6543035475,1,in_leg,,metro_Green,metro_Green_1_1_40320,subway,,,,,,3,"home,pt interaction,work"
21758,6:02:38,mixed_agent_01,subway,pt,304490.6542933224,2765632.1648627683,1,in_leg,,metro_Green,metro_Green_1_1_40320,subway,home,0,pt_metro_G06_DN_pt_metro_G05_DN,0.4478552728885554,spatial,3,"home,pt interaction,work"
21758,6:02:38,mixed_agent_01,subway,pt,304682.7307932765,2763845.6864558035,1,in_leg,,metro_Green,metro_Green_1_1_40320,subway,,,,,,3,"home,pt interaction,work"
21759,6:02:39,mixed_agent_01,subway,pt,304605.6816355698,2764842.249260528,1,in_leg,,metro_Green,metro_Green_1_1_40320,subway,,,,,,3,"home,pt interaction,work"
21768,6:02:48,mixed_agent_01,subway,pt,304504.9948912835,2765554.8098136075,1,in_leg,,metro_Green,metro_Green_1_1_40320,subway,,,,,,3,"home,pt interaction,work"
21768,6:02:48,mixed_agent_01,subway,pt,304687.03047825786,2763824.510305583,1,in_leg,,metro_Green,metro_Green_1_1_40320,subway,,,,,,3,"home,pt interaction,work"
21769,6:02:49,mixed_agent_01,subway,pt,304608.1221616564,2764800.844217509,1,in_leg,,metro_Green,metro_Green_1_1_40320,subway,,,,,,3,"home,pt interaction,work"
21778,6:02:58,mixed_agent_01,subway,pt,304519.3354892446,2765477.4547644467,1,in_leg,,metro_Green,metro_Green_1_1_40320,subway,,,,,,3,"home,pt interaction,work"
21778,6:02:58,mixed_agent_01,subway,pt,304691.3301632392,2763803.334155363,1,in_leg,,metro_Green,metro_Green_1_1_40320,subway,,,,,,3,"home,pt interaction,work"
21779,6:02:59,mixed_agent_01,subway,pt,304610.562687743,2764759.4391744896,1,in_leg,,metro_Green,metro_Green_1_1_40320,subway,,,,,,3,"home,pt interaction,work"
21788,6:03:08,mixed_agent_01,subway,pt,304533.6760872057,2765400.0997152864,1,in_leg,,metro_Green,metro_Green_1_1_40320,subway,,,,,,3,"home,pt interaction,work"
21788,6:03:08,mixed_agent_01,subway,pt,304695.62984822056,2763782.158005143,1,in_leg,,metro_Green,metro_Green_1_1_40320,subway,,,,,,3,"home,pt interaction,work"
21789,6:03:09,mixed_agent_01,subway,pt,304613.0032138296,2764718.0341314706,1,in_leg,,metro_Green,metro_Green_1_1_40320,subway,,,,,,3,"home,pt interaction,work"
21797,6:03:17,mixed_agent_01,subway,pt,304548.01668516686,2765322.7446661256,1,in_leg,,metro_Green,metro_Green_1_1_40320,subway,,,,,,3,"home,pt interaction,work"
21797,6:03:17,mixed_agent_01,subway,pt,304699.9295332019,2763760.981854923,1,in_leg,,metro_Green,metro_Green_1_1_40320,subway,,,,,,3,"home,pt interaction,work"
21799,6:03:19,mixed_agent_01,subway,pt,304615.4437399162,2764676.629088451,1,in_leg,,metro_Green,metro_Green_1_1_40320,subway,,,,,,3,"home,pt interaction,work"
21807,6:03:27,mixed_agent_01,subway,pt,304562.35728312796,2765245.389616965,1,in_leg,,metro_Green,metro_Green_1_1_40320,subway,,,,,,3,"home,pt interaction,work"
21807,6:03:27,mixed_agent_01,subway,pt,304704.22921818326,2763739.8057047026,1,in_leg,,metro_Green,metro_Green_1_1_40320,subway,,,,,,3,"home,pt interaction,work"
21809,6:03:29,mixed_agent_01,subway,pt,304617.8842660028,2764635.2240454317,1,in_leg,,metro_Green,metro_Green_1_1_40320,subway,,,,,,3,"home,pt interaction,work"
21817,6:03:37,mixed_agent_01,subway,pt,304576.69788108906,2765168.0345678045,1,in_leg,,metro_Green,metro_Green_1_1_40320,subway,,,,,,3,"home,pt interaction,work"
21817,6:03:37,mixed_agent_01,subway,pt,304708.5289031646,2763718.6295544826,1,in_leg,,metro_Green,metro_Green_1_1_40320,subway,,,,,,3,"home,pt interaction,work"
21819,6:03:39,mixed_agent_01,subway,pt,304620.3247920894,2764593.8190024127,1,in_leg,,metro_Green,metro_Green_1_1_40320,subway,,,,,,3,"home,pt interaction,work"
21827,6:03:47,mixed_agent_01,subway,pt,304591.03847905016,2765090.6795186438,1,in_leg,,metro_Green,metro_Green_1_1_40320,subway,,,,,,3,"home,pt interaction,work"
21827,6:03:47,mixed_agent_01,subway,pt,304712.82858814596,2763697.4534042627,1,in_leg,,metro_Green,metro_Green_1_1_40320,subway,,,,,,3,"home,pt interaction,work"
21829,6:03:49,mixed_agent_01,subway,pt,304622.765318176,2764552.4139593933,1,in_leg,,metro_Green,metro_Green_1_1_40320,subway,,,,,,3,"home,pt interaction,work"
21837,6:03:57,mixed_agent_01,subway,pt,304717.1282731273,2763676.2772540427,1,in_leg,,metro_Green,metro_Green_1_1_40320,subway,,,,,,3,"home,pt interaction,work"
21838,6:03:58,mixed_agent_01,subway,pt,304625.20584426256,2764511.0089163743,1,in_leg,,metro_Green,metro_Green_1_1_40320,subway,,,,,,3,"home,pt interaction,work"
21847,6:04:07,mixed_agent_01,subway,pt,304721.42795810866,2763655.1011038222,1,in_leg,,metro_Green,metro_Green_1_1_40320,subway,pt interaction,2,pt_metro_G03_DN,0.49698983569539423,spatial,3,"home,pt interaction,work"
21848,6:04:08,mixed_agent_01,subway,pt,304627.64637034916,2764469.603873355,1,in_leg,,metro_Green,metro_Green_1_1_40320,subway,,,,,,3,"home,pt interaction,work"
21856,6:04:16,mixed_agent_01,subway,pt,304725.72764309,2763633.9249536023,1,in_leg,,metro_Green,metro_Green_1_1_40320,subway,pt interaction,2,pt_metro_G03_DN,0.4753815819696062,spatial,3,"home,pt interaction,work"
21858,6:04:18,mixed_agent_01,subway,pt,304630.08689643577,2764428.198830336,1,in_leg,,metro_Green,metro_Green_1_1_40320,subway,,,,,,3,"home,pt interaction,work"
21866,6:04:26,mixed_agent_01,subway,pt,304730.02732807136,2763612.7488033823,1,in_leg,,metro_Green,metro_Green_1_1_40320,subway,pt interaction,2,pt_metro_G03_DN,0.4537733282438182,spatial,3,"home,pt interaction,work"
21868,6:04:28,mixed_agent_01,subway,pt,304632.52742252237,2764386.7937873164,1,in_leg,,metro_Green,metro_Green_1_1_40320,subway,,,,,,3,"home,pt interaction,work"
21876,6:04:36,mixed_agent_01,subway,pt,304734.3270130527,2763591.5726531623,1,in_leg,,metro_Green,metro_Green_1_1_40320,subway,pt interaction,2,pt_metro_G03_DN,0.4321650745180302,spatial,3,"home,pt interaction,work"
21878,6:04:38,mixed_agent_01,subway,pt,304634.967948609,2764345.388744297,1,in_leg,,metro_Green,metro_Green_1_1_40320,subway,,,,,,3,"home,pt interaction,work"
21886,6:04:46,mixed_agent_01,subway,pt,304738.626698034,2763570.396502942,1,in_leg,,metro_Green,metro_Green_1_1_40320,subway,pt interaction,2,pt_metro_G03_DN,0.4105568207917974,spatial,3,"home,pt interaction,work"
21888,6:04:48,mixed_agent_01,subway,pt,304637.4084746956,2764303.983701278,1,in_leg,,metro_Green,metro_Green_1_1_40320,subway,,,,,,3,"home,pt interaction,work"
21896,6:04:56,mixed_agent_01,subway,pt,304742.92638301535,2763549.220352722,1,in_leg,,metro_Green,metro_Green_1_1_40320,subway,pt interaction,2,pt_metro_G03_DN,0.38894856706600944,spatial,3,"home,pt interaction,work"
21898,6:04:58,mixed_agent_01,subway,pt,304639.8490007822,2764262.5786582585,1,in_leg,,metro_Green,metro_Green_1_1_40320,subway,,,,,,3,"home,pt interaction,work"
21906,6:05:06,mixed_agent_01,subway,pt,304747.2260679967,2763528.044202502,1,in_leg,,metro_Green,metro_Green_1_1_40320,subway,pt interaction,2,pt_metro_G03_DN,0.36734031334022144,spatial,3,"home,pt interaction,work"
21908,6:05:08,mixed_agent_01,subway,pt,304642.2895268688,2764221.1736152396,1,in_leg,,metro_Green,metro_Green_1_1_40320,subway,,,,,,3,"home,pt interaction,work"
21916,6:05:16,mixed_agent_01,subway,pt,304751.52575297805,2763506.868052282,1,in_leg,,metro_Green,metro_Green_1_1_40320,subway,pt interaction,2,pt_metro_G03_DN,0.34573205961443343,spatial,3,"home,pt interaction,work"
21918,6:05:18,mixed_agent_01,subway,pt,304644.7300529554,2764179.76857222,1,in_leg,,metro_Green,metro_Green_1_1_40320,subway,,,,,,3,"home,pt interaction,work"
21925,6:05:25,mixed_agent_01,subway,pt,304755.8254379594,2763485.691902062,1,in_leg,,metro_Green,metro_Green_1_1_40320,subway,pt interaction,2,pt_metro_G03_DN,0.32412380588864537,spatial,3,"home,pt interaction,work"
21928,6:05:28,mixed_agent_01,subway,pt,304647.170579042,2764138.3635292007,1,in_leg,,metro_Green,metro_Green_1_1_40320,subway,,,,,,3,"home,pt interaction,work"
21935,6:05:35,mixed_agent_01,subway,pt,304760.12512294075,2763464.5157518415,1,in_leg,,metro_Green,metro_Green_1_1_40320,subway,pt interaction,2,pt_metro_G03_DN,0.3025155521624011,spatial,3,"home,pt interaction,work"
21938,6:05:38,mixed_agent_01,subway,pt,304649.6111051286,2764096.9584861817,1,in_leg,,metro_Green,metro_Green_1_1_40320,subway,,,,,,3,"home,pt interaction,work"
21945,6:05:45,mixed_agent_01,subway,pt,304764.4248079221,2763443.3396016215,1,in_leg,,metro_Green,metro_Green_1_1_40320,subway,pt interaction,2,pt_metro_G03_DN,0.28090729843661305,spatial,3,"home,pt interaction,work"
21948,6:05:48,mixed_agent_01,subway,pt,304652.0516312152,2764055.5534431622,1,in_leg,,metro_Green,metro_Green_1_1_40320,subway,,,,,,3,"home,pt interaction,work"
21955,6:05:55,mixed_agent_01,subway,pt,304768.72449290345,2763422.1634514015,1,in_leg,,metro_Green,metro_Green_1_1_40320,subway,pt interaction,2,pt_metro_G03_DN,0.25929904471082504,spatial,3,"home,pt interaction,work"
21958,6:05:58,mixed_agent_01,subway,pt,304654.4921573018,2764014.1484001433,1,in_leg,,metro_Green,metro_Green_1_1_40320,subway,,,,,,3,"home,pt interaction,work"
21965,6:06:05,mixed_agent_01,subway,pt,304773.0241778848,2763400.9873011815,1,in_leg,,metro_Green,metro_Green_1_1_40320,subway,pt interaction,2,pt_metro_G03_DN,0.23769079098503706,spatial,3,"home,pt interaction,work"
21968,6:06:08,mixed_agent_01,subway,pt,304656.9326833884,2763972.743357124,1,in_leg,,metro_Green,metro_Green_1_1_40320,subway,,,,,,3,"home,pt interaction,work"
21975,6:06:15,mixed_agent_01,subway,pt,304777.32386286615,2763379.811150961,1,in_leg,,metro_Green,metro_Green_1_1_40320,subway,pt interaction,2,pt_metro_G03_DN,0.2160825372587927,spatial,3,"home,pt interaction,work"
21984,6:06:24,mixed_agent_01,subway,pt,304781.6235478475,2763358.635000741,1,in_leg,,metro_Green,metro_Green_1_1_40320,subway,pt interaction,2,pt_metro_G03_DN,0.19447428353300472,spatial,3,"home,pt interaction,work"
21994,6:06:34,mixed_agent_01,subway,pt,304785.92323282885,2763337.458850521,1,in_leg,,metro_Green,metro_Green_1_1_40320,subway,pt interaction,2,pt_metro_G03_DN,0.17286602980721671,spatial,3,"home,pt interaction,work"
22004,6:06:44,mixed_agent_01,subway,pt,304790.2229178102,2763316.282700301,1,in_leg,,metro_Green,metro_Green_1_1_40320,subway,pt interaction,2,pt_metro_G03_DN,0.1512577760814287,spatial,3,"home,pt interaction,work"
22014,6:06:54,mixed_agent_01,subway,pt,304794.52260279155,2763295.1065500807,1,in_leg,,metro_Green,metro_Green_1_1_40320,subway,pt interaction,2,pt_metro_G03_DN,0.12964952235518437,spatial,3,"home,pt interaction,work"
22024,6:07:04,mixed_agent_01,subway,pt,304798.8222877729,2763273.9303998607,1,in_leg,,metro_Green,metro_Green_1_1_40320,subway,pt interaction,2,pt_metro_G03_DN,0.10804126862939635,spatial,3,"home,pt interaction,work"
22034,6:07:14,mixed_agent_01,subway,pt,304803.12197275425,2763252.7542496407,1,in_leg,,metro_Green,metro_Green_1_1_40320,subway,pt interaction,2,pt_metro_G03_DN,0.08643301490360836,spatial,3,"home,pt interaction,work"
22043,6:07:23,mixed_agent_01,subway,pt,304807.4216577356,2763231.5780994208,1,in_leg,,metro_Green,metro_Green_1_1_40320,subway,pt interaction,2,pt_metro_G03_DN,0.06482476117782035,spatial,3,"home,pt interaction,work"
22053,6:07:33,mixed_agent_01,subway,pt,304811.72134271695,2763210.4019492003,1,in_leg,,metro_Green,metro_Green_1_1_40320,subway,pt interaction,2,pt_metro_G03_DN,0.04321650745157601,spatial,3,"home,pt interaction,work"
22063,6:07:43,mixed_agent_01,subway,pt,304816.0210276983,2763189.2257989803,1,in_leg,,metro_Green,metro_Green_1_1_40320,subway,pt interaction,2,pt_metro_G03_DN,0.021608253725788003,spatial,3,"home,pt interaction,work"
22073,6:07:53,mixed_agent_01,subway,pt,304820.32071267965,2763168.0496487604,1,in_leg,,metro_Green,metro_Green_1_1_40320,subway,pt interaction,2,pt_metro_G03_DN,0.0,spatial,3,"home,pt interaction,work"
22073,6:07:53,mixed_agent_01,walk,walk,304820.32071267965,2763168.0496487604,2,in_leg,,,,,pt interaction,2,pt_metro_G03_DN,0.0,spatial,3,"home,pt interaction,work"
22081,6:08:01,mixed_agent_01,walk,walk,304826.1503563398,2763161.97982438,2,in_leg,,,,,work,3,pt_metro_G03_DN_pt_metro_G02_DN,0.008415908341169853,spatial,3,"home,pt interaction,work"
22089,6:08:09,mixed_agent_01,walk,walk,304831.98,2763155.91,2,in_leg,,,,,work,3,pt_metro_G03_DN_pt_metro_G02_DN,0.0,spatial,3,"home,pt interaction,work"
23400,6:30:00,pt_agent_04,walk,walk,301282.53,2601980.3,0,in_leg,,,,,home,0,pt_bus_THB145794_pt_bus_THB238240,0.0,spatial,2,"home,work"
23410,6:30:10,pt_agent_04,walk,walk,301283.0772972973,2601990.96997921,0,in_leg,,,,,home,0,pt_bus_THB145794_pt_bus_THB238240,0.010684006302585623,spatial,2,"home,work"
23420,6:30:20,pt_agent_04,walk,walk,301283.62459459464,2602001.63995842,0,in_leg,,,,,home,0,pt_bus_THB145794_pt_bus_THB238240,0.02136801260517423,spatial,2,"home,work"
23430,6:30:30,pt_agent_04,walk,walk,301284.1718918919,2602012.30993763,0,in_leg,,,,,home,0,pt_bus_THB145794_pt_bus_THB238240,0.032052018907759855,spatial,2,"home,work"
23440,6:30:40,pt_agent_04,walk,walk,301284.7191891892,2602022.97991684,0,in_leg,,,,,home,0,pt_bus_THB145794_pt_bus_THB238240,0.042736025210345474,spatial,2,"home,work"
23450,6:30:50,pt_agent_04,walk,walk,301285.26648648654,2602033.64989605,0,in_leg,,,,,home,0,pt_bus_THB145794_pt_bus_THB238240,0.053420031512934084,spatial,2,"home,work"
23460,6:31:00,pt_agent_04,walk,walk,301285.8137837838,2602044.31987526,0,in_leg,,,,,home,0,pt_bus_THB145794_pt_bus_THB238240,0.06410403781551971,spatial,2,"home,work"
23470,6:31:10,pt_agent_04,walk,walk,301286.3610810811,2602054.98985447,0,in_leg,,,,,home,0,pt_bus_THB145794_pt_bus_THB238240,0.07478804411810533,spatial,2,"home,work"
23480,6:31:20,pt_agent_04,walk,walk,301286.90837837843,2602065.6598336794,0,in_leg,,,,,home,0,pt_bus_THB145794_pt_bus_THB238240,0.08547205042022889,spatial,2,"home,work"
23490,6:31:30,pt_agent_04,walk,walk,301287.4556756757,2602076.3298128895,0,in_leg,,,,,home,0,pt_bus_THB145794_pt_bus_THB238240,0.0961560567228145,spatial,2,"home,work"
23500,6:31:40,pt_agent_04,walk,walk,301288.002972973,2602086.9997920995,0,in_leg,,,,,home,0,pt_bus_THB145794_pt_bus_THB238240,0.10684006302540014,spatial,2,"home,work"
23510,6:31:50,pt_agent_04,walk,walk,301288.5502702703,2602097.6697713095,0,in_leg,,,,,home,0,pt_bus_THB145794_pt_bus_THB238240,0.11752406932798874,spatial,2,"home,work"
23520,6:32:00,pt_agent_04,walk,walk,301289.0975675676,2602108.3397505195,0,in_leg,,,,,home,0,pt_bus_THB145794_pt_bus_THB238240,0.12820807563057438,spatial,2,"home,work"
23530,6:32:10,pt_agent_04,walk,walk,301289.6448648649,2602119.0097297295,0,in_leg,,,,,home,0,pt_bus_THB145794_pt_bus_THB238240,0.13889208193316,spatial,2,"home,work"
23540,6:32:20,pt_agent_04,walk,walk,301290.1921621622,2602129.6797089395,0,in_leg,,,,,home,0,pt_bus_THB145794_pt_bus_THB238240,0.14957608823574858,spatial,2,"home,work"
23550,6:32:30,pt_agent_04,walk,walk,301290.7394594595,2602140.3496881495,0,in_leg,,,,,home,0,pt_bus_THB145794_pt_bus_THB238240,0.1602600945383342,spatial,2,"home,work"
23560,6:32:40,pt_agent_04,walk,walk,301291.2867567568,2602151.0196673595,0,in_leg,,,,,home,0,pt_bus_THB145794_pt_bus_THB238240,0.17094410084091985,spatial,2,"home,work"
23570,6:32:50,pt_agent_04,walk,walk,301291.8340540541,2602161.6896465695,0,in_leg,,,,,home,0,pt_bus_THB145794_pt_bus_THB238240,0.18162810714350847,spatial,2,"home,work"
23580,6:33:00,pt_agent_04,walk,walk,301292.3813513514,2602172.3596257796,0,in_leg,,,,,home,0,pt_bus_THB145794_pt_bus_THB238240,0.19231211344609406,spatial,2,"home,work"
23590,6:33:10,pt_agent_04,walk,walk,301292.92864864867,2602183.0296049896,0,in_leg,,,,,home,0,pt_bus_THB145794_pt_bus_THB238240,0.20299611974867968,spatial,2,"home,work"
23600,6:33:20,pt_agent_04,walk,walk,301293.47594594595,2602193.6995841996,0,in_leg,,,,,home,0,pt_bus_THB145794_pt_bus_THB238240,0.21368012605126532,spatial,2,"home,work"
23610,6:33:30,pt_agent_04,walk,walk,301294.0232432433,2602204.3695634096,0,in_leg,,,,,home,0,pt_bus_THB145794_pt_bus_THB238240,0.22436413235385394,spatial,2,"home,work"
23620,6:33:40,pt_agent_04,walk,walk,301294.57054054056,2602215.039542619,0,in_leg,,,,,home,0,pt_bus_THB145794_pt_bus_THB238240,0.2350481386559745,spatial,2,"home,work"
23630,6:33:50,pt_agent_04,walk,walk,301295.11783783784,2602225.709521829,0,in_leg,,,,,home,0,pt_bus_THB145794_pt_bus_THB238240,0.24573214495856013,spatial,2,"home,work"
23640,6:34:00,pt_agent_04,walk,walk,301295.6651351352,2602236.379501039,0,in_leg,,,,,home,0,pt_bus_THB145794_pt_bus_THB238240,0.25641615126114875,spatial,2,"home,work"
23650,6:34:10,pt_agent_04,walk,walk,301296.21243243245,2602247.049480249,0,in_leg,,,,,home,0,pt_bus_THB145794_pt_bus_THB238240,0.26710015756373434,spatial,2,"home,work"
23660,6:34:20,pt_agent_04,walk,walk,301296.75972972973,2602257.719459459,0,in_leg,,,,,home,0,pt_bus_THB145794_pt_bus_THB238240,0.27778416386632,spatial,2,"home,work"
23670,6:34:30,pt_agent_04,walk,walk,301297.30702702707,2602268.389438669,0,in_leg,,,,,home,0,pt_bus_THB145794_pt_bus_THB238240,0.2884681701689086,spatial,2,"home,work"
23680,6:34:40,pt_agent_04,walk,walk,301297.85432432435,2602279.059417879,0,in_leg,,,,,home,0,pt_bus_THB145794_pt_bus_THB238240,0.2991521764714942,spatial,2,"home,work"
23690,6:34:50,pt_agent_04,walk,walk,301298.4016216216,2602289.729397089,0,in_leg,,,,,home,0,pt_bus_THB145794_pt_bus_THB238240,0.3098361827740798,spatial,2,"home,work"
23700,6:35:00,pt_agent_04,walk,walk,301298.94891891896,2602300.399376299,0,in_leg,,,,,home,0,pt_bus_THB145794_pt_bus_THB238240,0.3205201890766684,spatial,2,"home,work"
23710,6:35:10,pt_agent_04,walk,walk,301299.49621621624,2602311.0693555092,0,in_leg,,,,,home,0,pt_bus_THB145794_pt_bus_THB238240,0.33120419537925405,spatial,2,"home,work"
23720,6:35:20,pt_agent_04,walk,walk,301300.0435135135,2602321.7393347193,0,in_leg,,,,,home,0,pt_bus_THB145794_pt_bus_THB238240,0.3418882016818397,spatial,2,"home,work"
23730,6:35:30,pt_agent_04,walk,walk,301300.59081081086,2602332.4093139293,0,in_leg,,,,,home,0,pt_bus_THB145794_pt_bus_THB238240,0.3525722079844283,spatial,2,"home,work"
23740,6:35:40,pt_agent_04,walk,walk,301301.13810810813,2602343.0792931393,0,in_leg,,,,,home,0,pt_bus_THB145794_pt_bus_THB238240,0.3632562142870139,spatial,2,"home,work"
23750,6:35:50,pt_agent_04,walk,walk,301301.6854054054,2602353.7492723493,0,in_leg,,,,,home,0,pt_bus_THB145794_pt_bus_THB238240,0.3739402205895996,spatial,2,"home,work"
23760,6:36:00,pt_agent_04,walk,walk,301302.23270270275,2602364.419251559,0,in_leg,,,,,home,0,pt_bus_THB145794_pt_bus_THB238240,0.3846242268917231,spatial,2,"home,work"
23770,6:36:10,pt_agent_04,walk,walk,301302.78,2602375.089230769,0,in_leg,,,,,home,0,pt_bus_THB145794_pt_bus_THB238240,0.39530823319430874,spatial,2,"home,work"
23780,6:36:20,pt_agent_04,walk,walk,301303.3272972973,2602385.759209979,0,in_leg,,,,,home,0,pt_bus_THB145794_pt_bus_THB238240,0.40599223949689434,spatial,2,"home,work"
23790,6:36:30,pt_agent_04,walk,walk,301303.87459459464,2602396.429189189,0,in_leg,,,,,home,0,pt_bus_THB145794_pt_bus_THB238240,0.416676245799483,spatial,2,"home,work"
23800,6:36:40,pt_agent_04,walk,walk,301304.4218918919,2602407.099168399,0,in_leg,,,,,home,0,pt_bus_THB145794_pt_bus_THB238240,0.42736025210206857,spatial,2,"home,work"
23810,6:36:50,pt_agent_04,walk,walk,301304.9691891892,2602417.769147609,0,in_leg,,,,,home,0,pt_bus_THB145794_pt_bus_THB238240,0.43804425840465416,spatial,2,"home,work"
23820,6:37:00,pt_agent_04,walk,walk,301305.51648648654,2602428.439126819,0,in_leg,,,,,home,0,pt_bus_THB145794_pt_bus_THB238240,0.4487282647072428,spatial,2,"home,work"
23830,6:37:10,pt_agent_04,walk,walk,301306.0637837838,2602439.109106029,0,in_leg,,,,,home,0,pt_bus_THB145794_pt_bus_THB238240,0.45941227100982845,spatial,2,"home,work"
23840,6:37:20,pt_agent_04,walk,walk,301306.6110810811,2602449.779085239,0,in_leg,,,,,home,0,pt_bus_THB145794_pt_bus_THB238240,0.47009627731241405,spatial,2,"home,work"
23850,6:37:30,pt_agent_04,walk,walk,301307.15837837843,2602460.449064449,0,in_leg,,,,,home,0,pt_bus_THB145794_pt_bus_THB238240,0.48078028361500263,spatial,2,"home,work"
23860,6:37:40,pt_agent_04,walk,walk,301307.7056756757,2602471.119043659,0,in_leg,,,,,home,0,pt_bus_THB145794_pt_bus_THB238240,0.4914642899175883,spatial,2,"home,work"
23870,6:37:50,pt_agent_04,walk,walk,301308.252972973,2602481.789022869,0,in_leg,,,,,,,,,,2,"home,work"
23880,6:38:00,pt_agent_04,walk,walk,301308.8002702703,2602492.459002079,0,in_leg,,,,,,,,,,2,"home,work"
23890,6:38:10,pt_agent_04,walk,walk,301309.3475675676,2602503.128981289,0,in_leg,,,,,,,,,,2,"home,work"
23900,6:38:20,pt_agent_04,walk,walk,301309.8948648649,2602513.798960499,0,in_leg,,,,,,,,,,2,"home,work"
23910,6:38:30,pt_agent_04,walk,walk,301310.4421621622,2602524.4689397085,0,in_leg,,,,,,,,,,2,"home,work"
23920,6:38:40,pt_agent_04,walk,walk,301310.9894594595,2602535.1389189186,0,in_leg,,,,,,,,,,2,"home,work"
23930,6:38:50,pt_agent_04,walk,walk,301311.5367567568,2602545.8088981286,0,in_leg,,,,,,,,,,2,"home,work"
23940,6:39:00,pt_agent_04,walk,walk,301312.0840540541,2602556.4788773386,0,in_leg,,,,,,,,,,2,"home,work"
23950,6:39:10,pt_agent_04,walk,walk,301312.6313513514,2602567.1488565486,0,in_leg,,,,,,,,,,2,"home,work"
23960,6:39:20,pt_agent_04,walk,walk,301313.17864864867,2602577.8188357586,0,in_leg,,,,,,,,,,2,"home,work"
23970,6:39:30,pt_agent_04,walk,walk,301313.72594594595,2602588.4888149686,0,in_leg,,,,,,,,,,2,"home,work"
23980,6:39:40,pt_agent_04,walk,walk,301314.2732432433,2602599.1587941786,0,in_leg,,,,,,,,,,2,"home,work"
23990,6:39:50,pt_agent_04,walk,walk,301314.82054054056,2602609.8287733886,0,in_leg,,,,,,,,,,2,"home,work"
24000,6:40:00,pt_agent_04,walk,walk,301315.36783783784,2602620.4987525987,0,in_leg,,,,,,,,,,2,"home,work"
24010,6:40:10,pt_agent_04,walk,walk,301315.9151351352,2602631.1687318087,0,in_leg,,,,,,,,,,2,"home,work"
24020,6:40:20,pt_agent_04,walk,walk,301316.46243243245,2602641.8387110187,0,in_leg,,,,,,,,,,2,"home,work"
24030,6:40:30,pt_agent_04,walk,walk,301317.00972972973,2602652.5086902287,0,in_leg,,,,,,,,,,2,"home,work"
24040,6:40:40,pt_agent_04,walk,walk,301317.55702702707,2602663.1786694387,0,in_leg,,,,,,,,,,2,"home,work"
24050,6:40:50,pt_agent_04,walk,walk,301318.10432432435,2602673.8486486482,0,in_leg,,,,,,,,,,2,"home,work"
24060,6:41:00,pt_agent_04,walk,walk,301318.6516216216,2602684.5186278583,0,in_leg,,,,,,,,,,2,"home,work"
24070,6:41:10,pt_agent_04,walk,walk,301319.19891891896,2602695.1886070683,0,in_leg,,,,,,,,,,2,"home,work"
24080,6:41:20,pt_agent_04,walk,walk,301319.74621621624,2602705.8585862783,0,in_leg,,,,,,,,,,2,"home,work"
24090,6:41:30,pt_agent_04,walk,walk,301320.2935135135,2602716.5285654883,0,in_leg,,,,,,,,,,2,"home,work"
24100,6:41:40,pt_agent_04,walk,walk,301320.84081081086,2602727.1985446983,0,in_leg,,,,,,,,,,2,"home,work"
24110,6:41:50,pt_agent_04,walk,walk,301321.38810810813,2602737.8685239083,0,in_leg,,,,,,,,,,2,"home,work"
24120,6:42:00,pt_agent_04,walk,walk,301321.9354054054,2602748.5385031183,0,in_leg,,,,,,,,,,2,"home,work"
24130,6:42:10,pt_agent_04,walk,walk,301322.48270270275,2602759.2084823283,0,in_leg,,,,,,,,,,2,"home,work"
24140,6:42:20,pt_agent_04,walk,walk,301323.03,2602769.8784615383,0,in_leg,,,,,,,,,,2,"home,work"
24150,6:42:30,pt_agent_04,walk,walk,301323.5772972973,2602780.5484407484,0,in_leg,,,,,,,,,,2,"home,work"
24160,6:42:40,pt_agent_04,walk,walk,301324.12459459464,2602791.2184199584,0,in_leg,,,,,,,,,,2,"home,work"
24170,6:42:50,pt_agent_04,walk,walk,301324.6718918919,2602801.8883991684,0,in_leg,,,,,,,,,,2,"home,work"
24180,6:43:00,pt_agent_04,walk,walk,301325.2191891892,2602812.5583783784,0,in_leg,,,,,,,,,,2,"home,work"
24190,6:43:10,pt_agent_04,walk,walk,301325.76648648654,2602823.228357588,0,in_leg,,,,,,,,,,2,"home,work"
24200,6:43:20,pt_agent_04,walk,walk,301326.3137837838,2602833.898336798,0,in_leg,,,,,,,,,,2,"home,work"
24210,6:43:30,pt_agent_04,walk,walk,301326.8610810811,2602844.568316008,0,in_leg,,,,,,,,,,2,"home,work"
24220,6:43:40,pt_agent_04,walk,walk,301327.40837837843,2602855.238295218,0,in_leg,,,,,,,,,,2,"home,work"
24230,6:43:50,pt_agent_04,walk,walk,301327.9556756757,2602865.908274428,0,in_leg,,,,,,,,,,2,"home,work"
24240,6:44:00,pt_agent_04,walk,walk,301328.502972973,2602876.578253638,0,in_leg,,,,,,,,,,2,"home,work"
24250,6:44:10,pt_agent_04,walk,walk,301329.0502702703,2602887.248232848,0,in_leg,,,,,,,,,,2,"home,work"
24260,6:44:20,pt_agent_04,walk,walk,301329.5975675676,2602897.918212058,0,in_leg,,,,,,,,,,2,"home,work"
24270,6:44:30,pt_agent_04,walk,walk,301330.1448648649,2602908.588191268,0,in_leg,,,,,,,,,,2,"home,work"
24280,6:44:40,pt_agent_04,walk,walk,301330.6921621622,2602919.258170478,0,in_leg,,,,,,,,,,2,"home,work"
24290,6:44:50,pt_agent_04,walk,walk,301331.2394594595,2602929.928149688,0,in_leg,,,,,,,,,,2,"home,work"
24300,6:45:00,pt_agent_04,walk,walk,301331.7867567568,2602940.598128898,0,in_leg,,,,,,,,,,2,"home,work"
24310,6:45:10,pt_agent_04,walk,walk,301332.3340540541,2602951.268108108,0,in_leg,,,,,,,,,,2,"home,work"
24320,6:45:20,pt_agent_04,walk,walk,301332.8813513514,2602961.938087318,0,in_leg,,,,,,,,,,2,"home,work"
24330,6:45:30,pt_agent_04,walk,walk,301333.42864864867,2602972.608066528,0,in_leg,,,,,,,,,,2,"home,work"
24340,6:45:40,pt_agent_04,walk,walk,301333.97594594595,2602983.2780457377,0,in_leg,,,,,,,,,,2,"home,work"
24350,6:45:50,pt_agent_04,walk,walk,301334.5232432433,2602993.9480249477,0,in_leg,,,,,,,,,,2,"home,work"
24360,6:46:00,pt_agent_04,walk,walk,301335.07054054056,2603004.6180041577,0,in_leg,,,,,,,,,,2,"home,work"
24370,6:46:10,pt_agent_04,walk,walk,301335.61783783784,2603015.2879833677,0,in_leg,,,,,,,,,,2,"home,work"
24380,6:46:20,pt_agent_04,walk,walk,301336.1651351352,2603025.9579625777,0,in_leg,,,,,,,,,,2,"home,work"
24390,6:46:30,pt_agent_04,walk,walk,301336.71243243245,2603036.6279417877,0,in_leg,,,,,,,,,,2,"home,work"
24400,6:46:40,pt_agent_04,walk,walk,301337.25972972973,2603047.2979209977,0,in_leg,,,,,,,,,,2,"home,work"
24410,6:46:50,pt_agent_04,walk,walk,301337.80702702707,2603057.9679002077,0,in_leg,,,,,,,,,,2,"home,work"
24420,6:47:00,pt_agent_04,walk,walk,301338.35432432435,2603068.6378794177,0,in_leg,,,,,,,,,,2,"home,work"
24430,6:47:10,pt_agent_04,walk,walk,301338.9016216216,2603079.3078586278,0,in_leg,,,,,,,,,,2,"home,work"
24440,6:47:20,pt_agent_04,walk,walk,301339.44891891896,2603089.9778378378,0,in_leg,,,,,,,,,,2,"home,work"
24450,6:47:30,pt_agent_04,walk,walk,301339.99621621624,2603100.647817048,0,in_leg,,,,,,,,,,2,"home,work"
24460,6:47:40,pt_agent_04,walk,walk,301340.5435135135,2603111.317796258,0,in_leg,,,,,,,,,,2,"home,work"
24470,6:47:50,pt_agent_04,walk,walk,301341.09081081086,2603121.987775468,0,in_leg,,,,,,,,,,2,"home,work"
24480,6:48:00,pt_agent_04,walk,walk,301341.63810810813,2603132.6577546773,0,in_leg,,,,,,,,,,2,"home,work"
24490,6:48:10,pt_agent_04,walk,walk,301342.1854054054,2603143.3277338874,0,in_leg,,,,,,,,,,2,"home,work"
24500,6:48:20,pt_agent_04,walk,walk,301342.73270270275,2603153.9977130974,0,in_leg,,,,,,,,,,2,"home,work"
24510,6:48:30,pt_agent_04,walk,walk,301343.28,2603164.6676923074,0,in_leg,,,,,,,,,,2,"home,work"
24520,6:48:40,pt_agent_04,walk,walk,301343.8272972973,2603175.3376715174,0,in_leg,,,,,,,,,,2,"home,work"
24530,6:48:50,pt_agent_04,walk,walk,301344.37459459464,2603186.0076507274,0,in_leg,,,,,,,,,,2,"home,work"
24540,6:49:00,pt_agent_04,walk,walk,301344.9218918919,2603196.6776299374,0,in_leg,,,,,,,,,,2,"home,work"
24550,6:49:10,pt_agent_04,walk,walk,301345.4691891892,2603207.3476091474,0,in_leg,,,,,,,,,,2,"home,work"
24560,6:49:20,pt_agent_04,walk,walk,301346.01648648654,2603218.0175883574,0,in_leg,,,,,,,,,,2,"home,work"
24570,6:49:30,pt_agent_04,walk,walk,301346.5637837838,2603228.6875675675,0,in_leg,,,,,,,,,,2,"home,work"
24580,6:49:40,pt_agent_04,walk,walk,301347.1110810811,2603239.3575467775,0,in_leg,,,,,,,,,,2,"home,work"
24590,6:49:50,pt_agent_04,walk,walk,301347.65837837843,2603250.0275259875,0,in_leg,,,,,,,,,,2,"home,work"
24600,6:50:00,pt_agent_04,walk,walk,301348.2056756757,2603260.6975051975,0,in_leg,,,,,,,,,,2,"home,work"
24610,6:50:10,pt_agent_04,walk,walk,301348.752972973,2603271.3674844075,0,in_leg,,,,,,,,,,2,"home,work"
24620,6:50:20,pt_agent_04,walk,walk,301349.3002702703,2603282.0374636175,0,in_leg,,,,,,,,,,2,"home,work"
24630,6:50:30,pt_agent_04,walk,walk,301349.8475675676,2603292.707442827,0,in_leg,,,,,,,,,,2,"home,work"
24640,6:50:40,pt_agent_04,walk,walk,301350.3948648649,2603303.377422037,0,in_leg,,,,,,,,,,2,"home,work"
24650,6:50:50,pt_agent_04,walk,walk,301350.9421621622,2603314.047401247,0,in_leg,,,,,,,,,,2,"home,work"
24660,6:51:00,pt_agent_04,walk,walk,301351.4894594595,2603324.717380457,0,in_leg,,,,,,,,,,2,"home,work"
24670,6:51:10,pt_agent_04,walk,walk,301352.0367567568,2603335.387359667,0,in_leg,,,,,,,,,,2,"home,work"
24680,6:51:20,pt_agent_04,walk,walk,301352.5840540541,2603346.057338877,0,in_leg,,,,,,,,,,2,"home,work"
24690,6:51:30,pt_agent_04,walk,walk,301353.1313513514,2603356.727318087,0,in_leg,,,,,,,,,,2,"home,work"
24700,6:51:40,pt_agent_04,walk,walk,301353.67864864867,2603367.397297297,0,in_leg,,,,,,,,,,2,"home,work"
24710,6:51:50,pt_agent_04,walk,walk,301354.22594594595,2603378.067276507,0,in_leg,,,,,,,,,,2,"home,work"
24720,6:52:00,pt_agent_04,walk,walk,301354.7732432433,2603388.737255717,0,in_leg,,,,,,,,,,2,"home,work"
24730,6:52:10,pt_agent_04,walk,walk,301355.32054054056,2603399.407234927,0,in_leg,,,,,,,,,,2,"home,work"
24740,6:52:20,pt_agent_04,walk,walk,301355.86783783784,2603410.077214137,0,in_leg,,,,,,,,,,2,"home,work"
24750,6:52:30,pt_agent_04,walk,walk,301356.4151351352,2603420.747193347,0,in_leg,,,,,,,,,,2,"home,work"
24760,6:52:40,pt_agent_04,walk,walk,301356.96243243245,2603431.417172557,0,in_leg,,,,,,,,,,2,"home,work"
24770,6:52:50,pt_agent_04,walk,walk,301357.50972972973,2603442.0871517668,0,in_leg,,,,,,,,,,2,"home,work"
24780,6:53:00,pt_agent_04,walk,walk,301358.05702702707,2603452.7571309768,0,in_leg,,,,,,,,,,2,"home,work"
24790,6:53:10,pt_agent_04,walk,walk,301358.60432432435,2603463.427110187,0,in_leg,,,,,,,,,,2,"home,work"
24800,6:53:20,pt_agent_04,walk,walk,301359.1516216216,2603474.097089397,0,in_leg,,,,,,,,,,2,"home,work"
24810,6:53:30,pt_agent_04,walk,walk,301359.69891891896,2603484.767068607,0,in_leg,,,,,,,,,,2,"home,work"
24820,6:53:40,pt_agent_04,walk,walk,301360.24621621624,2603495.437047817,0,in_leg,,,,,,,,,,2,"home,work"
24830,6:53:50,pt_agent_04,walk,walk,301360.7935135135,2603506.107027027,0,in_leg,,,,,,,,,,2,"home,work"
24840,6:54:00,pt_agent_04,walk,walk,301361.34081081086,2603516.777006237,0,in_leg,,,,,,,,,,2,"home,work"
24850,6:54:10,pt_agent_04,walk,walk,301361.88810810813,2603527.446985447,0,in_leg,,,,,,,,,,2,"home,work"
24860,6:54:20,pt_agent_04,walk,walk,301362.4354054054,2603538.116964657,0,in_leg,,,,,,,,,,2,"home,work"
24870,6:54:30,pt_agent_04,walk,walk,301362.98270270275,2603548.786943867,0,in_leg,,,,,,,,,,2,"home,work"
24880,6:54:40,pt_agent_04,walk,walk,301363.53,2603559.456923077,0,in_leg,,,,,,,,,,2,"home,work"
24890,6:54:50,pt_agent_04,walk,walk,301364.0772972973,2603570.126902287,0,in_leg,,,,,,,,,,2,"home,work"
24900,6:55:00,pt_agent_04,walk,walk,301364.62459459464,2603580.796881497,0,in_leg,,,,,,,,,,2,"home,work"
24910,6:55:10,pt_agent_04,walk,walk,301365.1718918919,2603591.4668607065,0,in_leg,,,,,,,,,,2,"home,work"
24920,6:55:20,pt_agent_04,walk,walk,301365.7191891892,2603602.1368399165,0,in_leg,,,,,,,,,,2,"home,work"
24930,6:55:30,pt_agent_04,walk,walk,301366.26648648654,2603612.8068191265,0,in_leg,,,,,,,,,,2,"home,work"
24940,6:55:40,pt_agent_04,walk,walk,301366.8137837838,2603623.4767983365,0,in_leg,,,,,,,,,,2,"home,work"
24950,6:55:50,pt_agent_04,walk,walk,301367.3610810811,2603634.1467775465,0,in_leg,,,,,,,,,,2,"home,work"
24960,6:56:00,pt_agent_04,walk,walk,301367.90837837843,2603644.8167567565,0,in_leg,,,,,,,,,,2,"home,work"
24970,6:56:10,pt_agent_04,walk,walk,301368.4556756757,2603655.4867359665,0,in_leg,,,,,,,,,,2,"home,work"
24980,6:56:20,pt_agent_04,walk,walk,301369.002972973,2603666.1567151765,0,in_leg,,,,,,,,,,2,"home,work"
24990,6:56:30,pt_agent_04,walk,walk,301369.5502702703,2603676.8266943865,0,in_leg,,,,,,,,,,2,"home,work"
25000,6:56:40,pt_agent_04,walk,walk,301370.0975675676,2603687.4966735966,0,in_leg,,,,,,,,,,2,"home,work"
25010,6:56:50,pt_agent_04,walk,walk,301370.6448648649,2603698.1666528066,0,in_leg,,,,,,,,,,2,"home,work"
25020,6:57:00,pt_agent_04,walk,walk,301371.1921621622,2603708.8366320166,0,in_leg,,,,,,,,,,2,"home,work"
25030,6:57:10,pt_agent_04,walk,walk,301371.7394594595,2603719.5066112266,0,in_leg,,,,,,,,,,2,"home,work"
25040,6:57:20,pt_agent_04,walk,walk,301372.2867567568,2603730.1765904366,0,in_leg,,,,,,,,,,2,"home,work"
25050,6:57:30,pt_agent_04,walk,walk,301372.8340540541,2603740.8465696466,0,in_leg,,,,,,,,,,2,"home,work"
25060,6:57:40,pt_agent_04,walk,walk,301373.3813513514,2603751.516548856,0,in_leg,,,,,,,,,,2,"home,work"
25070,6:57:50,pt_agent_04,walk,walk,301373.92864864867,2603762.186528066,0,in_leg,,,,,,,,,,2,"home,work"
25080,6:58:00,pt_agent_04,walk,walk,301374.47594594595,2603772.856507276,0,in_leg,,,,,,,,,,2,"home,work"
25090,6:58:10,pt_agent_04,walk,walk,301375.0232432433,2603783.526486486,0,in_leg,,,,,,,,,,2,"home,work"
25100,6:58:20,pt_agent_04,walk,walk,301375.57054054056,2603794.196465696,0,in_leg,,,,,,,,,,2,"home,work"
25110,6:58:30,pt_agent_04,walk,walk,301376.11783783784,2603804.866444906,0,in_leg,,,,,,,,,,2,"home,work"
25120,6:58:40,pt_agent_04,walk,walk,301376.6651351352,2603815.536424116,0,in_leg,,,,,,,,,,2,"home,work"
25130,6:58:50,pt_agent_04,walk,walk,301377.21243243245,2603826.2064033262,0,in_leg,,,,,,,,,,2,"home,work"
25140,6:59:00,pt_agent_04,walk,walk,301377.75972972973,2603836.8763825363,0,in_leg,,,,,,,,,,2,"home,work"
25150,6:59:10,pt_agent_04,walk,walk,301378.30702702707,2603847.5463617463,0,in_leg,,,,,,,,,,2,"home,work"
25160,6:59:20,pt_agent_04,walk,walk,301378.85432432435,2603858.2163409563,0,in_leg,,,,,,,,,,2,"home,work"
25170,6:59:30,pt_agent_04,walk,walk,301379.4016216216,2603868.8863201663,0,in_leg,,,,,,,,,,2,"home,work"
25180,6:59:40,pt_agent_04,walk,walk,301379.94891891896,2603879.5562993763,0,in_leg,,,,,,,,,,2,"home,work"
25190,6:59:50,pt_agent_04,walk,walk,301380.49621621624,2603890.2262785863,0,in_leg,,,,,,,,,,2,"home,work"
25200,7:00:00,pt_agent_01,walk,walk,304403.51,2766071.46,0,in_leg,,,,,home,0,pt_metro_G06_DN_pt_metro_G05_DN,0.0,spatial,3,"home,pt interaction,work"
25200,7:00:00,pt_agent_04,walk,walk,301381.0435135135,2603900.896257796,0,in_leg,,,,,,,,,,2,"home,work"
25210,7:00:10,pt_agent_01,walk,walk,304405.50804347824,2766060.998152174,0,in_leg,,,,,home,0,pt_metro_G06_DN_pt_metro_G05_DN,0.010650935999871138,spatial,3,"home,pt interaction,work"
25210,7:00:10,pt_agent_04,walk,walk,301381.59081081086,2603911.566237006,0,in_leg,,,,,,,,,,2,"home,work"
25220,7:00:20,pt_agent_01,walk,walk,304407.50608695654,2766050.5363043477,0,in_leg,,,,,home,0,pt_metro_G06_DN_pt_metro_G05_DN,0.021301872000210588,spatial,3,"home,pt interaction,work"
25220,7:00:20,pt_agent_04,walk,walk,301382.13810810813,2603922.236216216,0,in_leg,,,,,,,,,,2,"home,work"
25230,7:00:30,pt_agent_01,walk,walk,304409.50413043477,2766040.074456522,0,in_leg,,,,,home,0,pt_metro_G06_DN_pt_metro_G05_DN,0.031952808000081726,spatial,3,"home,pt interaction,work"
25230,7:00:30,pt_agent_04,walk,walk,301382.6854054054,2603932.906195426,0,in_leg,,,,,,,,,,2,"home,work"
25240,7:00:40,pt_agent_01,walk,walk,304411.50217391306,2766029.6126086954,0,in_leg,,,,,home,0,pt_metro_G06_DN_pt_metro_G05_DN,0.042603744000421176,spatial,3,"home,pt interaction,work"
25240,7:00:40,pt_agent_04,walk,walk,301383.23270270275,2603943.576174636,0,in_leg,,,,,,,,,,2,"home,work"
25250,7:00:50,pt_agent_01,walk,walk,304413.5002173913,2766019.1507608695,0,in_leg,,,,,home,0,pt_metro_G06_DN_pt_metro_G05_DN,0.05325468000029231,spatial,3,"home,pt interaction,work"
25250,7:00:50,pt_agent_04,walk,walk,301383.78,2603954.246153846,0,in_leg,,,,,,,,,,2,"home,work"
25260,7:01:00,pt_agent_01,walk,walk,304415.4982608696,2766008.6889130436,0,in_leg,,,,,home,0,pt_metro_G06_DN_pt_metro_G05_DN,0.06390561600017437,spatial,3,"home,pt interaction,work"
25260,7:01:00,pt_agent_04,walk,walk,301384.3272972973,2603964.916133056,0,in_leg,,,,,,,,,,2,"home,work"
25270,7:01:10,pt_agent_01,walk,walk,304417.4963043478,2765998.227065217,0,in_leg,,,,,home,0,pt_metro_G06_DN_pt_metro_G05_DN,0.07455655200050289,spatial,3,"home,pt interaction,work"
25270,7:01:10,pt_agent_04,walk,walk,301384.87459459464,2603975.586112266,0,in_leg,,,,,,,,,,2,"home,work"
25280,7:01:20,pt_agent_01,walk,walk,304419.4943478261,2765987.7652173913,0,in_leg,,,,,home,0,pt_metro_G06_DN_pt_metro_G05_DN,0.08520748800038495,spatial,3,"home,pt interaction,work"
25280,7:01:20,pt_agent_04,walk,walk,301385.4218918919,2603986.256091476,0,in_leg,,,,,,,,,,2,"home,work"
25290,7:01:30,pt_agent_01,walk,walk,304421.49239130435,2765977.3033695654,0,in_leg,,,,,home,0,pt_metro_G06_DN_pt_metro_G05_DN,0.0958584240002561,spatial,3,"home,pt interaction,work"
25290,7:01:30,pt_agent_04,walk,walk,301385.9691891892,2603996.926070686,0,in_leg,,,,,,,,,,2,"home,work"
25300,7:01:40,pt_agent_01,walk,walk,304423.49043478264,2765966.841521739,0,in_leg,,,,,home,0,pt_metro_G06_DN_pt_metro_G05_DN,0.10650936000059553,spatial,3,"home,pt interaction,work"
25300,7:01:40,pt_agent_04,walk,walk,301386.51648648654,2604007.596049896,0,in_leg,,,,,,,,,,2,"home,work"
25310,7:01:50,pt_agent_01,walk,walk,304425.4884782609,2765956.379673913,0,in_leg,,,,,home,0,pt_metro_G06_DN_pt_metro_G05_DN,0.1171602960004667,spatial,3,"home,pt interaction,work"
25310,7:01:50,pt_agent_04,walk,walk,301387.0637837838,2604018.266029106,0,in_leg,,,,,,,,,,2,"home,work"
25320,7:02:00,pt_agent_01,walk,walk,304427.48652173916,2765945.9178260867,0,in_leg,,,,,home,0,pt_metro_G06_DN_pt_metro_G05_DN,0.12781123200080613,spatial,3,"home,pt interaction,work"
25320,7:02:00,pt_agent_04,walk,walk,301387.6110810811,2604028.936008316,0,in_leg,,,,,,,,,,2,"home,work"
25330,7:02:10,pt_agent_01,walk,walk,304429.4845652174,2765935.455978261,0,in_leg,,,,,home,0,pt_metro_G06_DN_pt_metro_G05_DN,0.13846216800067726,spatial,3,"home,pt interaction,work"
25330,7:02:10,pt_agent_04,walk,walk,301388.15837837843,2604039.605987526,0,in_leg,,,,,,,,,,2,"home,work"
25340,7:02:20,pt_agent_01,walk,walk,304431.4826086957,2765924.994130435,0,in_leg,,,,,home,0,pt_metro_G06_DN_pt_metro_G05_DN,0.14911310400055933,spatial,3,"home,pt interaction,work"
25340,7:02:20,pt_agent_04,walk,walk,301388.7056756757,2604050.2759667356,0,in_leg,,,,,,,,,,2,"home,work"
25350,7:02:30,pt_agent_01,walk,walk,304433.4806521739,2765914.5322826086,0,in_leg,,,,,home,0,pt_metro_G06_DN_pt_metro_G05_DN,0.15976404000088787,spatial,3,"home,pt interaction,work"
25350,7:02:30,pt_agent_04,walk,walk,301389.252972973,2604060.9459459456,0,in_leg,,,,,,,,,,2,"home,work"
25359,7:02:39,pt_agent_01,walk,walk,304435.47869565216,2765904.0704347827,0,in_leg,,,,,home,0,pt_metro_G06_DN_pt_metro_G05_DN,0.170414976000759,spatial,3,"home,pt interaction,work"
25360,7:02:40,pt_agent_04,walk,walk,301389.8002702703,2604071.6159251556,0,in_leg,,,,,,,,,,2,"home,work"
25369,7:02:49,pt_agent_01,walk,walk,304437.47673913045,2765893.6085869567,0,in_leg,,,,,home,0,pt_metro_G06_DN_pt_metro_G05_DN,0.18106591200064104,spatial,3,"home,pt interaction,work"
25370,7:02:50,pt_agent_04,walk,walk,301390.3475675676,2604082.2859043656,0,in_leg,,,,,,,,,,2,"home,work"
25379,7:02:59,pt_agent_01,walk,walk,304439.4747826087,2765883.1467391304,0,in_leg,,,,,home,0,pt_metro_G06_DN_pt_metro_G05_DN,0.1917168480009696,spatial,3,"home,pt interaction,work"
25380,7:03:00,pt_agent_04,walk,walk,301390.8948648649,2604092.9558835756,0,in_leg,,,,,,,,,,2,"home,work"
25389,7:03:09,pt_agent_01,walk,walk,304441.472826087,2765872.6848913045,0,in_leg,,,,,home,0,pt_metro_G06_DN_pt_metro_G05_DN,0.20236778400085162,spatial,3,"home,pt interaction,work"
25390,7:03:10,pt_agent_04,walk,walk,301391.4421621622,2604103.6258627856,0,in_leg,,,,,,,,,,2,"home,work"
25399,7:03:19,pt_agent_01,walk,walk,304443.4708695652,2765862.223043478,0,in_leg,,,,,home,0,pt_metro_G06_DN_pt_metro_G05_DN,0.21301872000118016,spatial,3,"home,pt interaction,work"
25400,7:03:20,pt_agent_04,walk,walk,301391.9894594595,2604114.2958419956,0,in_leg,,,,,,,,,,2,"home,work"
25409,7:03:29,pt_agent_01,walk,walk,304445.4689130435,2765851.761195652,0,in_leg,,,,,home,0,pt_metro_G06_DN_pt_metro_G05_DN,0.2236696560010622,spatial,3,"home,pt interaction,work"
25410,7:03:30,pt_agent_04,walk,walk,301392.5367567568,2604124.9658212056,0,in_leg,,,,,,,,,,2,"home,work"
25419,7:03:39,pt_agent_01,walk,walk,304447.46695652173,2765841.2993478263,0,in_leg,,,,,home,0,pt_metro_G06_DN_pt_metro_G05_DN,0.2343205920009334,spatial,3,"home,pt interaction,work"
25420,7:03:40,pt_agent_04,walk,walk,301393.0840540541,2604135.6358004157,0,in_leg,,,,,,,,,,2,"home,work"
25429,7:03:49,pt_agent_01,walk,walk,304449.465,2765830.8375,0,in_leg,,,,,home,0,pt_metro_G06_DN_pt_metro_G05_DN,0.2449715280012728,spatial,3,"home,pt interaction,work"
25430,7:03:50,pt_agent_04,walk,walk,301393.6313513514,2604146.3057796257,0,in_leg,,,,,,,,,,2,"home,work"
25439,7:03:59,pt_agent_01,walk,walk,304451.46304347826,2765820.375652174,0,in_leg,,,,,home,0,pt_metro_G06_DN_pt_metro_G05_DN,0.25562246400114397,spatial,3,"home,pt interaction,work"
25440,7:04:00,pt_agent_04,walk,walk,301394.17864864867,2604156.9757588357,0,in_leg,,,,,,,,,,2,"home,work"
25449,7:04:09,pt_agent_01,walk,walk,304453.46108695655,2765809.9138043476,0,in_leg,,,,,home,0,pt_metro_G06_DN_pt_metro_G05_DN,0.2662734000014834,spatial,3,"home,pt interaction,work"
25450,7:04:10,pt_agent_04,walk,walk,301394.72594594595,2604167.6457380457,0,in_leg,,,,,,,,,,2,"home,work"
25459,7:04:19,pt_agent_01,walk,walk,304455.4591304348,2765799.4519565217,0,in_leg,,,,,home,0,pt_metro_G06_DN_pt_metro_G05_DN,0.2769243360013545,spatial,3,"home,pt interaction,work"
25460,7:04:20,pt_agent_04,walk,walk,301395.2732432433,2604178.3157172557,0,in_leg,,,,,,,,,,2,"home,work"
25469,7:04:29,pt_agent_01,walk,walk,304457.4571739131,2765788.990108696,0,in_leg,,,,,home,0,pt_metro_G06_DN_pt_metro_G05_DN,0.2875752720012366,spatial,3,"home,pt interaction,work"
25470,7:04:30,pt_agent_04,walk,walk,301395.82054054056,2604188.9856964657,0,in_leg,,,,,,,,,,2,"home,work"
25479,7:04:39,pt_agent_01,walk,walk,304459.4552173913,2765778.5282608694,0,in_leg,,,,,home,0,pt_metro_G06_DN_pt_metro_G05_DN,0.29822620800156513,spatial,3,"home,pt interaction,work"
25480,7:04:40,pt_agent_04,walk,walk,301396.36783783784,2604199.6556756757,0,in_leg,,,,,,,,,,2,"home,work"
25489,7:04:49,pt_agent_01,walk,walk,304461.4532608696,2765768.0664130435,0,in_leg,,,,,home,0,pt_metro_G06_DN_pt_metro_G05_DN,0.3088771440014472,spatial,3,"home,pt interaction,work"
25490,7:04:50,pt_agent_04,walk,walk,301396.9151351352,2604210.3256548853,0,in_leg,,,,,,,,,,2,"home,work"
25499,7:04:59,pt_agent_01,walk,walk,304463.45130434784,2765757.6045652176,0,in_leg,,,,,home,0,pt_metro_G06_DN_pt_metro_G05_DN,0.3195280800013183,spatial,3,"home,pt interaction,work"
25500,7:05:00,pt_agent_04,walk,walk,301397.46243243245,2604220.9956340953,0,in_leg,,,,,,,,,,2,"home,work"
25509,7:05:09,pt_agent_01,walk,walk,304465.44934782607,2765747.1427173913,0,in_leg,,,,,home,0,pt_metro_G06_DN_pt_metro_G05_DN,0.33017901600164684,spatial,3,"home,pt interaction,work"
25510,7:05:10,pt_agent_04,walk,walk,301398.00972972973,2604231.6656133053,0,in_leg,,,,,,,,,,2,"home,work"
25519,7:05:19,pt_agent_01,walk,walk,304467.44739130436,2765736.6808695653,0,in_leg,,,,,home,0,pt_metro_G06_DN_pt_metro_G05_DN,0.34082995200152894,spatial,3,"home,pt interaction,work"
25520,7:05:20,pt_agent_04,walk,walk,301398.55702702707,2604242.3355925153,0,in_leg,,,,,,,,,,2,"home,work"
25529,7:05:29,pt_agent_01,walk,walk,304469.4454347826,2765726.219021739,0,in_leg,,,,,home,0,pt_metro_G06_DN_pt_metro_G05_DN,0.35148088800185745,spatial,3,"home,pt interaction,work"
25530,7:05:30,pt_agent_04,walk,walk,301399.10432432435,2604253.0055717253,0,in_leg,,,,,,,,,,2,"home,work"
25539,7:05:39,pt_agent_01,walk,walk,304471.4434782609,2765715.757173913,0,in_leg,,,,,home,0,pt_metro_G06_DN_pt_metro_G05_DN,0.36213182400173943,spatial,3,"home,pt interaction,work"
25540,7:05:40,pt_agent_04,walk,walk,301399.6516216216,2604263.6755509353,0,in_leg,,,,,,,,,,2,"home,work"
25549,7:05:49,pt_agent_01,walk,walk,304473.4415217391,2765705.295326087,0,in_leg,,,,,home,0,pt_metro_G06_DN_pt_metro_G05_DN,0.3727827600016106,spatial,3,"home,pt interaction,work"
25550,7:05:50,pt_agent_04,walk,walk,301400.19891891896,2604274.3455301453,0,in_leg,,,,,,,,,,2,"home,work"
25559,7:05:59,pt_agent_01,walk,walk,304475.4395652174,2765694.833478261,0,in_leg,,,,,home,0,pt_metro_G06_DN_pt_metro_G05_DN,0.38343369600195004,spatial,3,"home,pt interaction,work"
25560,7:06:00,pt_agent_04,walk,walk,301400.74621621624,2604285.0155093553,0,in_leg,,,,,,,,,,2,"home,work"
25569,7:06:09,pt_agent_01,walk,walk,304477.43760869565,2765684.371630435,0,in_leg,,,,,home,0,pt_metro_G06_DN_pt_metro_G05_DN,0.3940846320018212,spatial,3,"home,pt interaction,work"
25570,7:06:10,pt_agent_04,walk,walk,301401.2935135135,2604295.6854885654,0,in_leg,,,,,,,,,,2,"home,work"
25579,7:06:19,pt_agent_01,walk,walk,304479.43565217394,2765673.909782609,0,in_leg,,,,,home,0,pt_metro_G06_DN_pt_metro_G05_DN,0.40473556800170324,spatial,3,"home,pt interaction,work"
25580,7:06:20,pt_agent_04,walk,walk,301401.84081081086,2604306.3554677754,0,in_leg,,,,,,,,,,2,"home,work"
25589,7:06:29,pt_agent_01,walk,walk,304481.4336956522,2765663.4479347826,0,in_leg,,,,,home,0,pt_metro_G06_DN_pt_metro_G05_DN,0.4153865040020318,spatial,3,"home,pt interaction,work"
25590,7:06:30,pt_agent_04,walk,walk,301402.38810810813,2604317.0254469854,0,in_leg,,,,,,,,,,2,"home,work"
25599,7:06:39,pt_agent_01,walk,walk,304483.43173913046,2765652.9860869567,0,in_leg,,,,,home,0,pt_metro_G06_DN_pt_metro_G05_DN,0.42603744000191385,spatial,3,"home,pt interaction,work"
25600,7:06:40,pt_agent_04,walk,walk,301402.9354054054,2604327.6954261954,0,in_leg,,,,,,,,,,2,"home,work"
25609,7:06:49,pt_agent_01,walk,walk,304485.4297826087,2765642.5242391303,0,in_leg,,,,,home,0,pt_metro_G06_DN_pt_metro_G05_DN,0.4366883760022424,spatial,3,"home,pt interaction,work"
25610,7:06:50,pt_agent_04,walk,walk,301403.48270270275,2604338.3654054054,0,in_leg,,,,,,,,,,2,"home,work"
25619,7:06:59,pt_agent_01,walk,walk,304487.427826087,2765632.0623913044,0,in_leg,,,,,home,0,pt_metro_G06_DN_pt_metro_G05_DN,0.4473393120021244,spatial,3,"home,pt interaction,work"
25620,7:07:00,pt_agent_04,walk,walk,301404.03,2604349.0353846154,0,in_leg,,,,,,,,,,2,"home,work"
25629,7:07:09,pt_agent_01,walk,walk,304489.4258695652,2765621.6005434785,0,in_leg,,,,,home,0,pt_metro_G06_DN_pt_metro_G05_DN,0.45799024800199556,spatial,3,"home,pt interaction,work"
25630,7:07:10,pt_agent_04,walk,walk,301404.5772972973,2604359.705363825,0,in_leg,,,,,,,,,,2,"home,work"
25639,7:07:19,pt_agent_01,walk,walk,304491.4239130435,2765611.138695652,0,in_leg,,,,,home,0,pt_metro_G06_DN_pt_metro_G05_DN,0.468641184002335,spatial,3,"home,pt interaction,work"
25640,7:07:20,pt_agent_04,walk,walk,301405.12459459464,2604370.375343035,0,in_leg,,,,,,,,,,2,"home,work"
25649,7:07:29,pt_agent_01,walk,walk,304493.42195652175,2765600.676847826,0,in_leg,,,,,home,0,pt_metro_G06_DN_pt_metro_G05_DN,0.4792921200022062,spatial,3,"home,pt interaction,work"
25650,7:07:30,pt_agent_04,walk,walk,301405.6718918919,2604381.045322245,0,in_leg,,,,,,,,,,2,"home,work"
25658,7:07:38,pt_agent_01,walk,walk,304495.42000000004,2765590.215,0,in_leg,,,,,work,1,pt_metro_G06_DN_pt_metro_G05_DN,0.4899430560020773,spatial,3,"home,pt interaction,work"
25660,7:07:40,pt_agent_04,walk,walk,301406.2191891892,2604391.715301455,0,in_leg,,,,,,,,,,2,"home,work"
25668,7:07:48,pt_agent_01,walk,walk,304497.4180434783,2765579.753152174,0,in_leg,,,,,work,1,pt_metro_G06_DN_pt_metro_G05_DN,0.4792921200022062,spatial,3,"home,pt interaction,work"
25670,7:07:50,pt_agent_04,walk,walk,301406.76648648654,2604402.385280665,0,in_leg,,,,,,,,,,2,"home,work"
25678,7:07:58,pt_agent_01,walk,walk,304499.4160869565,2765569.291304348,0,in_leg,,,,,work,1,pt_metro_G06_DN_pt_metro_G05_DN,0.468641184002335,spatial,3,"home,pt interaction,work"
25680,7:08:00,pt_agent_04,walk,walk,301407.3137837838,2604413.055259875,0,in_leg,,,,,,,,,,2,"home,work"
25688,7:08:08,pt_agent_01,walk,walk,304501.4141304348,2765558.8294565217,0,in_leg,,,,,work,1,pt_metro_G06_DN_pt_metro_G05_DN,0.45799024800199556,spatial,3,"home,pt interaction,work"
25690,7:08:10,pt_agent_04,walk,walk,301407.8610810811,2604423.725239085,0,in_leg,,,,,,,,,,2,"home,work"
25698,7:08:18,pt_agent_01,walk,walk,304503.41217391304,2765548.3676086958,0,in_leg,,,,,work,1,pt_metro_G06_DN_pt_metro_G05_DN,0.4473393120021244,spatial,3,"home,pt interaction,work"
25700,7:08:20,pt_agent_04,walk,walk,301408.40837837843,2604434.395218295,0,in_leg,,,,,,,,,,2,"home,work"
25708,7:08:28,pt_agent_01,walk,walk,304505.4102173913,2765537.90576087,0,in_leg,,,,,work,1,pt_metro_G06_DN_pt_metro_G05_DN,0.4366883760022424,spatial,3,"home,pt interaction,work"
25710,7:08:30,pt_agent_04,walk,walk,301408.9556756757,2604445.065197505,0,in_leg,,,,,,,,,,2,"home,work"
25718,7:08:38,pt_agent_01,walk,walk,304507.40826086956,2765527.4439130435,0,in_leg,,,,,work,1,pt_metro_G06_DN_pt_metro_G05_DN,0.42603744000191385,spatial,3,"home,pt interaction,work"
25720,7:08:40,pt_agent_04,walk,walk,301409.502972973,2604455.735176715,0,in_leg,,,,,,,,,,2,"home,work"
25728,7:08:48,pt_agent_01,walk,walk,304509.40630434785,2765516.9820652176,0,in_leg,,,,,work,1,pt_metro_G06_DN_pt_metro_G05_DN,0.4153865040020318,spatial,3,"home,pt interaction,work"
25730,7:08:50,pt_agent_04,walk,walk,301410.0502702703,2604466.405155925,0,in_leg,,,,,,,,,,2,"home,work"
25738,7:08:58,pt_agent_01,walk,walk,304511.4043478261,2765506.520217391,0,in_leg,,,,,work,1,pt_metro_G06_DN_pt_metro_G05_DN,0.40473556800170324,spatial,3,"home,pt interaction,work"
25740,7:09:00,pt_agent_04,walk,walk,301410.5975675676,2604477.075135135,0,in_leg,,,,,,,,,,2,"home,work"
25748,7:09:08,pt_agent_01,walk,walk,304513.4023913044,2765496.0583695653,0,in_leg,,,,,work,1,pt_metro_G06_DN_pt_metro_G05_DN,0.3940846320018212,spatial,3,"home,pt interaction,work"
25750,7:09:10,pt_agent_04,walk,walk,301411.1448648649,2604487.745114345,0,in_leg,,,,,,,,,,2,"home,work"
25758,7:09:18,pt_agent_01,walk,walk,304515.4004347826,2765485.5965217394,0,in_leg,,,,,work,1,pt_metro_G06_DN_pt_metro_G05_DN,0.38343369600195004,spatial,3,"home,pt interaction,work"
25760,7:09:20,pt_agent_04,walk,walk,301411.6921621622,2604498.415093555,0,in_leg,,,,,,,,,,2,"home,work"
25768,7:09:28,pt_agent_01,walk,walk,304517.3984782609,2765475.134673913,0,in_leg,,,,,work,1,pt_metro_G06_DN_pt_metro_G05_DN,0.3727827600016106,spatial,3,"home,pt interaction,work"
25770,7:09:30,pt_agent_04,walk,walk,301412.2394594595,2604509.0850727647,0,in_leg,,,,,,,,,,2,"home,work"
25778,7:09:38,pt_agent_01,walk,walk,304519.39652173914,2765464.672826087,0,in_leg,,,,,work,1,pt_metro_G06_DN_pt_metro_G05_DN,0.36213182400173943,spatial,3,"home,pt interaction,work"
25780,7:09:40,pt_agent_04,walk,walk,301412.7867567568,2604519.7550519747,0,in_leg,,,,,,,,,,2,"home,work"
25788,7:09:48,pt_agent_01,walk,walk,304521.39456521743,2765454.210978261,0,in_leg,,,,,work,1,pt_metro_G06_DN_pt_metro_G05_DN,0.35148088800185745,spatial,3,"home,pt interaction,work"
25790,7:09:50,pt_agent_04,walk,walk,301413.3340540541,2604530.4250311847,0,in_leg,,,,,,,,,,2,"home,work"
25798,7:09:58,pt_agent_01,walk,walk,304523.39260869566,2765443.749130435,0,in_leg,,,,,work,1,pt_metro_G06_DN_pt_metro_G05_DN,0.34082995200152894,spatial,3,"home,pt interaction,work"
25800,7:10:00,pt_agent_04,walk,walk,301413.8813513514,2604541.0950103947,0,in_leg,,,,,,,,,,2,"home,work"
25808,7:10:08,pt_agent_01,walk,walk,304525.39065217396,2765433.287282609,0,in_leg,,,,,work,1,pt_metro_G06_DN_pt_metro_G05_DN,0.33017901600164684,spatial,3,"home,pt interaction,work"
25810,7:10:10,pt_agent_04,walk,walk,301414.42864864867,2604551.7649896047,0,in_leg,,,,,,,,,,2,"home,work"
25818,7:10:18,pt_agent_01,walk,walk,304527.3886956522,2765422.8254347825,0,in_leg,,,,,work,1,pt_metro_G06_DN_pt_metro_G05_DN,0.3195280800013183,spatial,3,"home,pt interaction,work"
25820,7:10:20,pt_agent_04,walk,walk,301414.97594594595,2604562.4349688147,0,in_leg,,,,,,,,,,2,"home,work"
25828,7:10:28,pt_agent_01,walk,walk,304529.3867391304,2765412.3635869566,0,in_leg,,,,,work,1,pt_metro_G06_DN_pt_metro_G05_DN,0.3088771440014472,spatial,3,"home,pt interaction,work"
25830,7:10:30,pt_agent_04,walk,walk,301415.5232432433,2604573.1049480247,0,in_leg,,,,,,,,,,2,"home,work"
25838,7:10:38,pt_agent_01,walk,walk,304531.3847826087,2765401.9017391307,0,in_leg,,,,,work,1,pt_metro_G06_DN_pt_metro_G05_DN,0.29822620800156513,spatial,3,"home,pt interaction,work"
25840,7:10:40,pt_agent_04,walk,walk,301416.07054054056,2604583.7749272347,0,in_leg,,,,,,,,,,2,"home,work"
25848,7:10:48,pt_agent_01,walk,walk,304533.38282608695,2765391.4398913044,0,in_leg,,,,,work,1,pt_metro_G06_DN_pt_metro_G05_DN,0.2875752720012366,spatial,3,"home,pt interaction,work"
25850,7:10:50,pt_agent_04,walk,walk,301416.61783783784,2604594.4449064448,0,in_leg,,,,,,,,,,2,"home,work"
25858,7:10:58,pt_agent_01,walk,walk,304535.38086956524,2765380.9780434784,0,in_leg,,,,,work,1,pt_metro_G06_DN_pt_metro_G05_DN,0.2769243360013545,spatial,3,"home,pt interaction,work"
25860,7:11:00,pt_agent_04,walk,walk,301417.1651351352,2604605.1148856548,0,in_leg,,,,,,,,,,2,"home,work"
25868,7:11:08,pt_agent_01,walk,walk,304537.3789130435,2765370.5161956525,0,in_leg,,,,,work,1,pt_metro_G06_DN_pt_metro_G05_DN,0.2662734000014834,spatial,3,"home,pt interaction,work"
25870,7:11:10,pt_agent_04,walk,walk,301417.71243243245,2604615.784864865,0,in_leg,,,,,,,,,,2,"home,work"
25878,7:11:18,pt_agent_01,walk,walk,304539.37695652177,2765360.054347826,0,in_leg,,,,,work,1,pt_metro_G06_DN_pt_metro_G05_DN,0.25562246400114397,spatial,3,"home,pt interaction,work"
25880,7:11:20,pt_agent_04,walk,walk,301418.25972972973,2604626.454844075,0,in_leg,,,,,,,,,,2,"home,work"
25888,7:11:28,pt_agent_01,walk,walk,304541.375,2765349.5925000003,0,in_leg,,,,,work,1,pt_metro_G06_DN_pt_metro_G05_DN,0.2449715280012728,spatial,3,"home,pt interaction,work"
25890,7:11:30,pt_agent_04,walk,walk,301418.80702702707,2604637.124823285,0,in_leg,,,,,,,,,,2,"home,work"
25898,7:11:38,pt_agent_01,walk,walk,304543.3730434783,2765339.130652174,0,in_leg,,,,,work,1,pt_metro_G06_DN_pt_metro_G05_DN,0.2343205920009334,spatial,3,"home,pt interaction,work"
25900,7:11:40,pt_agent_04,walk,walk,301419.35432432435,2604647.794802495,0,in_leg,,,,,,,,,,2,"home,work"
25908,7:11:48,pt_agent_01,walk,walk,304545.3710869565,2765328.668804348,0,in_leg,,,,,work,1,pt_metro_G06_DN_pt_metro_G05_DN,0.2236696560010622,spatial,3,"home,pt interaction,work"
25910,7:11:50,pt_agent_04,walk,walk,301419.9016216216,2604658.464781705,0,in_leg,,,,,,,,,,2,"home,work"
25918,7:11:58,pt_agent_01,walk,walk,304547.3691304348,2765318.206956522,0,in_leg,,,,,work,1,pt_metro_G06_DN_pt_metro_G05_DN,0.21301872000118016,spatial,3,"home,pt interaction,work"
25920,7:12:00,pt_agent_04,walk,walk,301420.44891891896,2604669.1347609144,0,in_leg,,,,,,,,,,2,"home,work"
25928,7:12:08,pt_agent_01,walk,walk,304549.36717391305,2765307.7451086957,0,in_leg,,,,,work,1,pt_metro_G06_DN_pt_metro_G05_DN,0.20236778400085162,spatial,3,"home,pt interaction,work"
25930,7:12:10,pt_agent_04,walk,walk,301420.99621621624,2604679.8047401244,0,in_leg,,,,,,,,,,2,"home,work"
25938,7:12:18,pt_agent_01,walk,walk,304551.36521739134,2765297.28326087,0,in_leg,,,,,work,1,pt_metro_G06_DN_pt_metro_G05_DN,0.1917168480009696,spatial,3,"home,pt interaction,work"
25940,7:12:20,pt_agent_04,walk,walk,301421.5435135135,2604690.4747193344,0,in_leg,,,,,,,,,,2,"home,work"
25948,7:12:28,pt_agent_01,walk,walk,304553.3632608696,2765286.8214130434,0,in_leg,,,,,work,1,pt_metro_G06_DN_pt_metro_G05_DN,0.18106591200064104,spatial,3,"home,pt interaction,work"
25950,7:12:30,pt_agent_04,walk,walk,301422.09081081086,2604701.1446985444,0,in_leg,,,,,,,,,,2,"home,work"
25958,7:12:38,pt_agent_01,walk,walk,304555.36130434787,2765276.3595652175,0,in_leg,,,,,work,1,pt_metro_G06_DN_pt_metro_G05_DN,0.170414976000759,spatial,3,"home,pt interaction,work"
25960,7:12:40,pt_agent_04,walk,walk,301422.63810810813,2604711.8146777544,0,in_leg,,,,,,,,,,2,"home,work"
25967,7:12:47,pt_agent_01,walk,walk,304557.3593478261,2765265.8977173916,0,in_leg,,,,,work,1,pt_metro_G06_DN_pt_metro_G05_DN,0.15976404000088787,spatial,3,"home,pt interaction,work"
25970,7:12:50,pt_agent_04,walk,walk,301423.1854054054,2604722.4846569644,0,in_leg,,,,,,,,,,2,"home,work"
25977,7:12:57,pt_agent_01,walk,walk,304559.35739130434,2765255.4358695652,0,in_leg,,,,,work,1,pt_metro_G06_DN_pt_metro_G05_DN,0.14911310400055933,spatial,3,"home,pt interaction,work"
25980,7:13:00,pt_agent_04,walk,walk,301423.73270270275,2604733.1546361744,0,in_leg,,,,,,,,,,2,"home,work"
25987,7:13:07,pt_agent_01,walk,walk,304561.3554347826,2765244.9740217393,0,in_leg,,,,,work,1,pt_metro_G06_DN_pt_metro_G05_DN,0.13846216800067726,spatial,3,"home,pt interaction,work"
25990,7:13:10,pt_agent_04,walk,walk,301424.28,2604743.8246153845,0,in_leg,,,,,,,,,,2,"home,work"
25997,7:13:17,pt_agent_01,walk,walk,304563.35347826086,2765234.5121739134,0,in_leg,,,,,work,1,pt_metro_G06_DN_pt_metro_G05_DN,0.12781123200080613,spatial,3,"home,pt interaction,work"
26000,7:13:20,pt_agent_04,walk,walk,301424.8272972973,2604754.4945945945,0,in_leg,,,,,,,,,,2,"home,work"
26007,7:13:27,pt_agent_01,walk,walk,304565.35152173915,2765224.050326087,0,in_leg,,,,,work,1,pt_metro_G06_DN_pt_metro_G05_DN,0.1171602960004667,spatial,3,"home,pt interaction,work"
26010,7:13:30,pt_agent_04,walk,walk,301425.37459459464,2604765.1645738045,0,in_leg,,,,,,,,,,2,"home,work"
26017,7:13:37,pt_agent_01,walk,walk,304567.3495652174,2765213.588478261,0,in_leg,,,,,work,1,pt_metro_G06_DN_pt_metro_G05_DN,0.10650936000059553,spatial,3,"home,pt interaction,work"
26020,7:13:40,pt_agent_04,walk,walk,301425.9218918919,2604775.8345530145,0,in_leg,,,,,,,,,,2,"home,work"
26027,7:13:47,pt_agent_01,walk,walk,304569.3476086957,2765203.1266304348,0,in_leg,,,,,work,1,pt_metro_G06_DN_pt_metro_G05_DN,0.0958584240002561,spatial,3,"home,pt interaction,work"
26030,7:13:50,pt_agent_04,walk,walk,301426.4691891892,2604786.5045322245,0,in_leg,,,,,,,,,,2,"home,work"
26037,7:13:57,pt_agent_01,walk,walk,304571.3456521739,2765192.664782609,0,in_leg,,,,,work,1,pt_metro_G06_DN_pt_metro_G05_DN,0.08520748800038495,spatial,3,"home,pt interaction,work"
26040,7:14:00,pt_agent_04,walk,walk,301427.01648648654,2604797.1745114345,0,in_leg,,,,,,,,,,2,"home,work"
26047,7:14:07,pt_agent_01,walk,walk,304573.3436956522,2765182.202934783,0,in_leg,,,,,work,1,pt_metro_G06_DN_pt_metro_G05_DN,0.07455655200050289,spatial,3,"home,pt interaction,work"
26050,7:14:10,pt_agent_04,walk,walk,301427.5637837838,2604807.8444906445,0,in_leg,,,,,,,,,,2,"home,work"
26057,7:14:17,pt_agent_01,walk,walk,304575.34173913044,2765171.7410869566,0,in_leg,,,,,work,1,pt_metro_G06_DN_pt_metro_G05_DN,0.06390561600017437,spatial,3,"home,pt interaction,work"
26060,7:14:20,pt_agent_04,walk,walk,301428.1110810811,2604818.514469854,0,in_leg,,,,,,,,,,2,"home,work"
26067,7:14:27,pt_agent_01,walk,walk,304577.33978260873,2765161.2792391307,0,in_leg,,,,,work,1,pt_metro_G06_DN_pt_metro_G05_DN,0.05325468000029231,spatial,3,"home,pt interaction,work"
26070,7:14:30,pt_agent_04,walk,walk,301428.65837837843,2604829.184449064,0,in_leg,,,,,,,,,,2,"home,work"
26077,7:14:37,pt_agent_01,walk,walk,304579.33782608696,2765150.8173913048,0,in_leg,,,,,work,1,pt_metro_G06_DN_pt_metro_G05_DN,0.042603744000421176,spatial,3,"home,pt interaction,work"
26080,7:14:40,pt_agent_04,walk,walk,301429.2056756757,2604839.854428274,0,in_leg,,,,,,,,,,2,"home,work"
26087,7:14:47,pt_agent_01,walk,walk,304581.33586956526,2765140.3555434784,0,in_leg,,,,,work,1,pt_metro_G06_DN_pt_metro_G05_DN,0.031952808000081726,spatial,3,"home,pt interaction,work"
26090,7:14:50,pt_agent_04,walk,walk,301429.752972973,2604850.524407484,0,in_leg,,,,,,,,,,2,"home,work"
26097,7:14:57,pt_agent_01,walk,walk,304583.3339130435,2765129.8936956525,0,in_leg,,,,,work,1,pt_metro_G06_DN_pt_metro_G05_DN,0.021301872000210588,spatial,3,"home,pt interaction,work"
26100,7:15:00,pt_agent_04,walk,walk,301430.3002702703,2604861.194386694,0,in_leg,,,,,,,,,,2,"home,work"
26100,7:15:00,pt_agent_05,walk,walk,300464.12,2615762.94,0,in_leg,,,,,home,0,pt_bus_THB145966,0.0,spatial,3,"home,pt interaction,work"
26101,7:15:01,pt_agent_05,walk,walk,300464.11507876543,2615762.9421621156,0,in_leg,,,,,pt interaction,1,pt_bus_THB145966,0.0,spatial,3,"home,pt interaction,work"
26107,7:15:07,pt_agent_01,walk,walk,304585.3319565218,2765119.431847826,0,in_leg,,,,,work,1,pt_metro_G06_DN_pt_metro_G05_DN,0.010650935999871138,spatial,3,"home,pt interaction,work"
26110,7:15:10,pt_agent_04,walk,walk,301430.8475675676,2604871.864365904,0,in_leg,,,,,,,,,,2,"home,work"
26117,7:15:17,pt_agent_01,walk,walk,304587.33,2765108.97,0,in_leg,,,,,work,1,pt_metro_G06_DN_pt_metro_G05_DN,0.0,spatial,3,"home,pt interaction,work"
26120,7:15:20,pt_agent_04,walk,walk,301431.3948648649,2604882.534345114,0,in_leg,,,,,,,,,,2,"home,work"
26130,7:15:30,pt_agent_04,walk,walk,301431.9421621622,2604893.204324324,0,in_leg,,,,,,,,,,2,"home,work"
26140,7:15:40,pt_agent_04,walk,walk,301432.4894594595,2604903.874303534,0,in_leg,,,,,,,,,,2,"home,work"
26150,7:15:50,pt_agent_04,walk,walk,301433.0367567568,2604914.544282744,0,in_leg,,,,,,,,,,2,"home,work"
26160,7:16:00,pt_agent_04,walk,walk,301433.5840540541,2604925.214261954,0,in_leg,,,,,,,,,,2,"home,work"
26160,7:16:00,pt_agent_05,bus,pt,300464.11507876543,2615762.9421621156,1,in_leg,,bus_THB112501_0,bus_THB112501_34_0_T_1_54Sh_11111110_070000,bus,pt interaction,1,pt_bus_THB145966,0.0,spatial,3,"home,pt interaction,work"
26160,7:16:00,pt_agent_05,bus,pt,299823.1774490967,2615234.6932213074,1,in_leg,,bus_THB112501_0,bus_THB112501_34_0_T_1_54Sh_11111110_070000,bus,,,,,,3,"home,pt interaction,work"
26160,7:16:00,pt_agent_05,bus,pt,300087.15898583236,2614718.413917451,1,in_leg,,bus_THB112501_0,bus_THB112501_34_0_T_1_54Sh_11111110_070000,bus,,,,,,3,"home,pt interaction,work"
26170,7:16:10,pt_agent_04,walk,walk,301434.1313513514,2604935.884241164,0,in_leg,,,,,,,,,,2,"home,work"
26170,7:16:10,pt_agent_05,bus,pt,300357.2921404873,2615674.900671981,1,in_leg,,bus_THB112501_0,bus_THB112501_34_0_T_1_54Sh_11111110_070000,bus,pt interaction,1,pt_bus_THB145966,0.13842848018933465,spatial,3,"home,pt interaction,work"
26170,7:16:10,pt_agent_05,bus,pt,299837.84309002646,2615206.01103776,1,in_leg,,bus_THB112501_0,bus_THB112501_34_0_T_1_54Sh_11111110_070000,bus,,,,,,3,"home,pt interaction,work"
26170,7:16:10,pt_agent_05,bus,pt,300093.5624323919,2614698.363238258,1,in_leg,,bus_THB112501_0,bus_THB112501_34_0_T_1_54Sh_11111110_070000,bus,work,3,pt_bus_THB274214_pt_bus_THB145967,0.48410971302053957,spatial,3,"home,pt interaction,work"
26180,7:16:20,pt_agent_04,walk,walk,301434.67864864867,2604946.554220374,0,in_leg,,,,,,,,,,2,"home,work"
26180,7:16:20,pt_agent_05,bus,pt,300250.4692022092,2615586.859181846,1,in_leg,,bus_THB112501_0,bus_THB112501_34_0_T_1_54Sh_11111110_070000,bus,pt interaction,1,pt_bus_THB145966,0.2768569603786244,spatial,3,"home,pt interaction,work"
26180,7:16:20,pt_agent_05,bus,pt,299852.50873095624,2615177.328854212,1,in_leg,,bus_THB112501_0,bus_THB112501_34_0_T_1_54Sh_11111110_070000,bus,,,,,,3,"home,pt interaction,work"
26180,7:16:20,pt_agent_05,bus,pt,300099.9658789514,2614678.3125590645,1,in_leg,,bus_THB112501_0,bus_THB112501_34_0_T_1_54Sh_11111110_070000,bus,work,3,pt_bus_THB274214_pt_bus_THB145967,0.4630613433935775,spatial,3,"home,pt interaction,work"
26190,7:16:30,pt_agent_04,walk,walk,301435.22594594595,2604957.224199584,0,in_leg,,,,,,,,,,2,"home,work"
26190,7:16:30,pt_agent_05,bus,pt,300143.64626393106,2615498.8176917117,1,in_leg,,bus_THB112501_0,bus_THB112501_34_0_T_1_54Sh_11111110_070000,bus,pt interaction,1,pt_bus_THB145966,0.41528544056766287,spatial,3,"home,pt interaction,work"
26190,7:16:30,pt_agent_05,bus,pt,299867.17437188595,2615148.6466706647,1,in_leg,,bus_THB112501_0,bus_THB112501_34_0_T_1_54Sh_11111110_070000,bus,,,,,,3,"home,pt interaction,work"
26190,7:16:30,pt_agent_05,bus,pt,300106.3693255109,2614658.261879871,1,in_leg,,bus_THB112501_0,bus_THB112501_34_0_T_1_54Sh_11111110_070000,bus,work,3,pt_bus_THB274214_pt_bus_THB145967,0.4420129737666191,spatial,3,"home,pt interaction,work"
26200,7:16:40,pt_agent_04,walk,walk,301435.7732432433,2604967.8941787938,0,in_leg,,,,,,,,,,2,"home,work"
26200,7:16:40,pt_agent_05,bus,pt,300036.8233256529,2615410.776201577,1,in_leg,,bus_THB112501_0,bus_THB112501_34_0_T_1_54Sh_11111110_070000,bus,,,,,,3,"home,pt interaction,work"
26200,7:16:40,pt_agent_05,bus,pt,299881.8400128157,2615119.9644871172,1,in_leg,,bus_THB112501_0,bus_THB112501_34_0_T_1_54Sh_11111110_070000,bus,,,,,,3,"home,pt interaction,work"
26200,7:16:40,pt_agent_05,bus,pt,300112.7727720705,2614638.211200678,1,in_leg,,bus_THB112501_0,bus_THB112501_34_0_T_1_54Sh_11111110_070000,bus,work,3,pt_bus_THB274214_pt_bus_THB145967,0.42096460413964715,spatial,3,"home,pt interaction,work"
26210,7:16:50,pt_agent_04,walk,walk,301436.32054054056,2604978.564158004,0,in_leg,,,,,,,,,,2,"home,work"
26210,7:16:50,pt_agent_05,bus,pt,299930.00038737484,2615322.734711442,1,in_leg,,bus_THB112501_0,bus_THB112501_34_0_T_1_54Sh_11111110_070000,bus,,,,,,3,"home,pt interaction,work"
26210,7:16:50,pt_agent_05,bus,pt,299896.5056537455,2615091.2823035694,1,in_leg,,bus_THB112501_0,bus_THB112501_34_0_T_1_54Sh_11111110_070000,bus,,,,,,3,"home,pt interaction,work"
26210,7:16:50,pt_agent_05,bus,pt,300119.17621863005,2614618.160521485,1,in_leg,,bus_THB112501_0,bus_THB112501_34_0_T_1_54Sh_11111110_070000,bus,work,3,pt_bus_THB274214_pt_bus_THB145967,0.39991623451312347,spatial,3,"home,pt interaction,work"
26220,7:17:00,pt_agent_04,walk,walk,301436.86783783784,2604989.234137214,0,in_leg,,,,,,,,,,2,"home,work"
26220,7:17:00,pt_agent_05,bus,pt,299823.1774490967,2615234.6932213074,1,in_leg,,bus_THB112501_0,bus_THB112501_34_0_T_1_54Sh_11111110_070000,bus,,,,,,3,"home,pt interaction,work"
26220,7:17:00,pt_agent_05,bus,pt,299911.17129467527,2615062.600120022,1,in_leg,,bus_THB112501_0,bus_THB112501_34_0_T_1_54Sh_11111110_070000,bus,,,,,,3,"home,pt interaction,work"
26220,7:17:00,pt_agent_05,bus,pt,300125.57966518955,2614598.1098422916,1,in_leg,,bus_THB112501_0,bus_THB112501_34_0_T_1_54Sh_11111110_070000,bus,work,3,pt_bus_THB274214_pt_bus_THB145967,0.3788678648861796,spatial,3,"home,pt interaction,work"
26230,7:17:10,pt_agent_04,walk,walk,301437.4151351352,2604999.904116424,0,in_leg,,,,,,,,,,2,"home,work"
26230,7:17:10,pt_agent_05,bus,pt,299925.836935605,2615033.9179364746,1,in_leg,,bus_THB112501_0,bus_THB112501_34_0_T_1_54Sh_11111110_070000,bus,,,,,,3,"home,pt interaction,work"
26230,7:17:10,pt_agent_05,bus,pt,300131.98311174905,2614578.059163098,1,in_leg,,bus_THB112501_0,bus_THB112501_34_0_T_1_54Sh_11111110_070000,bus,work,3,pt_bus_THB274214_pt_bus_THB145967,0.3578194952592423,spatial,3,"home,pt interaction,work"
26240,7:17:20,pt_agent_04,walk,walk,301437.96243243245,2605010.574095634,0,in_leg,,,,,,,,,,2,"home,work"
26240,7:17:20,pt_agent_05,bus,pt,299940.50257653475,2615005.2357529267,1,in_leg,,bus_THB112501_0,bus_THB112501_34_0_T_1_54Sh_11111110_070000,bus,,,,,,3,"home,pt interaction,work"
26240,7:17:20,pt_agent_05,bus,pt,300138.3865583086,2614558.008483905,1,in_leg,,bus_THB112501_0,bus_THB112501_34_0_T_1_54Sh_11111110_070000,bus,work,3,pt_bus_THB274214_pt_bus_THB145967,0.336771125632295,spatial,3,"home,pt interaction,work"
26250,7:17:30,pt_agent_04,walk,walk,301438.50972972973,2605021.244074844,0,in_leg,,,,,,,,,,2,"home,work"
26250,7:17:30,pt_agent_05,bus,pt,299955.1682174645,2614976.5535693793,1,in_leg,,bus_THB112501_0,bus_THB112501_34_0_T_1_54Sh_11111110_070000,bus,,,,,,3,"home,pt interaction,work"
26250,7:17:30,pt_agent_05,bus,pt,300144.7900048682,2614537.9578047115,1,in_leg,,bus_THB112501_0,bus_THB112501_34_0_T_1_54Sh_11111110_070000,bus,work,3,pt_bus_THB274214_pt_bus_THB145967,0.3157227560053572,spatial,3,"home,pt interaction,work"
26260,7:17:40,pt_agent_04,walk,walk,301439.05702702707,2605031.914054054,0,in_leg,,,,,,,,,,2,"home,work"
26260,7:17:40,pt_agent_05,bus,pt,299969.8338583943,2614947.871385832,1,in_leg,,bus_THB112501_0,bus_THB112501_34_0_T_1_54Sh_11111110_070000,bus,,,,,,3,"home,pt interaction,work"
26260,7:17:40,pt_agent_05,bus,pt,300151.1934514277,2614517.907125518,1,in_leg,,bus_THB112501_0,bus_THB112501_34_0_T_1_54Sh_11111110_070000,bus,work,3,pt_bus_THB274214_pt_bus_THB145967,0.29467438637844845,spatial,3,"home,pt interaction,work"
26270,7:17:50,pt_agent_04,walk,walk,301439.60432432435,2605042.584033264,0,in_leg,,,,,,,,,,2,"home,work"
26270,7:17:50,pt_agent_05,bus,pt,299984.49949932407,2614919.189202284,1,in_leg,,bus_THB112501_0,bus_THB112501_34_0_T_1_54Sh_11111110_070000,bus,,,,,,3,"home,pt interaction,work"
26270,7:17:50,pt_agent_05,bus,pt,300157.5968979872,2614497.856446325,1,in_leg,,bus_THB112501_0,bus_THB112501_34_0_T_1_54Sh_11111110_070000,bus,work,3,pt_bus_THB274214_pt_bus_THB145967,0.2736260167515538,spatial,3,"home,pt interaction,work"
26280,7:18:00,pt_agent_04,walk,walk,301440.1516216216,2605053.254012474,0,in_leg,,,,,,,,,,2,"home,work"
26280,7:18:00,pt_agent_05,bus,pt,299999.1651402538,2614890.5070187366,1,in_leg,,bus_THB112501_0,bus_THB112501_34_0_T_1_54Sh_11111110_070000,bus,,,,,,3,"home,pt interaction,work"
26280,7:18:00,pt_agent_05,bus,pt,300164.00034454674,2614477.805767132,1,in_leg,,bus_THB112501_0,bus_THB112501_34_0_T_1_54Sh_11111110_070000,bus,work,3,pt_bus_THB274214_pt_bus_THB145967,0.2525776471251024,spatial,3,"home,pt interaction,work"
26290,7:18:10,pt_agent_04,walk,walk,301440.69891891896,2605063.923991684,0,in_leg,,,,,,,,,,2,"home,work"
26290,7:18:10,pt_agent_05,bus,pt,300013.83078118355,2614861.824835189,1,in_leg,,bus_THB112501_0,bus_THB112501_34_0_T_1_54Sh_11111110_070000,bus,,,,,,3,"home,pt interaction,work"
26290,7:18:10,pt_agent_05,bus,pt,300170.4037911063,2614457.7550879386,1,in_leg,,bus_THB112501_0,bus_THB112501_34_0_T_1_54Sh_11111110_070000,bus,work,3,pt_bus_THB274214_pt_bus_THB145967,0.23152927749822982,spatial,3,"home,pt interaction,work"
26300,7:18:20,pt_agent_04,walk,walk,301441.24621621624,2605074.593970894,0,in_leg,,,,,,,,,,2,"home,work"
26300,7:18:20,pt_agent_05,bus,pt,300028.4964221133,2614833.1426516413,1,in_leg,,bus_THB112501_0,bus_THB112501_34_0_T_1_54Sh_11111110_070000,bus,,,,,,3,"home,pt interaction,work"
26300,7:18:20,pt_agent_05,bus,pt,300176.8072376658,2614437.7044087453,1,in_leg,,bus_THB112501_0,bus_THB112501_34_0_T_1_54Sh_11111110_070000,bus,work,3,pt_bus_THB274214_pt_bus_THB145967,0.21048090787140392,spatial,3,"home,pt interaction,work"
26310,7:18:30,pt_agent_04,walk,walk,301441.7935135135,2605085.263950104,0,in_leg,,,,,,,,,,2,"home,work"
26310,7:18:30,pt_agent_05,bus,pt,300043.1620630431,2614804.460468094,1,in_leg,,bus_THB112501_0,bus_THB112501_34_0_T_1_54Sh_11111110_070000,bus,,,,,,3,"home,pt interaction,work"
26310,7:18:30,pt_agent_05,bus,pt,300183.2106842253,2614417.653729552,1,in_leg,,bus_THB112501_0,bus_THB112501_34_0_T_1_54Sh_11111110_070000,bus,work,3,pt_bus_THB274214_pt_bus_THB145967,0.18943253824461667,spatial,3,"home,pt interaction,work"
26320,7:18:40,pt_agent_04,walk,walk,301442.34081081086,2605095.933929314,0,in_leg,,,,,,,,,,2,"home,work"
26320,7:18:40,pt_agent_05,bus,pt,300057.8277039728,2614775.7782845465,1,in_leg,,bus_THB112501_0,bus_THB112501_34_0_T_1_54Sh_11111110_070000,bus,,,,,,3,"home,pt interaction,work"
26320,7:18:40,pt_agent_05,bus,pt,300189.6141307849,2614397.6030503586,1,in_leg,,bus_THB112501_0,bus_THB112501_34_0_T_1_54Sh_11111110_070000,bus,work,3,pt_bus_THB274214_pt_bus_THB145967,0.16838416861786487,spatial,3,"home,pt interaction,work"
26330,7:18:50,pt_agent_04,walk,walk,301442.88810810813,2605106.603908524,0,in_leg,,,,,,,,,,2,"home,work"
26330,7:18:50,pt_agent_05,bus,pt,300072.4933449026,2614747.0961009986,1,in_leg,,bus_THB112501_0,bus_THB112501_34_0_T_1_54Sh_11111110_070000,bus,,,,,,3,"home,pt interaction,work"
26330,7:18:50,pt_agent_05,bus,pt,300196.01757734444,2614377.5523711652,1,in_leg,,bus_THB112501_0,bus_THB112501_34_0_T_1_54Sh_11111110_070000,bus,work,3,pt_bus_THB274214_pt_bus_THB145967,0.14733579899118898,spatial,3,"home,pt interaction,work"
26340,7:19:00,pt_agent_04,walk,walk,301443.4354054054,2605117.273887734,0,in_leg,,,,,,,,,,2,"home,work"
26340,7:19:00,pt_agent_05,bus,pt,300087.15898583236,2614718.413917451,1,in_leg,,bus_THB112501_0,bus_THB112501_34_0_T_1_54Sh_11111110_070000,bus,,,,,,3,"home,pt interaction,work"
26340,7:19:00,pt_agent_05,bus,pt,300202.42102390394,2614357.501691972,1,in_leg,,bus_THB112501_0,bus_THB112501_34_0_T_1_54Sh_11111110_070000,bus,work,3,pt_bus_THB274214_pt_bus_THB145967,0.12628742936464474,spatial,3,"home,pt interaction,work"
26350,7:19:10,pt_agent_04,walk,walk,301443.98270270275,2605127.9438669435,0,in_leg,,,,,,,,,,2,"home,work"
26350,7:19:10,pt_agent_05,bus,pt,300208.82447046344,2614337.4510127786,1,in_leg,,bus_THB112501_0,bus_THB112501_34_0_T_1_54Sh_11111110_070000,bus,work,3,pt_bus_THB274214_pt_bus_THB145967,0.10523905973828275,spatial,3,"home,pt interaction,work"
26360,7:19:20,pt_agent_04,walk,walk,301444.53,2605138.6138461535,0,in_leg,,,,,,,,,,2,"home,work"
26360,7:19:20,pt_agent_05,bus,pt,300215.227917023,2614317.400333585,1,in_leg,,bus_THB112501_0,bus_THB112501_34_0_T_1_54Sh_11111110_070000,bus,work,3,pt_bus_THB274214_pt_bus_THB145967,0.08419069011222197,spatial,3,"home,pt interaction,work"
26370,7:19:30,pt_agent_04,walk,walk,301445.0772972973,2605149.2838253635,0,in_leg,,,,,,,,,,2,"home,work"
26370,7:19:30,pt_agent_05,bus,pt,300221.63136358256,2614297.3496543923,1,in_leg,,bus_THB112501_0,bus_THB112501_34_0_T_1_54Sh_11111110_070000,bus,work,3,pt_bus_THB274214_pt_bus_THB145967,0.06314232048724268,spatial,3,"home,pt interaction,work"
26380,7:19:40,pt_agent_04,walk,walk,301445.62459459464,2605159.9538045735,0,in_leg,,,,,,,,,,2,"home,work"
26380,7:19:40,pt_agent_05,bus,pt,300228.03481014207,2614277.298975199,1,in_leg,,bus_THB112501_0,bus_THB112501_34_0_T_1_54Sh_11111110_070000,bus,work,3,pt_bus_THB274214_pt_bus_THB145967,0.04209395086343228,spatial,3,"home,pt interaction,work"
26390,7:19:50,pt_agent_04,walk,walk,301446.1718918919,2605170.6237837835,0,in_leg,,,,,,,,,,2,"home,work"
26390,7:19:50,pt_agent_05,bus,pt,300234.4382567016,2614257.2482960057,1,in_leg,,bus_THB112501_0,bus_THB112501_34_0_T_1_54Sh_11111110_070000,bus,work,3,pt_bus_THB274214_pt_bus_THB145967,0.021045581246001664,spatial,3,"home,pt interaction,work"
26400,7:20:00,pt_agent_04,walk,walk,301446.7191891892,2605181.2937629935,0,in_leg,,,,,,,,,,2,"home,work"
26400,7:20:00,pt_agent_05,bus,pt,300240.84170326113,2614237.1976168123,1,in_leg,,bus_THB112501_0,bus_THB112501_34_0_T_1_54Sh_11111110_070000,bus,pt interaction,2,pt_bus_THB145967,0.0,spatial,3,"home,pt interaction,work"
26400,7:20:00,pt_agent_05,walk,walk,300240.84170326113,2614237.1976168123,2,in_leg,,,,,pt interaction,2,pt_bus_THB145967,0.0,spatial,3,"home,pt interaction,work"
26401,7:20:01,pt_agent_05,walk,walk,300240.84,2614237.2,2,in_leg,,,,,work,3,pt_bus_THB274214_pt_bus_THB145967,0.0,spatial,3,"home,pt interaction,work"
26410,7:20:10,pt_agent_04,walk,walk,301447.26648648654,2605191.9637422035,0,in_leg,,,,,,,,,,2,"home,work"
26420,7:20:20,pt_agent_04,walk,walk,301447.8137837838,2605202.6337214136,0,in_leg,,,,,,,,,,2,"home,work"
26430,7:20:30,pt_agent_04,walk,walk,301448.3610810811,2605213.3037006236,0,in_leg,,,,,,,,,,2,"home,work"
26440,7:20:40,pt_agent_04,walk,walk,301448.90837837843,2605223.9736798336,0,in_leg,,,,,,,,,,2,"home,work"
26450,7:20:50,pt_agent_04,walk,walk,301449.4556756757,2605234.6436590436,0,in_leg,,,,,,,,,,2,"home,work"
26460,7:21:00,pt_agent_04,walk,walk,301450.002972973,2605245.3136382536,0,in_leg,,,,,,,,,,2,"home,work"
26470,7:21:10,pt_agent_04,walk,walk,301450.5502702703,2605255.9836174636,0,in_leg,,,,,,,,,,2,"home,work"
26480,7:21:20,pt_agent_04,walk,walk,301451.0975675676,2605266.6535966736,0,in_leg,,,,,,,,,,2,"home,work"
26490,7:21:30,pt_agent_04,walk,walk,301451.6448648649,2605277.323575883,0,in_leg,,,,,,,,,,2,"home,work"
26500,7:21:40,pt_agent_04,walk,walk,301452.1921621622,2605287.993555093,0,in_leg,,,,,,,,,,2,"home,work"
26510,7:21:50,pt_agent_04,walk,walk,301452.7394594595,2605298.663534303,0,in_leg,,,,,,,,,,2,"home,work"
26520,7:22:00,pt_agent_04,walk,walk,301453.2867567568,2605309.333513513,0,in_leg,,,,,,,,,,2,"home,work"
26530,7:22:10,pt_agent_04,walk,walk,301453.8340540541,2605320.003492723,0,in_leg,,,,,,,,,,2,"home,work"
26540,7:22:20,pt_agent_04,walk,walk,301454.3813513514,2605330.673471933,0,in_leg,,,,,,,,,,2,"home,work"
26550,7:22:30,pt_agent_04,walk,walk,301454.92864864867,2605341.3434511432,0,in_leg,,,,,,,,,,2,"home,work"
26560,7:22:40,pt_agent_04,walk,walk,301455.47594594595,2605352.0134303533,0,in_leg,,,,,,,,,,2,"home,work"
26570,7:22:50,pt_agent_04,walk,walk,301456.0232432433,2605362.6834095633,0,in_leg,,,,,,,,,,2,"home,work"
26580,7:23:00,pt_agent_04,walk,walk,301456.57054054056,2605373.3533887733,0,in_leg,,,,,,,,,,2,"home,work"
26590,7:23:10,pt_agent_04,walk,walk,301457.11783783784,2605384.0233679833,0,in_leg,,,,,,,,,,2,"home,work"
26600,7:23:20,pt_agent_04,walk,walk,301457.6651351352,2605394.6933471933,0,in_leg,,,,,,,,,,2,"home,work"
26610,7:23:30,pt_agent_04,walk,walk,301458.21243243245,2605405.3633264033,0,in_leg,,,,,,,,,,2,"home,work"
26620,7:23:40,pt_agent_04,walk,walk,301458.75972972973,2605416.0333056133,0,in_leg,,,,,,,,,,2,"home,work"
26630,7:23:50,pt_agent_04,walk,walk,301459.30702702707,2605426.7032848233,0,in_leg,,,,,,,,,,2,"home,work"
26640,7:24:00,pt_agent_04,walk,walk,301459.85432432435,2605437.373264033,0,in_leg,,,,,,,,,,2,"home,work"
26650,7:24:10,pt_agent_04,walk,walk,301460.4016216216,2605448.043243243,0,in_leg,,,,,,,,,,2,"home,work"
26660,7:24:20,pt_agent_04,walk,walk,301460.94891891896,2605458.713222453,0,in_leg,,,,,,,,,,2,"home,work"
26670,7:24:30,pt_agent_04,walk,walk,301461.49621621624,2605469.383201663,0,in_leg,,,,,,,,,,2,"home,work"
26680,7:24:40,pt_agent_04,walk,walk,301462.0435135135,2605480.053180873,0,in_leg,,,,,,,,,,2,"home,work"
26690,7:24:50,pt_agent_04,walk,walk,301462.59081081086,2605490.723160083,0,in_leg,,,,,,,,,,2,"home,work"
26700,7:25:00,pt_agent_04,walk,walk,301463.13810810813,2605501.393139293,0,in_leg,,,,,,,,,,2,"home,work"
26710,7:25:10,pt_agent_04,walk,walk,301463.6854054054,2605512.063118503,0,in_leg,,,,,,,,,,2,"home,work"
26720,7:25:20,pt_agent_04,walk,walk,301464.23270270275,2605522.733097713,0,in_leg,,,,,,,,,,2,"home,work"
26730,7:25:30,pt_agent_04,walk,walk,301464.78,2605533.403076923,0,in_leg,,,,,,,,,,2,"home,work"
26740,7:25:40,pt_agent_04,walk,walk,301465.3272972973,2605544.073056133,0,in_leg,,,,,,,,,,2,"home,work"
26750,7:25:50,pt_agent_04,walk,walk,301465.87459459464,2605554.743035343,0,in_leg,,,,,,,,,,2,"home,work"
26760,7:26:00,pt_agent_04,walk,walk,301466.4218918919,2605565.413014553,0,in_leg,,,,,,,,,,2,"home,work"
26770,7:26:10,pt_agent_04,walk,walk,301466.9691891892,2605576.082993763,0,in_leg,,,,,,,,,,2,"home,work"
26780,7:26:20,pt_agent_04,walk,walk,301467.51648648654,2605586.7529729726,0,in_leg,,,,,,,,,,2,"home,work"
26790,7:26:30,pt_agent_04,walk,walk,301468.0637837838,2605597.4229521826,0,in_leg,,,,,,,,,,2,"home,work"
26800,7:26:40,pt_agent_04,walk,walk,301468.6110810811,2605608.0929313926,0,in_leg,,,,,,,,,,2,"home,work"
26810,7:26:50,pt_agent_04,walk,walk,301469.15837837843,2605618.7629106026,0,in_leg,,,,,,,,,,2,"home,work"
26820,7:27:00,pt_agent_04,walk,walk,301469.7056756757,2605629.4328898126,0,in_leg,,,,,,,,,,2,"home,work"
26830,7:27:10,pt_agent_04,walk,walk,301470.252972973,2605640.1028690226,0,in_leg,,,,,,,,,,2,"home,work"
26840,7:27:20,pt_agent_04,walk,walk,301470.8002702703,2605650.7728482326,0,in_leg,,,,,,,,,,2,"home,work"
26850,7:27:30,pt_agent_04,walk,walk,301471.3475675676,2605661.4428274427,0,in_leg,,,,,,,,,,2,"home,work"
26860,7:27:40,pt_agent_04,walk,walk,301471.8948648649,2605672.1128066527,0,in_leg,,,,,,,,,,2,"home,work"
26870,7:27:50,pt_agent_04,walk,walk,301472.4421621622,2605682.7827858627,0,in_leg,,,,,,,,,,2,"home,work"
26880,7:28:00,pt_agent_04,walk,walk,301472.9894594595,2605693.4527650727,0,in_leg,,,,,,,,,,2,"home,work"
26890,7:28:10,pt_agent_04,walk,walk,301473.5367567568,2605704.1227442827,0,in_leg,,,,,,,,,,2,"home,work"
26900,7:28:20,pt_agent_04,walk,walk,301474.0840540541,2605714.7927234927,0,in_leg,,,,,,,,,,2,"home,work"
26910,7:28:30,pt_agent_04,walk,walk,301474.6313513514,2605725.4627027027,0,in_leg,,,,,,,,,,2,"home,work"
26920,7:28:40,pt_agent_04,walk,walk,301475.17864864867,2605736.1326819123,0,in_leg,,,,,,,,,,2,"home,work"
26930,7:28:50,pt_agent_04,walk,walk,301475.72594594595,2605746.8026611223,0,in_leg,,,,,,,,,,2,"home,work"
26940,7:29:00,pt_agent_04,walk,walk,301476.2732432433,2605757.4726403323,0,in_leg,,,,,,,,,,2,"home,work"
26950,7:29:10,pt_agent_04,walk,walk,301476.82054054056,2605768.1426195423,0,in_leg,,,,,,,,,,2,"home,work"
26960,7:29:20,pt_agent_04,walk,walk,301477.36783783784,2605778.8125987523,0,in_leg,,,,,,,,,,2,"home,work"
26970,7:29:30,pt_agent_04,walk,walk,301477.9151351352,2605789.4825779623,0,in_leg,,,,,,,,,,2,"home,work"
26980,7:29:40,pt_agent_04,walk,walk,301478.46243243245,2605800.1525571723,0,in_leg,,,,,,,,,,2,"home,work"
26990,7:29:50,pt_agent_04,walk,walk,301479.00972972973,2605810.8225363824,0,in_leg,,,,,,,,,,2,"home,work"
27000,7:30:00,pt_agent_02,walk,walk,304831.98,2763155.91,0,in_leg,,,,,home,0,pt_metro_G03_DN_pt_metro_G02_DN,0.0,spatial,3,"home,pt interaction,work"
27000,7:30:00,pt_agent_04,walk,walk,301479.55702702707,2605821.4925155924,0,in_leg,,,,,,,,,,2,"home,work"
27008,7:30:08,pt_agent_02,walk,walk,304826.1503563398,2763161.97982438,0,in_leg,,,,,home,0,pt_metro_G03_DN_pt_metro_G02_DN,0.008415908341169853,spatial,3,"home,pt interaction,work"
27010,7:30:10,pt_agent_04,walk,walk,301480.10432432435,2605832.1624948024,0,in_leg,,,,,,,,,,2,"home,work"
27016,7:30:16,pt_agent_02,walk,walk,304820.32071267965,2763168.0496487604,0,in_leg,,,,,pt interaction,1,pt_metro_G03_UP,0.0,spatial,3,"home,pt interaction,work"
27020,7:30:20,pt_agent_04,walk,walk,301480.6516216216,2605842.8324740124,0,in_leg,,,,,,,,,,2,"home,work"
27030,7:30:30,pt_agent_04,walk,walk,301481.19891891896,2605853.5024532224,0,in_leg,,,,,,,,,,2,"home,work"
27040,7:30:40,pt_agent_04,walk,walk,301481.74621621624,2605864.1724324324,0,in_leg,,,,,,,,,,2,"home,work"
27050,7:30:50,pt_agent_04,walk,walk,301482.2935135135,2605874.8424116424,0,in_leg,,,,,,,,,,2,"home,work"
27060,7:31:00,pt_agent_04,walk,walk,301482.84081081086,2605885.5123908524,0,in_leg,,,,,,,,,,2,"home,work"
27070,7:31:10,pt_agent_04,walk,walk,301483.38810810813,2605896.182370062,0,in_leg,,,,,,,,,,2,"home,work"
27080,7:31:20,pt_agent_04,walk,walk,301483.9354054054,2605906.852349272,0,in_leg,,,,,,,,,,2,"home,work"
27090,7:31:30,pt_agent_04,walk,walk,301484.48270270275,2605917.522328482,0,in_leg,,,,,,,,,,2,"home,work"
27095,7:31:35,pt_agent_02,subway,pt,304820.32071267965,2763168.0496487604,1,in_leg,,metro_Green,metro_Green_0_1_3960,subway,pt interaction,1,pt_metro_G03_UP,0.0,spatial,3,"home,pt interaction,work"
27095,7:31:35,pt_agent_02,subway,pt,304655.8002825853,2763979.8522058716,1,in_leg,,metro_Green,metro_Green_0_1_3960,subway,,,,,,3,"home,pt interaction,work"
27100,7:31:40,pt_agent_04,walk,walk,301485.03,2605928.192307692,0,in_leg,,,,,,,,,,2,"home,work"
27105,7:31:45,pt_agent_02,subway,pt,304805.3643099438,2763241.849881225,1,in_leg,,metro_Green,metro_Green_0_1_3960,subway,pt interaction,1,pt_metro_G03_UP,0.07530051988268896,spatial,3,"home,pt interaction,work"
27105,7:31:45,pt_agent_02,subway,pt,304653.09974116983,2764023.993297724,1,in_leg,,metro_Green,metro_Green_0_1_3960,subway,,,,,,3,"home,pt interaction,work"
27110,7:31:50,pt_agent_04,walk,walk,301485.5772972973,2605938.862286902,0,in_leg,,,,,,,,,,2,"home,work"
27114,7:31:54,pt_agent_02,subway,pt,304790.40790720796,2763315.6501136897,1,in_leg,,metro_Green,metro_Green_0_1_3960,subway,pt interaction,1,pt_metro_G03_UP,0.1506010397658343,spatial,3,"home,pt interaction,work"
27115,7:31:55,pt_agent_02,subway,pt,304650.39919975435,2764068.1343895765,1,in_leg,,metro_Green,metro_Green_0_1_3960,subway,,,,,,3,"home,pt interaction,work"
27120,7:32:00,pt_agent_04,walk,walk,301486.12459459464,2605949.532266112,0,in_leg,,,,,,,,,,2,"home,work"
27124,7:32:04,pt_agent_02,subway,pt,304775.4515044721,2763389.450346154,1,in_leg,,metro_Green,metro_Green_0_1_3960,subway,pt interaction,1,pt_metro_G03_UP,0.22590155964852326,spatial,3,"home,pt interaction,work"
27124,7:32:04,pt_agent_02,subway,pt,304647.69865833886,2764112.275481429,1,in_leg,,metro_Green,metro_Green_0_1_3960,subway,,,,,,3,"home,pt interaction,work"
27130,7:32:10,pt_agent_04,walk,walk,301486.6718918919,2605960.202245322,0,in_leg,,,,,,,,,,2,"home,work"
27133,7:32:13,pt_agent_02,subway,pt,304760.4951017363,2763463.250578619,1,in_leg,,metro_Green,metro_Green_0_1_3960,subway,pt interaction,1,pt_metro_G03_UP,0.3012020795316686,spatial,3,"home,pt interaction,work"
27134,7:32:14,pt_agent_02,subway,pt,304644.9981169234,2764156.4165732814,1,in_leg,,metro_Green,metro_Green_0_1_3960,subway,,,,,,3,"home,pt interaction,work"
27140,7:32:20,pt_agent_04,walk,walk,301487.2191891892,2605970.872224532,0,in_leg,,,,,,,,,,2,"home,work"
27143,7:32:23,pt_agent_02,subway,pt,304745.53869900043,2763537.0508110835,1,in_leg,,metro_Green,metro_Green_0_1_3960,subway,pt interaction,1,pt_metro_G03_UP,0.3765025994143576,spatial,3,"home,pt interaction,work"
27144,7:32:24,pt_agent_02,subway,pt,304642.29757550784,2764200.557665134,1,in_leg,,metro_Green,metro_Green_0_1_3960,subway,,,,,,3,"home,pt interaction,work"
27150,7:32:30,pt_agent_04,walk,walk,301487.76648648654,2605981.542203742,0,in_leg,,,,,,,,,,2,"home,work"
27152,7:32:32,pt_agent_02,subway,pt,304730.58229626453,2763610.8510435484,1,in_leg,,metro_Green,metro_Green_0_1_3960,subway,pt interaction,1,pt_metro_G03_UP,0.45180311929751443,spatial,3,"home,pt interaction,work"
27154,7:32:34,pt_agent_02,subway,pt,304639.59703409235,2764244.6987569863,1,in_leg,,metro_Green,metro_Green_0_1_3960,subway,,,,,,3,"home,pt interaction,work"
27160,7:32:40,pt_agent_04,walk,walk,301488.3137837838,2605992.212182952,0,in_leg,,,,,,,,,,2,"home,work"
27162,7:32:42,pt_agent_02,subway,pt,304715.6258935287,2763684.651276013,1,in_leg,,metro_Green,metro_Green_0_1_3960,subway,,,,,,3,"home,pt interaction,work"
27163,7:32:43,pt_agent_02,subway,pt,304636.89649267687,2764288.8398488383,1,in_leg,,metro_Green,metro_Green_0_1_3960,subway,,,,,,3,"home,pt interaction,work"
27170,7:32:50,pt_agent_04,walk,walk,301488.8610810811,2606002.882162162,0,in_leg,,,,,,,,,,2,"home,work"
27171,7:32:51,pt_agent_02,subway,pt,304700.66949079285,2763758.451508478,1,in_leg,,metro_Green,metro_Green_0_1_3960,subway,,,,,,3,"home,pt interaction,work"
27173,7:32:53,pt_agent_02,subway,pt,304634.1959512614,2764332.9809406907,1,in_leg,,metro_Green,metro_Green_0_1_3960,subway,,,,,,3,"home,pt interaction,work"
27180,7:33:00,pt_agent_04,walk,walk,301489.40837837843,2606013.552141372,0,in_leg,,,,,,,,,,2,"home,work"
27181,7:33:01,pt_agent_02,subway,pt,304685.713088057,2763832.2517409422,1,in_leg,,metro_Green,metro_Green_0_1_3960,subway,,,,,,3,"home,pt interaction,work"
27183,7:33:03,pt_agent_02,subway,pt,304631.4954098459,2764377.122032543,1,in_leg,,metro_Green,metro_Green_0_1_3960,subway,,,,,,3,"home,pt interaction,work"
27190,7:33:10,pt_agent_02,subway,pt,304670.75668532116,2763906.051973407,1,in_leg,,metro_Green,metro_Green_0_1_3960,subway,,,,,,3,"home,pt interaction,work"
27190,7:33:10,pt_agent_04,walk,walk,301489.9556756757,2606024.222120582,0,in_leg,,,,,,,,,,2,"home,work"
27193,7:33:13,pt_agent_02,subway,pt,304628.7948684304,2764421.2631243956,1,in_leg,,metro_Green,metro_Green_0_1_3960,subway,,,,,,3,"home,pt interaction,work"
27200,7:33:20,pt_agent_02,subway,pt,304655.8002825853,2763979.8522058716,1,in_leg,,metro_Green,metro_Green_0_1_3960,subway,,,,,,3,"home,pt interaction,work"
27200,7:33:20,pt_agent_04,walk,walk,301490.502972973,2606034.892099792,0,in_leg,,,,,,,,,,2,"home,work"
27202,7:33:22,pt_agent_02,subway,pt,304626.09432701493,2764465.404216248,1,in_leg,,metro_Green,metro_Green_0_1_3960,subway,,,,,,3,"home,pt interaction,work"
27210,7:33:30,pt_agent_04,walk,walk,301491.0502702703,2606045.5620790017,0,in_leg,,,,,,,,,,2,"home,work"
27212,7:33:32,pt_agent_02,subway,pt,304623.39378559944,2764509.5453081005,1,in_leg,,metro_Green,metro_Green_0_1_3960,subway,,,,,,3,"home,pt interaction,work"
27220,7:33:40,pt_agent_04,walk,walk,301491.5975675676,2606056.2320582117,0,in_leg,,,,,,,,,,2,"home,work"
27222,7:33:42,pt_agent_02,subway,pt,304620.6932441839,2764553.686399953,1,in_leg,,metro_Green,metro_Green_0_1_3960,subway,,,,,,3,"home,pt interaction,work"
27230,7:33:50,pt_agent_04,walk,walk,301492.1448648649,2606066.9020374217,0,in_leg,,,,,,,,,,2,"home,work"
27232,7:33:52,pt_agent_02,subway,pt,304617.9927027684,2764597.8274918054,1,in_leg,,metro_Green,metro_Green_0_1_3960,subway,work,3,pt_metro_G04_UP_pt_metro_G05_UP,0.4580331474197563,spatial,3,"home,pt interaction,work"
27240,7:34:00,pt_agent_04,walk,walk,301492.6921621622,2606077.5720166317,0,in_leg,,,,,,,,,,2,"home,work"
27241,7:34:01,pt_agent_02,subway,pt,304615.29216135293,2764641.968583658,1,in_leg,,metro_Green,metro_Green_0_1_3960,subway,work,3,pt_metro_G04_UP_pt_metro_G05_UP,0.4138107101133869,spatial,3,"home,pt interaction,work"
27250,7:34:10,pt_agent_04,walk,walk,301493.2394594595,2606088.2419958417,0,in_leg,,,,,,,,,,2,"home,work"
27251,7:34:11,pt_agent_02,subway,pt,304612.59161993745,2764686.1096755103,1,in_leg,,metro_Green,metro_Green_0_1_3960,subway,work,3,pt_metro_G04_UP_pt_metro_G05_UP,0.3695885567784385,spatial,3,"home,pt interaction,work"
27260,7:34:20,pt_agent_04,walk,walk,301493.7867567568,2606098.9119750517,0,in_leg,,,,,,,,,,2,"home,work"
27261,7:34:21,pt_agent_02,subway,pt,304609.89107852196,2764730.250767363,1,in_leg,,metro_Green,metro_Green_0_1_3960,subway,work,3,pt_metro_G04_UP_pt_metro_G05_UP,0.32536680320266026,spatial,3,"home,pt interaction,work"
27270,7:34:30,pt_agent_04,walk,walk,301494.3340540541,2606109.5819542618,0,in_leg,,,,,,,,,,2,"home,work"
27271,7:34:31,pt_agent_02,subway,pt,304607.1905371065,2764774.391859215,1,in_leg,,metro_Green,metro_Green_0_1_3960,subway,work,3,pt_metro_G04_UP_pt_metro_G05_UP,0.28114563802199466,spatial,3,"home,pt interaction,work"
27280,7:34:40,pt_agent_02,subway,pt,304604.489995691,2764818.532951067,1,in_leg,,metro_Green,metro_Green_0_1_3960,subway,work,3,pt_metro_G04_UP_pt_metro_G05_UP,0.2369253907018335,spatial,3,"home,pt interaction,work"
27280,7:34:40,pt_agent_04,walk,walk,301494.8813513514,2606120.2519334718,0,in_leg,,,,,,,,,,2,"home,work"
27290,7:34:50,pt_agent_02,subway,pt,304601.7894542755,2764862.6740429197,1,in_leg,,metro_Green,metro_Green_0_1_3960,subway,work,3,pt_metro_G04_UP_pt_metro_G05_UP,0.19270669310406277,spatial,3,"home,pt interaction,work"
27290,7:34:50,pt_agent_04,walk,walk,301495.42864864867,2606130.921912682,0,in_leg,,,,,,,,,,2,"home,work"
27300,7:35:00,pt_agent_02,subway,pt,304599.08891285997,2764906.815134772,1,in_leg,,metro_Green,metro_Green_0_1_3960,subway,work,3,pt_metro_G04_UP_pt_metro_G05_UP,0.14849092969846728,spatial,3,"home,pt interaction,work"
27300,7:35:00,pt_agent_04,walk,walk,301495.97594594595,2606141.591891892,0,in_leg,,,,,,,,,,2,"home,work"
27310,7:35:10,pt_agent_02,subway,pt,304596.3883714445,2764950.9562266245,1,in_leg,,metro_Green,metro_Green_0_1_3960,subway,work,3,pt_metro_G04_UP_pt_metro_G05_UP,0.1042818328667787,spatial,3,"home,pt interaction,work"
27310,7:35:10,pt_agent_04,walk,walk,301496.5232432433,2606152.261871102,0,in_leg,,,,,,,,,,2,"home,work"
27319,7:35:19,pt_agent_02,subway,pt,304593.687830029,2764995.097318477,1,in_leg,,metro_Green,metro_Green_0_1_3960,subway,work,3,pt_metro_G04_UP_pt_metro_G05_UP,0.06009411749181887,spatial,3,"home,pt interaction,work"
27320,7:35:20,pt_agent_04,walk,walk,301497.07054054056,2606162.931850312,0,in_leg,,,,,,,,,,2,"home,work"
27329,7:35:29,pt_agent_02,subway,pt,304590.9872886135,2765039.2384103294,1,in_leg,,metro_Green,metro_Green_0_1_3960,subway,work,3,pt_metro_G04_UP_pt_metro_G05_UP,0.01610475320867876,spatial,3,"home,pt interaction,work"
27330,7:35:30,pt_agent_04,walk,walk,301497.61783783784,2606173.601829522,0,in_leg,,,,,,,,,,2,"home,work"
27339,7:35:39,pt_agent_02,subway,pt,304588.286747198,2765083.379502182,1,in_leg,,metro_Green,metro_Green_0_1_3960,subway,pt interaction,2,pt_metro_G05_UP,0.0,spatial,3,"home,pt interaction,work"
27339,7:35:39,pt_agent_02,walk,walk,304588.286747198,2765083.379502182,2,in_leg,,,,,pt interaction,2,pt_metro_G05_UP,0.0,spatial,3,"home,pt interaction,work"
27340,7:35:40,pt_agent_04,walk,walk,301498.1651351352,2606184.271808732,0,in_leg,,,,,,,,,,2,"home,work"
27348,7:35:48,pt_agent_02,walk,walk,304587.804498132,2765073.8530014544,2,in_leg,,,,,pt interaction,2,pt_metro_G05_UP,0.009538699087035673,spatial,3,"home,pt interaction,work"
27350,7:35:50,pt_agent_04,walk,walk,301498.71243243245,2606194.9417879414,0,in_leg,,,,,,,,,,2,"home,work"
27357,7:35:57,pt_agent_02,walk,walk,304587.322249066,2765064.3265007273,2,in_leg,,,,,work,3,pt_metro_G04_UP_pt_metro_G05_UP,0.009538699087035673,spatial,3,"home,pt interaction,work"
27360,7:36:00,pt_agent_04,walk,walk,301499.25972972973,2606205.6117671514,0,in_leg,,,,,,,,,,2,"home,work"
27366,7:36:06,pt_agent_02,walk,walk,304586.84,2765054.8,2,in_leg,,,,,work,3,pt_metro_G04_UP_pt_metro_G05_UP,0.0,spatial,3,"home,pt interaction,work"
27370,7:36:10,pt_agent_04,walk,walk,301499.80702702707,2606216.2817463614,0,in_leg,,,,,,,,,,2,"home,work"
27380,7:36:20,pt_agent_04,walk,walk,301500.35432432435,2606226.9517255714,0,in_leg,,,,,,,,,,2,"home,work"
27390,7:36:30,pt_agent_04,walk,walk,301500.9016216216,2606237.6217047814,0,in_leg,,,,,,,,,,2,"home,work"
27400,7:36:40,pt_agent_04,walk,walk,301501.44891891896,2606248.2916839914,0,in_leg,,,,,,,,,,2,"home,work"
27410,7:36:50,pt_agent_04,walk,walk,301501.99621621624,2606258.9616632015,0,in_leg,,,,,,,,,,2,"home,work"
27420,7:37:00,pt_agent_04,walk,walk,301502.5435135135,2606269.6316424115,0,in_leg,,,,,,,,,,2,"home,work"
27430,7:37:10,pt_agent_04,walk,walk,301503.09081081086,2606280.3016216215,0,in_leg,,,,,,,,,,2,"home,work"
27440,7:37:20,pt_agent_04,walk,walk,301503.63810810813,2606290.9716008315,0,in_leg,,,,,,,,,,2,"home,work"
27450,7:37:30,pt_agent_04,walk,walk,301504.1854054054,2606301.6415800415,0,in_leg,,,,,,,,,,2,"home,work"
27460,7:37:40,pt_agent_04,walk,walk,301504.73270270275,2606312.3115592515,0,in_leg,,,,,,,,,,2,"home,work"
27470,7:37:50,pt_agent_04,walk,walk,301505.28,2606322.9815384615,0,in_leg,,,,,,,,,,2,"home,work"
27480,7:38:00,pt_agent_04,walk,walk,301505.8272972973,2606333.6515176715,0,in_leg,,,,,,,,,,2,"home,work"
27490,7:38:10,pt_agent_04,walk,walk,301506.37459459464,2606344.3214968815,0,in_leg,,,,,,,,,,2,"home,work"
27500,7:38:20,pt_agent_04,walk,walk,301506.9218918919,2606354.991476091,0,in_leg,,,,,,,,,,2,"home,work"
27510,7:38:30,pt_agent_04,walk,walk,301507.4691891892,2606365.661455301,0,in_leg,,,,,,,,,,2,"home,work"
27520,7:38:40,pt_agent_04,walk,walk,301508.01648648654,2606376.331434511,0,in_leg,,,,,,,,,,2,"home,work"
27530,7:38:50,pt_agent_04,walk,walk,301508.5637837838,2606387.001413721,0,in_leg,,,,,,,,,,2,"home,work"
27540,7:39:00,pt_agent_04,walk,walk,301509.1110810811,2606397.671392931,0,in_leg,,,,,,,,,,2,"home,work"
27550,7:39:10,pt_agent_04,walk,walk,301509.65837837843,2606408.341372141,0,in_leg,,,,,,,,,,2,"home,work"
27560,7:39:20,pt_agent_04,walk,walk,301510.2056756757,2606419.011351351,0,in_leg,,,,,,,,,,2,"home,work"
27570,7:39:30,pt_agent_04,walk,walk,301510.752972973,2606429.681330561,0,in_leg,,,,,,,,,,2,"home,work"
27580,7:39:40,pt_agent_04,walk,walk,301511.3002702703,2606440.351309771,0,in_leg,,,,,,,,,,2,"home,work"
27590,7:39:50,pt_agent_04,walk,walk,301511.8475675676,2606451.021288981,0,in_leg,,,,,,,,,,2,"home,work"
27600,7:40:00,pt_agent_04,walk,walk,301512.3948648649,2606461.691268191,0,in_leg,,,,,,,,,,2,"home,work"
27610,7:40:10,pt_agent_04,walk,walk,301512.9421621622,2606472.361247401,0,in_leg,,,,,,,,,,2,"home,work"
27620,7:40:20,pt_agent_04,walk,walk,301513.4894594595,2606483.031226611,0,in_leg,,,,,,,,,,2,"home,work"
27630,7:40:30,pt_agent_04,walk,walk,301514.0367567568,2606493.7012058212,0,in_leg,,,,,,,,,,2,"home,work"
27640,7:40:40,pt_agent_04,walk,walk,301514.5840540541,2606504.371185031,0,in_leg,,,,,,,,,,2,"home,work"
27650,7:40:50,pt_agent_04,walk,walk,301515.1313513514,2606515.041164241,0,in_leg,,,,,,,,,,2,"home,work"
27660,7:41:00,pt_agent_04,walk,walk,301515.67864864867,2606525.711143451,0,in_leg,,,,,,,,,,2,"home,work"
27670,7:41:10,pt_agent_04,walk,walk,301516.22594594595,2606536.381122661,0,in_leg,,,,,,,,,,2,"home,work"
27680,7:41:20,pt_agent_04,walk,walk,301516.7732432433,2606547.051101871,0,in_leg,,,,,,,,,,2,"home,work"
27690,7:41:30,pt_agent_04,walk,walk,301517.32054054056,2606557.721081081,0,in_leg,,,,,,,,,,2,"home,work"
27700,7:41:40,pt_agent_04,walk,walk,301517.86783783784,2606568.391060291,0,in_leg,,,,,,,,,,2,"home,work"
27710,7:41:50,pt_agent_04,walk,walk,301518.4151351352,2606579.061039501,0,in_leg,,,,,,,,,,2,"home,work"
27720,7:42:00,pt_agent_04,walk,walk,301518.96243243245,2606589.731018711,0,in_leg,,,,,,,,,,2,"home,work"
27730,7:42:10,pt_agent_04,walk,walk,301519.50972972973,2606600.400997921,0,in_leg,,,,,,,,,,2,"home,work"
27740,7:42:20,pt_agent_04,walk,walk,301520.05702702707,2606611.070977131,0,in_leg,,,,,,,,,,2,"home,work"
27750,7:42:30,pt_agent_04,walk,walk,301520.60432432435,2606621.740956341,0,in_leg,,,,,,,,,,2,"home,work"
27760,7:42:40,pt_agent_04,walk,walk,301521.1516216216,2606632.410935551,0,in_leg,,,,,,,,,,2,"home,work"
27770,7:42:50,pt_agent_04,walk,walk,301521.69891891896,2606643.080914761,0,in_leg,,,,,,,,,,2,"home,work"
27780,7:43:00,pt_agent_04,walk,walk,301522.24621621624,2606653.7508939705,0,in_leg,,,,,,,,,,2,"home,work"
27790,7:43:10,pt_agent_04,walk,walk,301522.7935135135,2606664.4208731805,0,in_leg,,,,,,,,,,2,"home,work"
27800,7:43:20,pt_agent_04,walk,walk,301523.34081081086,2606675.0908523905,0,in_leg,,,,,,,,,,2,"home,work"
27810,7:43:30,pt_agent_04,walk,walk,301523.88810810813,2606685.7608316005,0,in_leg,,,,,,,,,,2,"home,work"
27820,7:43:40,pt_agent_04,walk,walk,301524.4354054054,2606696.4308108105,0,in_leg,,,,,,,,,,2,"home,work"
27830,7:43:50,pt_agent_04,walk,walk,301524.98270270275,2606707.1007900205,0,in_leg,,,,,,,,,,2,"home,work"
27840,7:44:00,pt_agent_04,walk,walk,301525.53,2606717.7707692306,0,in_leg,,,,,,,,,,2,"home,work"
27850,7:44:10,pt_agent_04,walk,walk,301526.0772972973,2606728.4407484406,0,in_leg,,,,,,,,,,2,"home,work"
27860,7:44:20,pt_agent_04,walk,walk,301526.62459459464,2606739.1107276506,0,in_leg,,,,,,,,,,2,"home,work"
27870,7:44:30,pt_agent_04,walk,walk,301527.1718918919,2606749.7807068606,0,in_leg,,,,,,,,,,2,"home,work"
27880,7:44:40,pt_agent_04,walk,walk,301527.7191891892,2606760.4506860706,0,in_leg,,,,,,,,,,2,"home,work"
27890,7:44:50,pt_agent_04,walk,walk,301528.26648648654,2606771.1206652806,0,in_leg,,,,,,,,,,2,"home,work"
27900,7:45:00,car_agent_02,walk,walk,290172.52,2781181.98,0,in_leg,,,,,home,0,pt_metro_R28_DN,0.0,spatial,2,"home,work"
27900,7:45:00,pt_agent_04,walk,walk,301528.8137837838,2606781.7906444906,0,in_leg,,,,,,,,,,2,"home,work"
27910,7:45:10,car_agent_02,walk,walk,290175.5065909091,2781171.717840909,0,in_leg,,,,,home,0,pt_metro_R28_DN,0.010687920025253966,spatial,2,"home,work"
27910,7:45:10,pt_agent_04,walk,walk,301529.3610810811,2606792.4606237006,0,in_leg,,,,,,,,,,2,"home,work"
27920,7:45:20,car_agent_02,walk,walk,290178.4931818182,2781161.455681818,0,in_leg,,,,,home,0,pt_metro_R28_DN,0.021375840050524196,spatial,2,"home,work"
27920,7:45:20,pt_agent_04,walk,walk,301529.90837837843,2606803.1306029106,0,in_leg,,,,,,,,,,2,"home,work"
27930,7:45:30,car_agent_02,walk,walk,290181.4797727273,2781151.193522727,0,in_leg,,,,,home,0,pt_metro_R28_DN,0.032063760075778165,spatial,2,"home,work"
27930,7:45:30,pt_agent_04,walk,walk,301530.4556756757,2606813.80058212,0,in_leg,,,,,,,,,,2,"home,work"
27940,7:45:40,car_agent_02,walk,walk,290184.46636363637,2781140.931363636,0,in_leg,,,,,home,0,pt_metro_R28_DN,0.04275168010103213,spatial,2,"home,work"
27940,7:45:40,pt_agent_04,walk,walk,301531.002972973,2606824.47056133,0,in_leg,,,,,,,,,,2,"home,work"
27950,7:45:50,car_agent_02,walk,walk,290187.4529545455,2781130.6692045457,0,in_leg,,,,,home,0,pt_metro_R28_DN,0.05343960012585524,spatial,2,"home,work"
27950,7:45:50,pt_agent_04,walk,walk,301531.5502702703,2606835.14054054,0,in_leg,,,,,,,,,,2,"home,work"
27960,7:46:00,car_agent_02,walk,walk,290190.4395454546,2781120.4070454547,0,in_leg,,,,,home,0,pt_metro_R28_DN,0.06412752015110922,spatial,2,"home,work"
27960,7:46:00,pt_agent_04,walk,walk,301532.0975675676,2606845.81051975,0,in_leg,,,,,,,,,,2,"home,work"
27970,7:46:10,car_agent_02,walk,walk,290193.42613636365,2781110.1448863638,0,in_leg,,,,,home,0,pt_metro_R28_DN,0.07481544017636317,spatial,2,"home,work"
27970,7:46:10,pt_agent_04,walk,walk,301532.6448648649,2606856.4804989602,0,in_leg,,,,,,,,,,2,"home,work"
27980,7:46:20,car_agent_02,walk,walk,290196.4127272727,2781099.882727273,0,in_leg,,,,,home,0,pt_metro_R28_DN,0.08550336020161714,spatial,2,"home,work"
27980,7:46:20,pt_agent_04,walk,walk,301533.1921621622,2606867.1504781703,0,in_leg,,,,,,,,,,2,"home,work"
27990,7:46:30,car_agent_02,walk,walk,290199.39931818185,2781089.620568182,0,in_leg,,,,,home,0,pt_metro_R28_DN,0.09619128022688737,spatial,2,"home,work"
27990,7:46:30,pt_agent_04,walk,walk,301533.7394594595,2606877.8204573803,0,in_leg,,,,,,,,,,2,"home,work"
28000,7:46:40,car_agent_02,walk,walk,290202.3859090909,2781079.358409091,0,in_leg,,,,,home,0,pt_metro_R28_DN,0.10687920025214134,spatial,2,"home,work"
28000,7:46:40,pt_agent_04,walk,walk,301534.2867567568,2606888.4904365903,0,in_leg,,,,,,,,,,2,"home,work"
28010,7:46:50,car_agent_02,walk,walk,290205.3725,2781069.09625,0,in_leg,,,,,home,0,pt_metro_R28_DN,0.1175671202773953,spatial,2,"home,work"
28010,7:46:50,pt_agent_04,walk,walk,301534.8340540541,2606899.1604158003,0,in_leg,,,,,,,,,,2,"home,work"
28020,7:47:00,car_agent_02,walk,walk,290208.3590909091,2781058.834090909,0,in_leg,,,,,home,0,pt_metro_R28_DN,0.12825504030266555,spatial,2,"home,work"
28020,7:47:00,pt_agent_04,walk,walk,301535.3813513514,2606909.8303950103,0,in_leg,,,,,,,,,,2,"home,work"
28030,7:47:10,car_agent_02,walk,walk,290211.3456818182,2781048.571931818,0,in_leg,,,,,home,0,pt_metro_R28_DN,0.13894296032791947,spatial,2,"home,work"
28030,7:47:10,pt_agent_04,walk,walk,301535.92864864867,2606920.5003742203,0,in_leg,,,,,,,,,,2,"home,work"
28040,7:47:20,car_agent_02,walk,walk,290214.3322727273,2781038.309772727,0,in_leg,,,,,home,0,pt_metro_R28_DN,0.14963088035317346,spatial,2,"home,work"
28040,7:47:20,pt_agent_04,walk,walk,301536.47594594595,2606931.1703534303,0,in_leg,,,,,,,,,,2,"home,work"
28050,7:47:30,car_agent_02,walk,walk,290217.3188636364,2781028.0476136366,0,in_leg,,,,,home,0,pt_metro_R28_DN,0.1603188003779966,spatial,2,"home,work"
28050,7:47:30,pt_agent_04,walk,walk,301537.0232432433,2606941.8403326403,0,in_leg,,,,,,,,,,2,"home,work"
28060,7:47:40,car_agent_02,walk,walk,290220.3054545455,2781017.7854545456,0,in_leg,,,,,home,0,pt_metro_R28_DN,0.17100672040325055,spatial,2,"home,work"
28060,7:47:40,pt_agent_04,walk,walk,301537.57054054056,2606952.5103118503,0,in_leg,,,,,,,,,,2,"home,work"
28070,7:47:50,car_agent_02,walk,walk,290223.29204545455,2781007.5232954547,0,in_leg,,,,,home,0,pt_metro_R28_DN,0.1816946404285045,spatial,2,"home,work"
28070,7:47:50,pt_agent_04,walk,walk,301538.11783783784,2606963.18029106,0,in_leg,,,,,,,,,,2,"home,work"
28080,7:48:00,car_agent_02,walk,walk,290226.2786363637,2780997.2611363637,0,in_leg,,,,,home,0,pt_metro_R28_DN,0.19238256045377475,spatial,2,"home,work"
28080,7:48:00,pt_agent_04,walk,walk,301538.6651351352,2606973.85027027,0,in_leg,,,,,,,,,,2,"home,work"
28090,7:48:10,car_agent_02,walk,walk,290229.26522727276,2780986.998977273,0,in_leg,,,,,home,0,pt_metro_R28_DN,0.2030704804790287,spatial,2,"home,work"
28090,7:48:10,pt_agent_04,walk,walk,301539.21243243245,2606984.52024948,0,in_leg,,,,,,,,,,2,"home,work"
28100,7:48:20,car_agent_02,walk,walk,290232.25181818183,2780976.736818182,0,in_leg,,,,,home,0,pt_metro_R28_DN,0.2137584005042827,spatial,2,"home,work"
28100,7:48:20,pt_agent_04,walk,walk,301539.75972972973,2606995.19022869,0,in_leg,,,,,,,,,,2,"home,work"
28110,7:48:30,car_agent_02,walk,walk,290235.2384090909,2780966.474659091,0,in_leg,,,,,home,0,pt_metro_R28_DN,0.22444632052953664,spatial,2,"home,work"
28110,7:48:30,pt_agent_04,walk,walk,301540.30702702707,2607005.8602079,0,in_leg,,,,,,,,,,2,"home,work"
28120,7:48:40,car_agent_02,walk,walk,290238.22500000003,2780956.2125,0,in_leg,,,,,home,0,pt_metro_R28_DN,0.23513424055480686,spatial,2,"home,work"
28120,7:48:40,pt_agent_04,walk,walk,301540.85432432435,2607016.53018711,0,in_leg,,,,,,,,,,2,"home,work"
28130,7:48:50,car_agent_02,walk,walk,290241.2115909091,2780945.950340909,0,in_leg,,,,,home,0,pt_metro_R28_DN,0.24582216058006084,spatial,2,"home,work"
28130,7:48:50,pt_agent_04,walk,walk,301541.4016216216,2607027.20016632,0,in_leg,,,,,,,,,,2,"home,work"
28140,7:49:00,car_agent_02,walk,walk,290244.1981818182,2780935.688181818,0,in_leg,,,,,home,0,pt_metro_R28_DN,0.25651008060531477,spatial,2,"home,work"
28140,7:49:00,pt_agent_04,walk,walk,301541.94891891896,2607037.87014553,0,in_leg,,,,,,,,,,2,"home,work"
28150,7:49:10,car_agent_02,walk,walk,290247.1847727273,2780925.4260227275,0,in_leg,,,,,home,0,pt_metro_R28_DN,0.26719800063013793,spatial,2,"home,work"
28150,7:49:10,pt_agent_04,walk,walk,301542.49621621624,2607048.54012474,0,in_leg,,,,,,,,,,2,"home,work"
28160,7:49:20,car_agent_02,walk,walk,290250.1713636364,2780915.1638636366,0,in_leg,,,,,home,0,pt_metro_R28_DN,0.27788592065539186,spatial,2,"home,work"
28160,7:49:20,pt_agent_04,walk,walk,301543.0435135135,2607059.21010395,0,in_leg,,,,,,,,,,2,"home,work"
28170,7:49:30,car_agent_02,walk,walk,290253.15795454546,2780904.9017045456,0,in_leg,,,,,home,0,pt_metro_R28_DN,0.28857384068064584,spatial,2,"home,work"
28170,7:49:30,pt_agent_04,walk,walk,301543.59081081086,2607069.88008316,0,in_leg,,,,,,,,,,2,"home,work"
28180,7:49:40,car_agent_02,walk,walk,290256.1445454546,2780894.6395454546,0,in_leg,,,,,home,0,pt_metro_R28_DN,0.29926176070591604,spatial,2,"home,work"
28180,7:49:40,pt_agent_04,walk,walk,301544.13810810813,2607080.55006237,0,in_leg,,,,,,,,,,2,"home,work"
28190,7:49:50,car_agent_02,walk,walk,290259.13113636366,2780884.3773863637,0,in_leg,,,,,home,0,pt_metro_R28_DN,0.30994968073117,spatial,2,"home,work"
28190,7:49:50,pt_agent_04,walk,walk,301544.6854054054,2607091.22004158,0,in_leg,,,,,,,,,,2,"home,work"
28200,7:50:00,car_agent_02,walk,walk,290262.11772727274,2780874.1152272727,0,in_leg,,,,,home,0,pt_metro_R28_DN,0.32063760075642406,spatial,2,"home,work"
28200,7:50:00,pt_agent_04,walk,walk,301545.23270270275,2607101.89002079,0,in_leg,,,,,,,,,,2,"home,work"
28210,7:50:10,car_agent_02,walk,walk,290265.10431818187,2780863.853068182,0,in_leg,,,,,home,0,pt_metro_R28_DN,0.33132552078169425,spatial,2,"home,work"
28210,7:50:10,pt_agent_04,walk,walk,301545.78,2607112.5599999996,0,in_leg,,,,,,,,,,2,"home,work"
28220,7:50:20,car_agent_02,walk,walk,290268.09090909094,2780853.590909091,0,in_leg,,,,,home,0,pt_metro_R28_DN,0.34201344080694823,spatial,2,"home,work"
28220,7:50:20,pt_agent_04,walk,walk,301546.3272972973,2607123.2299792096,0,in_leg,,,,,,,,,,2,"home,work"
28230,7:50:30,car_agent_02,walk,walk,290271.0775,2780843.32875,0,in_leg,,,,,home,0,pt_metro_R28_DN,0.35270136083220216,spatial,2,"home,work"
28230,7:50:30,pt_agent_04,walk,walk,301546.87459459464,2607133.8999584196,0,in_leg,,,,,,,,,,2,"home,work"
28240,7:50:40,car_agent_02,walk,walk,290274.0640909091,2780833.066590909,0,in_leg,,,,,home,0,pt_metro_R28_DN,0.36338928085745614,spatial,2,"home,work"
28240,7:50:40,pt_agent_04,walk,walk,301547.4218918919,2607144.5699376296,0,in_leg,,,,,,,,,,2,"home,work"
28250,7:50:50,car_agent_02,walk,walk,290277.0506818182,2780822.8044318184,0,in_leg,,,,,home,0,pt_metro_R28_DN,0.3740772008822792,spatial,2,"home,work"
28250,7:50:50,pt_agent_04,walk,walk,301547.9691891892,2607155.2399168396,0,in_leg,,,,,,,,,,2,"home,work"
28260,7:51:00,car_agent_02,walk,walk,290280.0372727273,2780812.5422727275,0,in_leg,,,,,home,0,pt_metro_R28_DN,0.38476512090753323,spatial,2,"home,work"
28260,7:51:00,pt_agent_04,walk,walk,301548.51648648654,2607165.9098960496,0,in_leg,,,,,,,,,,2,"home,work"
28270,7:51:10,car_agent_02,walk,walk,290283.02386363636,2780802.2801136365,0,in_leg,,,,,home,0,pt_metro_R28_DN,0.3954530409327872,spatial,2,"home,work"
28270,7:51:10,pt_agent_04,walk,walk,301549.0637837838,2607176.5798752597,0,in_leg,,,,,,,,,,2,"home,work"
28280,7:51:20,car_agent_02,walk,walk,290286.0104545455,2780792.0179545456,0,in_leg,,,,,home,0,pt_metro_R28_DN,0.4061409609580574,spatial,2,"home,work"
28280,7:51:20,pt_agent_04,walk,walk,301549.6110810811,2607187.2498544697,0,in_leg,,,,,,,,,,2,"home,work"
28290,7:51:30,car_agent_02,walk,walk,290288.99704545457,2780781.7557954546,0,in_leg,,,,,home,0,pt_metro_R28_DN,0.41682888098331144,spatial,2,"home,work"
28290,7:51:30,pt_agent_04,walk,walk,301550.15837837843,2607197.9198336797,0,in_leg,,,,,,,,,,2,"home,work"
28300,7:51:40,car_agent_02,walk,walk,290291.98363636364,2780771.4936363637,0,in_leg,,,,,home,0,pt_metro_R28_DN,0.4275168010085654,spatial,2,"home,work"
28300,7:51:40,pt_agent_04,walk,walk,301550.7056756757,2607208.5898128897,0,in_leg,,,,,,,,,,2,"home,work"
28310,7:51:50,car_agent_02,walk,walk,290294.9702272728,2780761.2314772727,0,in_leg,,,,,home,0,pt_metro_R28_DN,0.43820472103383556,spatial,2,"home,work"
28310,7:51:50,pt_agent_04,walk,walk,301551.252972973,2607219.2597920997,0,in_leg,,,,,,,,,,2,"home,work"
28320,7:52:00,car_agent_02,walk,walk,290297.95681818185,2780750.9693181817,0,in_leg,,,,,home,0,pt_metro_R28_DN,0.44889264105908955,spatial,2,"home,work"
28320,7:52:00,pt_agent_04,walk,walk,301551.8002702703,2607229.9297713097,0,in_leg,,,,,,,,,,2,"home,work"
28330,7:52:10,car_agent_02,walk,walk,290300.9434090909,2780740.707159091,0,in_leg,,,,,home,0,pt_metro_R28_DN,0.45958056108434353,spatial,2,"home,work"
28330,7:52:10,pt_agent_04,walk,walk,301552.3475675676,2607240.5997505197,0,in_leg,,,,,,,,,,2,"home,work"
28340,7:52:20,car_agent_02,walk,walk,290303.93000000005,2780730.4450000003,0,in_leg,,,,,home,0,pt_metro_R28_DN,0.47026848110916664,spatial,2,"home,work"
28340,7:52:20,pt_agent_04,walk,walk,301552.8948648649,2607251.2697297297,0,in_leg,,,,,,,,,,2,"home,work"
28350,7:52:30,car_agent_02,walk,walk,290306.9165909091,2780720.1828409093,0,in_leg,,,,,work,1,pt_metro_R25_UP_pt_metro_R26_UP,0.45958056108434353,spatial,2,"home,work"
28350,7:52:30,pt_agent_04,walk,walk,301553.4421621622,2607261.9397089398,0,in_leg,,,,,,,,,,2,"home,work"
28360,7:52:40,car_agent_02,walk,walk,290309.9031818182,2780709.9206818184,0,in_leg,,,,,work,1,pt_metro_R25_UP_pt_metro_R26_UP,0.44889264105908955,spatial,2,"home,work"
28360,7:52:40,pt_agent_04,walk,walk,301553.9894594595,2607272.6096881493,0,in_leg,,,,,,,,,,2,"home,work"
28370,7:52:50,car_agent_02,walk,walk,290312.88977272727,2780699.6585227274,0,in_leg,,,,,work,1,pt_metro_R25_UP_pt_metro_R26_UP,0.43820472103383556,spatial,2,"home,work"
28370,7:52:50,pt_agent_04,walk,walk,301554.5367567568,2607283.2796673593,0,in_leg,,,,,,,,,,2,"home,work"
28380,7:53:00,car_agent_02,walk,walk,290315.8763636364,2780689.3963636365,0,in_leg,,,,,work,1,pt_metro_R25_UP_pt_metro_R26_UP,0.4275168010085654,spatial,2,"home,work"
28380,7:53:00,pt_agent_04,walk,walk,301555.0840540541,2607293.9496465693,0,in_leg,,,,,,,,,,2,"home,work"
28390,7:53:10,car_agent_02,walk,walk,290318.8629545455,2780679.1342045455,0,in_leg,,,,,work,1,pt_metro_R25_UP_pt_metro_R26_UP,0.41682888098331144,spatial,2,"home,work"
28390,7:53:10,pt_agent_04,walk,walk,301555.6313513514,2607304.6196257793,0,in_leg,,,,,,,,,,2,"home,work"
28400,7:53:20,car_agent_02,walk,walk,290321.84954545455,2780668.8720454546,0,in_leg,,,,,work,1,pt_metro_R25_UP_pt_metro_R26_UP,0.4061409609580574,spatial,2,"home,work"
28400,7:53:20,pt_agent_04,walk,walk,301556.17864864867,2607315.2896049893,0,in_leg,,,,,,,,,,2,"home,work"
28410,7:53:30,car_agent_02,walk,walk,290324.8361363637,2780658.6098863636,0,in_leg,,,,,work,1,pt_metro_R25_UP_pt_metro_R26_UP,0.3954530409327872,spatial,2,"home,work"
28410,7:53:30,pt_agent_04,walk,walk,301556.72594594595,2607325.9595841994,0,in_leg,,,,,,,,,,2,"home,work"
28420,7:53:40,car_agent_02,walk,walk,290327.82272727275,2780648.3477272727,0,in_leg,,,,,work,1,pt_metro_R25_UP_pt_metro_R26_UP,0.38476512090753323,spatial,2,"home,work"
28420,7:53:40,pt_agent_04,walk,walk,301557.2732432433,2607336.6295634094,0,in_leg,,,,,,,,,,2,"home,work"
28430,7:53:50,car_agent_02,walk,walk,290330.8093181818,2780638.0855681817,0,in_leg,,,,,work,1,pt_metro_R25_UP_pt_metro_R26_UP,0.3740772008822792,spatial,2,"home,work"
28430,7:53:50,pt_agent_04,walk,walk,301557.82054054056,2607347.2995426194,0,in_leg,,,,,,,,,,2,"home,work"
28440,7:54:00,car_agent_02,walk,walk,290333.79590909096,2780627.823409091,0,in_leg,,,,,work,1,pt_metro_R25_UP_pt_metro_R26_UP,0.36338928085745614,spatial,2,"home,work"
28440,7:54:00,pt_agent_04,walk,walk,301558.36783783784,2607357.9695218294,0,in_leg,,,,,,,,,,2,"home,work"
28450,7:54:10,car_agent_02,walk,walk,290336.78250000003,2780617.5612500003,0,in_leg,,,,,work,1,pt_metro_R25_UP_pt_metro_R26_UP,0.35270136083220216,spatial,2,"home,work"
28450,7:54:10,pt_agent_04,walk,walk,301558.9151351352,2607368.6395010394,0,in_leg,,,,,,,,,,2,"home,work"
28460,7:54:20,car_agent_02,walk,walk,290339.7690909091,2780607.2990909093,0,in_leg,,,,,work,1,pt_metro_R25_UP_pt_metro_R26_UP,0.34201344080694823,spatial,2,"home,work"
28460,7:54:20,pt_agent_04,walk,walk,301559.46243243245,2607379.3094802494,0,in_leg,,,,,,,,,,2,"home,work"
28470,7:54:30,car_agent_02,walk,walk,290342.7556818182,2780597.0369318184,0,in_leg,,,,,work,1,pt_metro_R25_UP_pt_metro_R26_UP,0.33132552078169425,spatial,2,"home,work"
28470,7:54:30,pt_agent_04,walk,walk,301560.00972972973,2607389.9794594594,0,in_leg,,,,,,,,,,2,"home,work"
28480,7:54:40,car_agent_02,walk,walk,290345.7422727273,2780586.7747727274,0,in_leg,,,,,work,1,pt_metro_R25_UP_pt_metro_R26_UP,0.32063760075642406,spatial,2,"home,work"
28480,7:54:40,pt_agent_04,walk,walk,301560.55702702707,2607400.6494386694,0,in_leg,,,,,,,,,,2,"home,work"
28490,7:54:50,car_agent_02,walk,walk,290348.7288636364,2780576.5126136364,0,in_leg,,,,,work,1,pt_metro_R25_UP_pt_metro_R26_UP,0.30994968073117,spatial,2,"home,work"
28490,7:54:50,pt_agent_04,walk,walk,301561.10432432435,2607411.3194178795,0,in_leg,,,,,,,,,,2,"home,work"
28500,7:55:00,car_agent_02,walk,walk,290351.71545454545,2780566.2504545455,0,in_leg,,,,,work,1,pt_metro_R25_UP_pt_metro_R26_UP,0.29926176070591604,spatial,2,"home,work"
28500,7:55:00,pt_agent_04,walk,walk,301561.6516216216,2607421.989397089,0,in_leg,,,,,,,,,,2,"home,work"
28510,7:55:10,car_agent_02,walk,walk,290354.7020454546,2780555.9882954545,0,in_leg,,,,,work,1,pt_metro_R25_UP_pt_metro_R26_UP,0.28857384068064584,spatial,2,"home,work"
28510,7:55:10,pt_agent_04,walk,walk,301562.19891891896,2607432.659376299,0,in_leg,,,,,,,,,,2,"home,work"
28520,7:55:20,car_agent_02,walk,walk,290357.68863636366,2780545.7261363636,0,in_leg,,,,,work,1,pt_metro_R25_UP_pt_metro_R26_UP,0.27788592065539186,spatial,2,"home,work"
28520,7:55:20,pt_agent_04,walk,walk,301562.74621621624,2607443.329355509,0,in_leg,,,,,,,,,,2,"home,work"
28530,7:55:30,car_agent_02,walk,walk,290360.67522727273,2780535.4639772726,0,in_leg,,,,,work,1,pt_metro_R25_UP_pt_metro_R26_UP,0.26719800063013793,spatial,2,"home,work"
28530,7:55:30,pt_agent_04,walk,walk,301563.2935135135,2607453.999334719,0,in_leg,,,,,,,,,,2,"home,work"
28540,7:55:40,car_agent_02,walk,walk,290363.66181818186,2780525.201818182,0,in_leg,,,,,work,1,pt_metro_R25_UP_pt_metro_R26_UP,0.25651008060531477,spatial,2,"home,work"
28540,7:55:40,pt_agent_04,walk,walk,301563.84081081086,2607464.669313929,0,in_leg,,,,,,,,,,2,"home,work"
28550,7:55:50,car_agent_02,walk,walk,290366.64840909094,2780514.939659091,0,in_leg,,,,,work,1,pt_metro_R25_UP_pt_metro_R26_UP,0.24582216058006084,spatial,2,"home,work"
28550,7:55:50,pt_agent_04,walk,walk,301564.38810810813,2607475.339293139,0,in_leg,,,,,,,,,,2,"home,work"
28560,7:56:00,car_agent_02,walk,walk,290369.635,2780504.6775,0,in_leg,,,,,work,1,pt_metro_R25_UP_pt_metro_R26_UP,0.23513424055480686,spatial,2,"home,work"
28560,7:56:00,pt_agent_04,walk,walk,301564.9354054054,2607486.009272349,0,in_leg,,,,,,,,,,2,"home,work"
28570,7:56:10,car_agent_02,walk,walk,290372.62159090914,2780494.4153409093,0,in_leg,,,,,work,1,pt_metro_R25_UP_pt_metro_R26_UP,0.22444632052953664,spatial,2,"home,work"
28570,7:56:10,pt_agent_04,walk,walk,301565.48270270275,2607496.679251559,0,in_leg,,,,,,,,,,2,"home,work"
28580,7:56:20,car_agent_02,walk,walk,290375.6081818182,2780484.1531818183,0,in_leg,,,,,work,1,pt_metro_R25_UP_pt_metro_R26_UP,0.2137584005042827,spatial,2,"home,work"
28580,7:56:20,pt_agent_04,walk,walk,301566.03,2607507.349230769,0,in_leg,,,,,,,,,,2,"home,work"
28590,7:56:30,car_agent_02,walk,walk,290378.5947727273,2780473.8910227274,0,in_leg,,,,,work,1,pt_metro_R25_UP_pt_metro_R26_UP,0.2030704804790287,spatial,2,"home,work"
28590,7:56:30,pt_agent_04,walk,walk,301566.5772972973,2607518.019209979,0,in_leg,,,,,,,,,,2,"home,work"
28600,7:56:40,car_agent_02,walk,walk,290381.58136363636,2780463.6288636364,0,in_leg,,,,,work,1,pt_metro_R25_UP_pt_metro_R26_UP,0.19238256045377475,spatial,2,"home,work"
28600,7:56:40,pt_agent_04,walk,walk,301567.12459459464,2607528.689189189,0,in_leg,,,,,,,,,,2,"home,work"
28610,7:56:50,car_agent_02,walk,walk,290384.5679545455,2780453.3667045454,0,in_leg,,,,,work,1,pt_metro_R25_UP_pt_metro_R26_UP,0.1816946404285045,spatial,2,"home,work"
28610,7:56:50,pt_agent_04,walk,walk,301567.6718918919,2607539.359168399,0,in_leg,,,,,,,,,,2,"home,work"
28620,7:57:00,car_agent_02,walk,walk,290387.55454545456,2780443.1045454545,0,in_leg,,,,,work,1,pt_metro_R25_UP_pt_metro_R26_UP,0.17100672040325055,spatial,2,"home,work"
28620,7:57:00,pt_agent_04,walk,walk,301568.2191891892,2607550.029147609,0,in_leg,,,,,,,,,,2,"home,work"
28630,7:57:10,car_agent_02,walk,walk,290390.54113636364,2780432.8423863635,0,in_leg,,,,,work,1,pt_metro_R25_UP_pt_metro_R26_UP,0.1603188003779966,spatial,2,"home,work"
28630,7:57:10,pt_agent_04,walk,walk,301568.76648648654,2607560.699126819,0,in_leg,,,,,,,,,,2,"home,work"
28640,7:57:20,car_agent_02,walk,walk,290393.52772727277,2780422.580227273,0,in_leg,,,,,work,1,pt_metro_R25_UP_pt_metro_R26_UP,0.14963088035317346,spatial,2,"home,work"
28640,7:57:20,pt_agent_04,walk,walk,301569.3137837838,2607571.369106029,0,in_leg,,,,,,,,,,2,"home,work"
28650,7:57:30,car_agent_02,walk,walk,290396.51431818184,2780412.318068182,0,in_leg,,,,,work,1,pt_metro_R25_UP_pt_metro_R26_UP,0.13894296032791947,spatial,2,"home,work"
28650,7:57:30,pt_agent_04,walk,walk,301569.8610810811,2607582.0390852387,0,in_leg,,,,,,,,,,2,"home,work"
28660,7:57:40,car_agent_02,walk,walk,290399.5009090909,2780402.055909091,0,in_leg,,,,,work,1,pt_metro_R25_UP_pt_metro_R26_UP,0.12825504030266555,spatial,2,"home,work"
28660,7:57:40,pt_agent_04,walk,walk,301570.40837837843,2607592.7090644487,0,in_leg,,,,,,,,,,2,"home,work"
28670,7:57:50,car_agent_02,walk,walk,290402.48750000005,2780391.79375,0,in_leg,,,,,work,1,pt_metro_R25_UP_pt_metro_R26_UP,0.1175671202773953,spatial,2,"home,work"
28670,7:57:50,pt_agent_04,walk,walk,301570.9556756757,2607603.3790436587,0,in_leg,,,,,,,,,,2,"home,work"
28680,7:58:00,car_agent_02,walk,walk,290405.4740909091,2780381.531590909,0,in_leg,,,,,work,1,pt_metro_R25_UP_pt_metro_R26_UP,0.10687920025214134,spatial,2,"home,work"
28680,7:58:00,pt_agent_04,walk,walk,301571.502972973,2607614.0490228687,0,in_leg,,,,,,,,,,2,"home,work"
28690,7:58:10,car_agent_02,walk,walk,290408.4606818182,2780371.2694318183,0,in_leg,,,,,work,1,pt_metro_R25_UP_pt_metro_R26_UP,0.09619128022688737,spatial,2,"home,work"
28690,7:58:10,pt_agent_04,walk,walk,301572.0502702703,2607624.7190020788,0,in_leg,,,,,,,,,,2,"home,work"
28700,7:58:20,car_agent_02,walk,walk,290411.4472727273,2780361.0072727273,0,in_leg,,,,,work,1,pt_metro_R25_UP_pt_metro_R26_UP,0.08550336020161714,spatial,2,"home,work"
28700,7:58:20,pt_agent_04,walk,walk,301572.5975675676,2607635.3889812888,0,in_leg,,,,,,,,,,2,"home,work"
28710,7:58:30,car_agent_02,walk,walk,290414.4338636364,2780350.7451136364,0,in_leg,,,,,work,1,pt_metro_R25_UP_pt_metro_R26_UP,0.07481544017636317,spatial,2,"home,work"
28710,7:58:30,pt_agent_04,walk,walk,301573.1448648649,2607646.058960499,0,in_leg,,,,,,,,,,2,"home,work"
28720,7:58:40,car_agent_02,walk,walk,290417.42045454547,2780340.4829545454,0,in_leg,,,,,work,1,pt_metro_R25_UP_pt_metro_R26_UP,0.06412752015110922,spatial,2,"home,work"
28720,7:58:40,pt_agent_04,walk,walk,301573.6921621622,2607656.728939709,0,in_leg,,,,,,,,,,2,"home,work"
28730,7:58:50,car_agent_02,walk,walk,290420.40704545454,2780330.2207954545,0,in_leg,,,,,work,1,pt_metro_R25_UP_pt_metro_R26_UP,0.05343960012585524,spatial,2,"home,work"
28730,7:58:50,pt_agent_04,walk,walk,301574.2394594595,2607667.398918919,0,in_leg,,,,,,,,,,2,"home,work"
28740,7:59:00,car_agent_02,walk,walk,290423.3936363637,2780319.958636364,0,in_leg,,,,,work,1,pt_metro_R25_UP_pt_metro_R26_UP,0.04275168010103213,spatial,2,"home,work"
28740,7:59:00,pt_agent_04,walk,walk,301574.7867567568,2607678.068898129,0,in_leg,,,,,,,,,,2,"home,work"
28750,7:59:10,car_agent_02,walk,walk,290426.38022727275,2780309.696477273,0,in_leg,,,,,work,1,pt_metro_R25_UP_pt_metro_R26_UP,0.032063760075778165,spatial,2,"home,work"
28750,7:59:10,pt_agent_04,walk,walk,301575.3340540541,2607688.738877339,0,in_leg,,,,,,,,,,2,"home,work"
28760,7:59:20,car_agent_02,walk,walk,290429.3668181818,2780299.434318182,0,in_leg,,,,,work,1,pt_metro_R25_UP_pt_metro_R26_UP,0.021375840050524196,spatial,2,"home,work"
28760,7:59:20,pt_agent_04,walk,walk,301575.8813513514,2607699.408856549,0,in_leg,,,,,,,,,,2,"home,work"
28770,7:59:30,car_agent_02,walk,walk,290432.35340909095,2780289.172159091,0,in_leg,,,,,work,1,pt_metro_R25_UP_pt_metro_R26_UP,0.010687920025253966,spatial,2,"home,work"
28770,7:59:30,pt_agent_04,walk,walk,301576.42864864867,2607710.078835759,0,in_leg,,,,,,,,,,2,"home,work"
28780,7:59:40,car_agent_02,walk,walk,290435.34,2780278.91,0,in_leg,,,,,work,1,pt_metro_R25_UP_pt_metro_R26_UP,0.0,spatial,2,"home,work"
28780,7:59:40,pt_agent_04,walk,walk,301576.97594594595,2607720.748814969,0,in_leg,,,,,,,,,,2,"home,work"
28790,7:59:50,pt_agent_04,walk,walk,301577.5232432433,2607731.4187941784,0,in_leg,,,,,,,,,,2,"home,work"
28800,8:00:00,mixed_agent_02,walk,walk,304403.51,2766071.46,0,in_leg,,,,,home,0,pt_metro_G06_DN_pt_metro_G05_DN,0.0,spatial,3,"home,pt interaction,work"
28800,8:00:00,pt_agent_03,walk,walk,305712.87,2768517.49,0,in_leg,,,,,home,0,18481,0.0,spatial,2,"home,work"
28800,8:00:00,pt_agent_04,walk,walk,301578.07054054056,2607742.0887733884,0,in_leg,,,,,,,,,,2,"home,work"
28808,8:00:08,mixed_agent_02,walk,walk,304403.8769018519,2766079.7383859106,0,in_leg,,,,,home,0,pt_metro_G06_DN_pt_metro_G05_DN,0.008286512550821773,spatial,3,"home,pt interaction,work"
28810,8:00:10,pt_agent_03,walk,walk,305708.01141221373,2768507.9951908397,0,in_leg,,,,,home,0,18481,0.010665705615226319,spatial,2,"home,work"
28810,8:00:10,pt_agent_04,walk,walk,301578.61783783784,2607752.7587525984,0,in_leg,,,,,,,,,,2,"home,work"
28816,8:00:16,mixed_agent_02,walk,walk,304404.24380370387,2766088.0167718213,0,in_leg,,,,,pt interaction,1,pt_metro_G06_DN,0.008286512550821773,spatial,3,"home,pt interaction,work"
28820,8:00:20,pt_agent_03,walk,walk,305703.15282442747,2768498.5003816797,0,in_leg,,,,,home,0,18481,0.021331411230038098,spatial,2,"home,work"
28820,8:00:20,pt_agent_04,walk,walk,301579.1651351352,2607763.4287318084,0,in_leg,,,,,,,,,,2,"home,work"
28824,8:00:24,mixed_agent_02,walk,walk,304404.61070555577,2766096.295157732,0,in_leg,,,,,pt interaction,1,pt_metro_G06_DN,0.0,spatial,3,"home,pt interaction,work"
28830,8:00:30,pt_agent_03,walk,walk,305698.2942366412,2768489.0055725193,0,in_leg,,,,,home,0,18481,0.03199711684526441,spatial,2,"home,work"
28830,8:00:30,pt_agent_04,walk,walk,301579.71243243245,2607774.0987110185,0,in_leg,,,,,,,,,,2,"home,work"
28840,8:00:40,pt_agent_03,walk,walk,305693.43564885494,2768479.510763359,0,in_leg,,,,,home,0,18481,0.04266282246049073,spatial,2,"home,work"
28840,8:00:40,pt_agent_04,walk,walk,301580.25972972973,2607784.7686902285,0,in_leg,,,,,,,,,,2,"home,work"
28850,8:00:50,pt_agent_03,walk,walk,305688.5770610687,2768470.015954199,0,in_leg,,,,,home,0,18481,0.05332852807530251,spatial,2,"home,work"
28850,8:00:50,pt_agent_04,walk,walk,301580.80702702707,2607795.4386694385,0,in_leg,,,,,,,,,,2,"home,work"
28860,8:01:00,pt_agent_03,walk,walk,305683.7184732824,2768460.5211450383,0,in_leg,,,,,home,0,18481,0.06399423369052883,spatial,2,"home,work"
28860,8:01:00,pt_agent_04,walk,walk,301581.35432432435,2607806.1086486485,0,in_leg,,,,,,,,,,2,"home,work"
28870,8:01:10,pt_agent_03,walk,walk,305678.8598854962,2768451.0263358783,0,in_leg,,,,,home,0,18481,0.07465993930531409,spatial,2,"home,work"
28870,8:01:10,pt_agent_04,walk,walk,301581.9016216216,2607816.7786278585,0,in_leg,,,,,,,,,,2,"home,work"
28880,8:01:20,pt_agent_03,walk,walk,305674.00129770994,2768441.531526718,0,in_leg,,,,,home,0,18481,0.08532564492054041,spatial,2,"home,work"
28880,8:01:20,pt_agent_04,walk,walk,301582.44891891896,2607827.4486070685,0,in_leg,,,,,,,,,,2,"home,work"
28890,8:01:30,pt_agent_03,walk,walk,305669.1427099237,2768432.0367175573,0,in_leg,,,,,home,0,18481,0.09599135053576673,spatial,2,"home,work"
28890,8:01:30,pt_agent_04,walk,walk,301582.99621621624,2607838.1185862785,0,in_leg,,,,,,,,,,2,"home,work"
28899,8:01:39,mixed_agent_02,subway,pt,304404.61070555577,2766096.295157732,1,in_leg,,metro_Green,metro_Green_1_1_40320,subway,pt interaction,1,pt_metro_G06_DN,0.0,spatial,3,"home,pt interaction,work"
28899,8:01:39,mixed_agent_02,subway,pt,304591.03847905016,2765090.6795186438,1,in_leg,,metro_Green,metro_Green_1_1_40320,subway,,,,,,3,"home,pt interaction,work"
28899,8:01:39,mixed_agent_02,subway,pt,304656.9326833884,2763972.743357124,1,in_leg,,metro_Green,metro_Green_1_1_40320,subway,,,,,,3,"home,pt interaction,work"
28900,8:01:40,pt_agent_03,walk,walk,305664.2841221374,2768422.5419083973,0,in_leg,,,,,home,0,18481,0.1066570561505785,spatial,2,"home,work"
28900,8:01:40,pt_agent_04,walk,walk,301583.5435135135,2607848.7885654885,0,in_leg,,,,,,,,,,2,"home,work"
28909,8:01:49,mixed_agent_02,subway,pt,304418.95130351686,2766018.940108571,1,in_leg,,metro_Green,metro_Green_1_1_40320,subway,home,0,pt_metro_G06_DN_pt_metro_G05_DN,0.0547427881093801,spatial,3,"home,pt interaction,work"
28909,8:01:49,mixed_agent_02,subway,pt,304593.47900513676,2765049.2744756243,1,in_leg,,metro_Green,metro_Green_1_1_40320,subway,,,,,,3,"home,pt interaction,work"
28909,8:01:49,mixed_agent_02,subway,pt,304661.23236836976,2763951.567206904,1,in_leg,,metro_Green,metro_Green_1_1_40320,subway,,,,,,3,"home,pt interaction,work"
28910,8:01:50,pt_agent_03,walk,walk,305659.42553435115,2768413.047099237,0,in_leg,,,,,home,0,18481,0.11732276176580482,spatial,2,"home,work"
28910,8:01:50,pt_agent_04,walk,walk,301584.09081081086,2607859.4585446985,0,in_leg,,,,,,,,,,2,"home,work"
28919,8:01:59,mixed_agent_02,subway,pt,304433.29190147796,2765941.585059411,1,in_leg,,metro_Green,metro_Green_1_1_40320,subway,home,0,pt_metro_G06_DN_pt_metro_G05_DN,0.13324586991219284,spatial,3,"home,pt interaction,work"
28919,8:01:59,mixed_agent_02,subway,pt,304595.91953122336,2765007.8694326053,1,in_leg,,metro_Green,metro_Green_1_1_40320,subway,,,,,,3,"home,pt interaction,work"
28919,8:01:59,mixed_agent_02,subway,pt,304665.5320533511,2763930.391056684,1,in_leg,,metro_Green,metro_Green_1_1_40320,subway,,,,,,3,"home,pt interaction,work"
28920,8:02:00,pt_agent_03,walk,walk,305654.5669465649,2768403.5522900764,0,in_leg,,,,,home,0,18481,0.12798846738103115,spatial,2,"home,work"
28920,8:02:00,pt_agent_04,walk,walk,301584.63810810813,2607870.1285239086,0,in_leg,,,,,,,,,,2,"home,work"
28929,8:02:09,mixed_agent_02,subway,pt,304447.63249943906,2765864.23001025,1,in_leg,,metro_Green,metro_Green_1_1_40320,subway,home,0,pt_metro_G06_DN_pt_metro_G05_DN,0.21187511323529698,spatial,3,"home,pt interaction,work"
28929,8:02:09,mixed_agent_02,subway,pt,304598.36005730997,2764966.464389586,1,in_leg,,metro_Green,metro_Green_1_1_40320,subway,,,,,,3,"home,pt interaction,work"
28929,8:02:09,mixed_agent_02,subway,pt,304669.83173833246,2763909.2149064634,1,in_leg,,metro_Green,metro_Green_1_1_40320,subway,,,,,,3,"home,pt interaction,work"
28930,8:02:10,pt_agent_03,walk,walk,305649.7083587786,2768394.0574809164,0,in_leg,,,,,home,0,18481,0.1386541729958429,spatial,2,"home,work"
28930,8:02:10,pt_agent_04,walk,walk,301585.1854054054,2607880.798503118,0,in_leg,,,,,,,,,,2,"home,work"
28938,8:02:18,mixed_agent_02,subway,pt,304461.9730974002,2765786.8749610893,1,in_leg,,metro_Green,metro_Green_1_1_40320,subway,home,0,pt_metro_G06_DN_pt_metro_G05_DN,0.2905281021336578,spatial,3,"home,pt interaction,work"
28938,8:02:18,mixed_agent_02,subway,pt,304674.1314233138,2763888.0387562434,1,in_leg,,metro_Green,metro_Green_1_1_40320,subway,,,,,,3,"home,pt interaction,work"
28939,8:02:19,mixed_agent_02,subway,pt,304600.8005833966,2764925.059346567,1,in_leg,,metro_Green,metro_Green_1_1_40320,subway,,,,,,3,"home,pt interaction,work"
28940,8:02:20,pt_agent_03,walk,walk,305644.84977099235,2768384.562671756,0,in_leg,,,,,home,0,18481,0.1493198786110692,spatial,2,"home,work"
28940,8:02:20,pt_agent_04,walk,walk,301585.73270270275,2607891.468482328,0,in_leg,,,,,,,,,,2,"home,work"
28948,8:02:28,mixed_agent_02,subway,pt,304476.3136953613,2765709.519911929,1,in_leg,,metro_Green,metro_Green_1_1_40320,subway,home,0,pt_metro_G06_DN_pt_metro_G05_DN,0.36918966048774104,spatial,3,"home,pt interaction,work"
28948,8:02:28,mixed_agent_02,subway,pt,304678.43110829516,2763866.8626060234,1,in_leg,,metro_Green,metro_Green_1_1_40320,subway,,,,,,3,"home,pt interaction,work"
28949,8:02:29,mixed_agent_02,subway,pt,304603.2411094832,2764883.6543035475,1,in_leg,,metro_Green,metro_Green_1_1_40320,subway,,,,,,3,"home,pt interaction,work"
28950,8:02:30,pt_agent_03,walk,walk,305639.9911832061,2768375.0678625954,0,in_leg,,,,,home,0,18481,0.15998558422629555,spatial,2,"home,work"
28950,8:02:30,pt_agent_04,walk,walk,301586.28,2607902.138461538,0,in_leg,,,,,,,,,,2,"home,work"
28958,8:02:38,mixed_agent_02,subway,pt,304490.6542933224,2765632.1648627683,1,in_leg,,metro_Green,metro_Green_1_1_40320,subway,home,0,pt_metro_G06_DN_pt_metro_G05_DN,0.4478552728885554,spatial,3,"home,pt interaction,work"
28958,8:02:38,mixed_agent_02,subway,pt,304682.7307932765,2763845.6864558035,1,in_leg,,metro_Green,metro_Green_1_1_40320,subway,,,,,,3,"home,pt interaction,work"
28959,8:02:39,mixed_agent_02,subway,pt,304605.6816355698,2764842.249260528,1,in_leg,,metro_Green,metro_Green_1_1_40320,subway,,,,,,3,"home,pt interaction,work"
28960,8:02:40,pt_agent_03,walk,walk,305635.1325954198,2768365.5730534354,0,in_leg,,,,,home,0,18481,0.17065128984110733,spatial,2,"home,work"
28960,8:02:40,pt_agent_04,walk,walk,301586.8272972973,2607912.808440748,0,in_leg,,,,,,,,,,2,"home,work"
28968,8:02:48,mixed_agent_02,subway,pt,304504.9948912835,2765554.8098136075,1,in_leg,,metro_Green,metro_Green_1_1_40320,subway,,,,,,3,"home,pt interaction,work"
28968,8:02:48,mixed_agent_02,subway,pt,304687.03047825786,2763824.510305583,1,in_leg,,metro_Green,metro_Green_1_1_40320,subway,,,,,,3,"home,pt interaction,work"
28969,8:02:49,mixed_agent_02,subway,pt,304608.1221616564,2764800.844217509,1,in_leg,,metro_Green,metro_Green_1_1_40320,subway,,,,,,3,"home,pt interaction,work"
28970,8:02:50,pt_agent_03,walk,walk,305630.27400763356,2768356.078244275,0,in_leg,,,,,home,0,18481,0.18131699545633365,spatial,2,"home,work"
28970,8:02:50,pt_agent_04,walk,walk,301587.37459459464,2607923.478419958,0,in_leg,,,,,,,,,,2,"home,work"
28978,8:02:58,mixed_agent_02,subway,pt,304519.3354892446,2765477.4547644467,1,in_leg,,metro_Green,metro_Green_1_1_40320,subway,,,,,,3,"home,pt interaction,work"
28978,8:02:58,mixed_agent_02,subway,pt,304691.3301632392,2763803.334155363,1,in_leg,,metro_Green,metro_Green_1_1_40320,subway,,,,,,3,"home,pt interaction,work"
28979,8:02:59,mixed_agent_02,subway,pt,304610.562687743,2764759.4391744896,1,in_leg,,metro_Green,metro_Green_1_1_40320,subway,,,,,,3,"home,pt interaction,work"
28980,8:03:00,pt_agent_03,walk,walk,305625.4154198473,2768346.583435115,0,in_leg,,,,,home,0,18481,0.1919827010711454,spatial,2,"home,work"
28980,8:03:00,pt_agent_04,walk,walk,301587.9218918919,2607934.148399168,0,in_leg,,,,,,,,,,2,"home,work"
28988,8:03:08,mixed_agent_02,subway,pt,304533.6760872057,2765400.0997152864,1,in_leg,,metro_Green,metro_Green_1_1_40320,subway,,,,,,3,"home,pt interaction,work"
28988,8:03:08,mixed_agent_02,subway,pt,304695.62984822056,2763782.158005143,1,in_leg,,metro_Green,metro_Green_1_1_40320,subway,,,,,,3,"home,pt interaction,work"
28989,8:03:09,mixed_agent_02,subway,pt,304613.0032138296,2764718.0341314706,1,in_leg,,metro_Green,metro_Green_1_1_40320,subway,,,,,,3,"home,pt interaction,work"
28990,8:03:10,pt_agent_03,walk,walk,305620.5568320611,2768337.0886259545,0,in_leg,,,,,home,0,18481,0.20264840668634523,spatial,2,"home,work"
28990,8:03:10,pt_agent_04,walk,walk,301588.4691891892,2607944.818378378,0,in_leg,,,,,,,,,,2,"home,work"
28997,8:03:17,mixed_agent_02,subway,pt,304548.01668516686,2765322.7446661256,1,in_leg,,metro_Green,metro_Green_1_1_40320,subway,,,,,,3,"home,pt interaction,work"
28997,8:03:17,mixed_agent_02,subway,pt,304699.9295332019,2763760.981854923,1,in_leg,,metro_Green,metro_Green_1_1_40320,subway,,,,,,3,"home,pt interaction,work"
28999,8:03:19,mixed_agent_02,subway,pt,304615.4437399162,2764676.629088451,1,in_leg,,metro_Green,metro_Green_1_1_40320,subway,,,,,,3,"home,pt interaction,work"
29000,8:03:20,pt_agent_03,walk,walk,305615.6982442748,2768327.593816794,0,in_leg,,,,,home,0,18481,0.21331411230157155,spatial,2,"home,work"
29000,8:03:20,pt_agent_04,walk,walk,301589.01648648654,2607955.488357588,0,in_leg,,,,,,,,,,2,"home,work"
29007,8:03:27,mixed_agent_02,subway,pt,304562.35728312796,2765245.389616965,1,in_leg,,metro_Green,metro_Green_1_1_40320,subway,,,,,,3,"home,pt interaction,work"
29007,8:03:27,mixed_agent_02,subway,pt,304704.22921818326,2763739.8057047026,1,in_leg,,metro_Green,metro_Green_1_1_40320,subway,,,,,,3,"home,pt interaction,work"
29009,8:03:29,mixed_agent_02,subway,pt,304617.8842660028,2764635.2240454317,1,in_leg,,metro_Green,metro_Green_1_1_40320,subway,,,,,,3,"home,pt interaction,work"
29010,8:03:30,pt_agent_03,walk,walk,305610.83965648856,2768318.099007634,0,in_leg,,,,,home,0,18481,0.22397981791638333,spatial,2,"home,work"
29010,8:03:30,pt_agent_04,walk,walk,301589.5637837838,2607966.158336798,0,in_leg,,,,,,,,,,2,"home,work"
29017,8:03:37,mixed_agent_02,subway,pt,304576.69788108906,2765168.0345678045,1,in_leg,,metro_Green,metro_Green_1_1_40320,subway,,,,,,3,"home,pt interaction,work"
29017,8:03:37,mixed_agent_02,subway,pt,304708.5289031646,2763718.6295544826,1,in_leg,,metro_Green,metro_Green_1_1_40320,subway,,,,,,3,"home,pt interaction,work"
29019,8:03:39,mixed_agent_02,subway,pt,304620.3247920894,2764593.8190024127,1,in_leg,,metro_Green,metro_Green_1_1_40320,subway,,,,,,3,"home,pt interaction,work"
29020,8:03:40,pt_agent_03,walk,walk,305605.9810687023,2768308.6041984735,0,in_leg,,,,,home,0,18481,0.23464552353160964,spatial,2,"home,work"
29020,8:03:40,pt_agent_04,walk,walk,301590.1110810811,2607976.828316008,0,in_leg,,,,,,,,,,2,"home,work"
29027,8:03:47,mixed_agent_02,subway,pt,304591.03847905016,2765090.6795186438,1,in_leg,,metro_Green,metro_Green_1_1_40320,subway,,,,,,3,"home,pt interaction,work"
29027,8:03:47,mixed_agent_02,subway,pt,304712.82858814596,2763697.4534042627,1,in_leg,,metro_Green,metro_Green_1_1_40320,subway,,,,,,3,"home,pt interaction,work"
29029,8:03:49,mixed_agent_02,subway,pt,304622.765318176,2764552.4139593933,1,in_leg,,metro_Green,metro_Green_1_1_40320,subway,,,,,,3,"home,pt interaction,work"
29030,8:03:50,pt_agent_03,walk,walk,305601.12248091603,2768299.109389313,0,in_leg,,,,,home,0,18481,0.24531122914683595,spatial,2,"home,work"
29030,8:03:50,pt_agent_04,walk,walk,301590.65837837843,2607987.498295218,0,in_leg,,,,,,,,,,2,"home,work"
29037,8:03:57,mixed_agent_02,subway,pt,304717.1282731273,2763676.2772540427,1,in_leg,,metro_Green,metro_Green_1_1_40320,subway,,,,,,3,"home,pt interaction,work"
29038,8:03:58,mixed_agent_02,subway,pt,304625.20584426256,2764511.0089163743,1,in_leg,,metro_Green,metro_Green_1_1_40320,subway,,,,,,3,"home,pt interaction,work"
29040,8:04:00,pt_agent_03,walk,walk,305596.26389312977,2768289.614580153,0,in_leg,,,,,home,0,18481,0.25597693476164773,spatial,2,"home,work"
29040,8:04:00,pt_agent_04,walk,walk,301591.2056756757,2607998.168274428,0,in_leg,,,,,,,,,,2,"home,work"
29047,8:04:07,mixed_agent_02,subway,pt,304721.42795810866,2763655.1011038222,1,in_leg,,metro_Green,metro_Green_1_1_40320,subway,pt interaction,2,pt_metro_G03_DN,0.49698983569539423,spatial,3,"home,pt interaction,work"
29048,8:04:08,mixed_agent_02,subway,pt,304627.64637034916,2764469.603873355,1,in_leg,,metro_Green,metro_Green_1_1_40320,subway,,,,,,3,"home,pt interaction,work"
29050,8:04:10,pt_agent_03,walk,walk,305591.4053053435,2768280.1197709925,0,in_leg,,,,,home,0,18481,0.2666426403768741,spatial,2,"home,work"
29050,8:04:10,pt_agent_04,walk,walk,301591.752972973,2608008.8382536382,0,in_leg,,,,,,,,,,2,"home,work"
29056,8:04:16,mixed_agent_02,subway,pt,304725.72764309,2763633.9249536023,1,in_leg,,metro_Green,metro_Green_1_1_40320,subway,pt interaction,2,pt_metro_G03_DN,0.4753815819696062,spatial,3,"home,pt interaction,work"
29058,8:04:18,mixed_agent_02,subway,pt,304630.08689643577,2764428.198830336,1,in_leg,,metro_Green,metro_Green_1_1_40320,subway,,,,,,3,"home,pt interaction,work"
29060,8:04:20,pt_agent_03,walk,walk,305586.54671755724,2768270.624961832,0,in_leg,,,,,home,0,18481,0.27730834599210036,spatial,2,"home,work"
29060,8:04:20,pt_agent_04,walk,walk,301592.3002702703,2608019.5082328483,0,in_leg,,,,,,,,,,2,"home,work"
29066,8:04:26,mixed_agent_02,subway,pt,304730.02732807136,2763612.7488033823,1,in_leg,,metro_Green,metro_Green_1_1_40320,subway,pt interaction,2,pt_metro_G03_DN,0.4537733282438182,spatial,3,"home,pt interaction,work"
29068,8:04:28,mixed_agent_02,subway,pt,304632.52742252237,2764386.7937873164,1,in_leg,,metro_Green,metro_Green_1_1_40320,subway,,,,,,3,"home,pt interaction,work"
29069,8:04:29,pt_agent_03,walk,walk,305581.688129771,2768261.130152672,0,in_leg,,,,,home,0,18481,0.28797405160691214,spatial,2,"home,work"
29070,8:04:30,pt_agent_04,walk,walk,301592.8475675676,2608030.1782120583,0,in_leg,,,,,,,,,,2,"home,work"
29076,8:04:36,mixed_agent_02,subway,pt,304734.3270130527,2763591.5726531623,1,in_leg,,metro_Green,metro_Green_1_1_40320,subway,pt interaction,2,pt_metro_G03_DN,0.4321650745180302,spatial,3,"home,pt interaction,work"
29078,8:04:38,mixed_agent_02,subway,pt,304634.967948609,2764345.388744297,1,in_leg,,metro_Green,metro_Green_1_1_40320,subway,,,,,,3,"home,pt interaction,work"
29079,8:04:39,pt_agent_03,walk,walk,305576.8295419847,2768251.6353435116,0,in_leg,,,,,home,0,18481,0.2986397572221384,spatial,2,"home,work"
29080,8:04:40,pt_agent_04,walk,walk,301593.3948648649,2608040.848191268,0,in_leg,,,,,,,,,,2,"home,work"
29086,8:04:46,mixed_agent_02,subway,pt,304738.626698034,2763570.396502942,1,in_leg,,metro_Green,metro_Green_1_1_40320,subway,pt interaction,2,pt_metro_G03_DN,0.4105568207917974,spatial,3,"home,pt interaction,work"
29088,8:04:48,mixed_agent_02,subway,pt,304637.4084746956,2764303.983701278,1,in_leg,,metro_Green,metro_Green_1_1_40320,subway,,,,,,3,"home,pt interaction,work"
29089,8:04:49,pt_agent_03,walk,walk,305571.97095419845,2768242.1405343516,0,in_leg,,,,,home,0,18481,0.30930546283695026,spatial,2,"home,work"
29090,8:04:50,pt_agent_04,walk,walk,301593.9421621622,2608051.518170478,0,in_leg,,,,,,,,,,2,"home,work"
29096,8:04:56,mixed_agent_02,subway,pt,304742.92638301535,2763549.220352722,1,in_leg,,metro_Green,metro_Green_1_1_40320,subway,pt interaction,2,pt_metro_G03_DN,0.38894856706600944,spatial,3,"home,pt interaction,work"
29098,8:04:58,mixed_agent_02,subway,pt,304639.8490007822,2764262.5786582585,1,in_leg,,metro_Green,metro_Green_1_1_40320,subway,,,,,,3,"home,pt interaction,work"
29099,8:04:59,pt_agent_03,walk,walk,305567.1123664122,2768232.645725191,0,in_leg,,,,,home,0,18481,0.3199711684521766,spatial,2,"home,work"
29100,8:05:00,pt_agent_04,walk,walk,301594.4894594595,2608062.188149688,0,in_leg,,,,,,,,,,2,"home,work"
29106,8:05:06,mixed_agent_02,subway,pt,304747.2260679967,2763528.044202502,1,in_leg,,metro_Green,metro_Green_1_1_40320,subway,pt interaction,2,pt_metro_G03_DN,0.36734031334022144,spatial,3,"home,pt interaction,work"
29108,8:05:08,mixed_agent_02,subway,pt,304642.2895268688,2764221.1736152396,1,in_leg,,metro_Green,metro_Green_1_1_40320,subway,,,,,,3,"home,pt interaction,work"
29109,8:05:09,pt_agent_03,walk,walk,305562.2537786259,2768223.1509160306,0,in_leg,,,,,home,0,18481,0.33063687406740283,spatial,2,"home,work"
29110,8:05:10,pt_agent_04,walk,walk,301595.0367567568,2608072.858128898,0,in_leg,,,,,,,,,,2,"home,work"
29116,8:05:16,mixed_agent_02,subway,pt,304751.52575297805,2763506.868052282,1,in_leg,,metro_Green,metro_Green_1_1_40320,subway,pt interaction,2,pt_metro_G03_DN,0.34573205961443343,spatial,3,"home,pt interaction,work"
29118,8:05:18,mixed_agent_02,subway,pt,304644.7300529554,2764179.76857222,1,in_leg,,metro_Green,metro_Green_1_1_40320,subway,,,,,,3,"home,pt interaction,work"
29119,8:05:19,pt_agent_03,walk,walk,305557.3951908397,2768213.6561068706,0,in_leg,,,,,home,0,18481,0.34130257968218813,spatial,2,"home,work"
29120,8:05:20,pt_agent_04,walk,walk,301595.5840540541,2608083.528108108,0,in_leg,,,,,,,,,,2,"home,work"
29125,8:05:25,mixed_agent_02,subway,pt,304755.8254379594,2763485.691902062,1,in_leg,,metro_Green,metro_Green_1_1_40320,subway,pt interaction,2,pt_metro_G03_DN,0.32412380588864537,spatial,3,"home,pt interaction,work"
29128,8:05:28,mixed_agent_02,subway,pt,304647.170579042,2764138.3635292007,1,in_leg,,metro_Green,metro_Green_1_1_40320,subway,,,,,,3,"home,pt interaction,work"
29129,8:05:29,pt_agent_03,walk,walk,305552.53660305345,2768204.16129771,0,in_leg,,,,,home,0,18481,0.3519682852974145,spatial,2,"home,work"
29130,8:05:30,pt_agent_04,walk,walk,301596.1313513514,2608094.198087318,0,in_leg,,,,,,,,,,2,"home,work"
29135,8:05:35,mixed_agent_02,subway,pt,304760.12512294075,2763464.5157518415,1,in_leg,,metro_Green,metro_Green_1_1_40320,subway,pt interaction,2,pt_metro_G03_DN,0.3025155521624011,spatial,3,"home,pt interaction,work"
29138,8:05:38,mixed_agent_02,subway,pt,304649.6111051286,2764096.9584861817,1,in_leg,,metro_Green,metro_Green_1_1_40320,subway,,,,,,3,"home,pt interaction,work"
29139,8:05:39,pt_agent_03,walk,walk,305547.6780152672,2768194.6664885497,0,in_leg,,,,,home,0,18481,0.3626339909126408,spatial,2,"home,work"
29140,8:05:40,pt_agent_04,walk,walk,301596.67864864867,2608104.868066528,0,in_leg,,,,,,,,,,2,"home,work"
29145,8:05:45,mixed_agent_02,subway,pt,304764.4248079221,2763443.3396016215,1,in_leg,,metro_Green,metro_Green_1_1_40320,subway,pt interaction,2,pt_metro_G03_DN,0.28090729843661305,spatial,3,"home,pt interaction,work"
29148,8:05:48,mixed_agent_02,subway,pt,304652.0516312152,2764055.5534431622,1,in_leg,,metro_Green,metro_Green_1_1_40320,subway,,,,,,3,"home,pt interaction,work"
29149,8:05:49,pt_agent_03,walk,walk,305542.8194274809,2768185.1716793897,0,in_leg,,,,,home,0,18481,0.37329969652745254,spatial,2,"home,work"
29150,8:05:50,pt_agent_04,walk,walk,301597.22594594595,2608115.538045738,0,in_leg,,,,,,,,,,2,"home,work"
29155,8:05:55,mixed_agent_02,subway,pt,304768.72449290345,2763422.1634514015,1,in_leg,,metro_Green,metro_Green_1_1_40320,subway,pt interaction,2,pt_metro_G03_DN,0.25929904471082504,spatial,3,"home,pt interaction,work"
29158,8:05:58,mixed_agent_02,subway,pt,304654.4921573018,2764014.1484001433,1,in_leg,,metro_Green,metro_Green_1_1_40320,subway,,,,,,3,"home,pt interaction,work"
29159,8:05:59,pt_agent_03,walk,walk,305537.96083969466,2768175.676870229,0,in_leg,,,,,home,0,18481,0.3839654021426789,spatial,2,"home,work"
29160,8:06:00,pt_agent_04,walk,walk,301597.7732432433,2608126.208024948,0,in_leg,,,,,,,,,,2,"home,work"
29165,8:06:05,mixed_agent_02,subway,pt,304773.0241778848,2763400.9873011815,1,in_leg,,metro_Green,metro_Green_1_1_40320,subway,pt interaction,2,pt_metro_G03_DN,0.23769079098503706,spatial,3,"home,pt interaction,work"
29168,8:06:08,mixed_agent_02,subway,pt,304656.9326833884,2763972.743357124,1,in_leg,,metro_Green,metro_Green_1_1_40320,subway,,,,,,3,"home,pt interaction,work"
29169,8:06:09,pt_agent_03,walk,walk,305533.1022519084,2768166.1820610687,0,in_leg,,,,,home,0,18481,0.39463110775790516,spatial,2,"home,work"
29170,8:06:10,pt_agent_04,walk,walk,301598.32054054056,2608136.878004158,0,in_leg,,,,,,,,,,2,"home,work"
29175,8:06:15,mixed_agent_02,subway,pt,304777.32386286615,2763379.811150961,1,in_leg,,metro_Green,metro_Green_1_1_40320,subway,pt interaction,2,pt_metro_G03_DN,0.2160825372587927,spatial,3,"home,pt interaction,work"
29179,8:06:19,pt_agent_03,walk,walk,305528.2436641221,2768156.6872519087,0,in_leg,,,,,home,0,18481,0.40529681337271695,spatial,2,"home,work"
29180,8:06:20,pt_agent_04,walk,walk,301598.86783783784,2608147.547983368,0,in_leg,,,,,,,,,,2,"home,work"
29184,8:06:24,mixed_agent_02,subway,pt,304781.6235478475,2763358.635000741,1,in_leg,,metro_Green,metro_Green_1_1_40320,subway,pt interaction,2,pt_metro_G03_DN,0.19447428353300472,spatial,3,"home,pt interaction,work"
29189,8:06:29,pt_agent_03,walk,walk,305523.38507633586,2768147.192442748,0,in_leg,,,,,home,0,18481,0.41596251898794334,spatial,2,"home,work"
29190,8:06:30,pt_agent_04,walk,walk,301599.4151351352,2608158.217962578,0,in_leg,,,,,,,,,,2,"home,work"
29194,8:06:34,mixed_agent_02,subway,pt,304785.92323282885,2763337.458850521,1,in_leg,,metro_Green,metro_Green_1_1_40320,subway,pt interaction,2,pt_metro_G03_DN,0.17286602980721671,spatial,3,"home,pt interaction,work"
29199,8:06:39,pt_agent_03,walk,walk,305518.5264885496,2768137.697633588,0,in_leg,,,,,home,0,18481,0.426628224602755,spatial,2,"home,work"
29200,8:06:40,pt_agent_04,walk,walk,301599.96243243245,2608168.887941788,0,in_leg,,,,,,,,,,2,"home,work"
29204,8:06:44,mixed_agent_02,subway,pt,304790.2229178102,2763316.282700301,1,in_leg,,metro_Green,metro_Green_1_1_40320,subway,pt interaction,2,pt_metro_G03_DN,0.1512577760814287,spatial,3,"home,pt interaction,work"
29209,8:06:49,pt_agent_03,walk,walk,305513.66790076334,2768128.2028244277,0,in_leg,,,,,home,0,18481,0.43729393021798135,spatial,2,"home,work"
29210,8:06:50,pt_agent_04,walk,walk,301600.50972972973,2608179.557920998,0,in_leg,,,,,,,,,,2,"home,work"
29214,8:06:54,mixed_agent_02,subway,pt,304794.52260279155,2763295.1065500807,1,in_leg,,metro_Green,metro_Green_1_1_40320,subway,pt interaction,2,pt_metro_G03_DN,0.12964952235518437,spatial,3,"home,pt interaction,work"
29219,8:06:59,pt_agent_03,walk,walk,305508.8093129771,2768118.7080152673,0,in_leg,,,,,home,0,18481,0.4479596358332077,spatial,2,"home,work"
29220,8:07:00,pt_agent_04,walk,walk,301601.05702702707,2608190.2279002075,0,in_leg,,,,,,,,,,2,"home,work"
29224,8:07:04,mixed_agent_02,subway,pt,304798.8222877729,2763273.9303998607,1,in_leg,,metro_Green,metro_Green_1_1_40320,subway,pt interaction,2,pt_metro_G03_DN,0.10804126862939635,spatial,3,"home,pt interaction,work"
29229,8:07:09,pt_agent_03,walk,walk,305503.9507251908,2768109.2132061073,0,in_leg,,,,,home,0,18481,0.4586253414480195,spatial,2,"home,work"
29230,8:07:10,pt_agent_04,walk,walk,301601.60432432435,2608200.8978794175,0,in_leg,,,,,,,,,,2,"home,work"
29234,8:07:14,mixed_agent_02,subway,pt,304803.12197275425,2763252.7542496407,1,in_leg,,metro_Green,metro_Green_1_1_40320,subway,pt interaction,2,pt_metro_G03_DN,0.08643301490360836,spatial,3,"home,pt interaction,work"
29239,8:07:19,pt_agent_03,walk,walk,305499.0921374046,2768099.718396947,0,in_leg,,,,,home,0,18481,0.4692910470632193,spatial,2,"home,work"
29240,8:07:20,pt_agent_04,walk,walk,301602.1516216216,2608211.5678586275,0,in_leg,,,,,,,,,,2,"home,work"
29243,8:07:23,mixed_agent_02,subway,pt,304807.4216577356,2763231.5780994208,1,in_leg,,metro_Green,metro_Green_1_1_40320,subway,pt interaction,2,pt_metro_G03_DN,0.06482476117782035,spatial,3,"home,pt interaction,work"
29249,8:07:29,pt_agent_03,walk,walk,305494.23354961834,2768090.2235877863,0,in_leg,,,,,home,0,18481,0.47995675267844556,spatial,2,"home,work"
29250,8:07:30,pt_agent_04,walk,walk,301602.69891891896,2608222.2378378375,0,in_leg,,,,,,,,,,2,"home,work"
29253,8:07:33,mixed_agent_02,subway,pt,304811.72134271695,2763210.4019492003,1,in_leg,,metro_Green,metro_Green_1_1_40320,subway,pt interaction,2,pt_metro_G03_DN,0.04321650745157601,spatial,3,"home,pt interaction,work"
29259,8:07:39,pt_agent_03,walk,walk,305489.3749618321,2768080.7287786263,0,in_leg,,,,,home,0,18481,0.49062245829325735,spatial,2,"home,work"
29260,8:07:40,pt_agent_04,walk,walk,301603.24621621624,2608232.9078170476,0,in_leg,,,,,,,,,,2,"home,work"
29263,8:07:43,mixed_agent_02,subway,pt,304816.0210276983,2763189.2257989803,1,in_leg,,metro_Green,metro_Green_1_1_40320,subway,pt interaction,2,pt_metro_G03_DN,0.021608253725788003,spatial,3,"home,pt interaction,work"
29269,8:07:49,pt_agent_03,walk,walk,305484.5163740458,2768071.233969466,0,in_leg,,,,,,,,,,2,"home,work"
29270,8:07:50,pt_agent_04,walk,walk,301603.7935135135,2608243.5777962576,0,in_leg,,,,,,,,,,2,"home,work"
29273,8:07:53,mixed_agent_02,subway,pt,304820.32071267965,2763168.0496487604,1,in_leg,,metro_Green,metro_Green_1_1_40320,subway,pt interaction,2,pt_metro_G03_DN,0.0,spatial,3,"home,pt interaction,work"
29273,8:07:53,mixed_agent_02,walk,walk,304820.32071267965,2763168.0496487604,2,in_leg,,,,,pt interaction,2,pt_metro_G03_DN,0.0,spatial,3,"home,pt interaction,work"
29279,8:07:59,pt_agent_03,walk,walk,305479.65778625954,2768061.7391603054,0,in_leg,,,,,,,,,,2,"home,work"
29280,8:08:00,pt_agent_04,walk,walk,301604.34081081086,2608254.2477754676,0,in_leg,,,,,,,,,,2,"home,work"
29281,8:08:01,mixed_agent_02,walk,walk,304826.1503563398,2763161.97982438,2,in_leg,,,,,work,3,pt_metro_G03_DN_pt_metro_G02_DN,0.008415908341169853,spatial,3,"home,pt interaction,work"
29289,8:08:09,mixed_agent_02,walk,walk,304831.98,2763155.91,2,in_leg,,,,,work,3,pt_metro_G03_DN_pt_metro_G02_DN,0.0,spatial,3,"home,pt interaction,work"
29289,8:08:09,pt_agent_03,walk,walk,305474.7991984733,2768052.2443511453,0,in_leg,,,,,,,,,,2,"home,work"
29290,8:08:10,pt_agent_04,walk,walk,301604.88810810813,2608264.9177546776,0,in_leg,,,,,,,,,,2,"home,work"
29299,8:08:19,pt_agent_03,walk,walk,305469.940610687,2768042.749541985,0,in_leg,,,,,,,,,,2,"home,work"
29300,8:08:20,pt_agent_04,walk,walk,301605.4354054054,2608275.5877338876,0,in_leg,,,,,,,,,,2,"home,work"
29309,8:08:29,pt_agent_03,walk,walk,305465.08202290075,2768033.2547328244,0,in_leg,,,,,,,,,,2,"home,work"
29310,8:08:30,pt_agent_04,walk,walk,301605.98270270275,2608286.2577130976,0,in_leg,,,,,,,,,,2,"home,work"
29319,8:08:39,pt_agent_03,walk,walk,305460.2234351145,2768023.7599236644,0,in_leg,,,,,,,,,,2,"home,work"
29320,8:08:40,pt_agent_04,walk,walk,301606.53,2608296.9276923076,0,in_leg,,,,,,,,,,2,"home,work"
29329,8:08:49,pt_agent_03,walk,walk,305455.3648473282,2768014.265114504,0,in_leg,,,,,,,,,,2,"home,work"
29330,8:08:50,pt_agent_04,walk,walk,301607.0772972973,2608307.5976715176,0,in_leg,,,,,,,,,,2,"home,work"
29339,8:08:59,pt_agent_03,walk,walk,305450.50625954196,2768004.770305344,0,in_leg,,,,,,,,,,2,"home,work"
29340,8:09:00,pt_agent_04,walk,walk,301607.62459459464,2608318.2676507276,0,in_leg,,,,,,,,,,2,"home,work"
29349,8:09:09,pt_agent_03,walk,walk,305445.6476717557,2767995.2754961834,0,in_leg,,,,,,,,,,2,"home,work"
29350,8:09:10,pt_agent_04,walk,walk,301608.1718918919,2608328.9376299377,0,in_leg,,,,,,,,,,2,"home,work"
29359,8:09:19,pt_agent_03,walk,walk,305440.78908396943,2767985.780687023,0,in_leg,,,,,,,,,,2,"home,work"
29360,8:09:20,pt_agent_04,walk,walk,301608.7191891892,2608339.607609147,0,in_leg,,,,,,,,,,2,"home,work"
29369,8:09:29,pt_agent_03,walk,walk,305435.9304961832,2767976.285877863,0,in_leg,,,,,,,,,,2,"home,work"
29370,8:09:30,pt_agent_04,walk,walk,301609.26648648654,2608350.277588357,0,in_leg,,,,,,,,,,2,"home,work"
29379,8:09:39,pt_agent_03,walk,walk,305431.07190839696,2767966.7910687025,0,in_leg,,,,,,,,,,2,"home,work"
29380,8:09:40,pt_agent_04,walk,walk,301609.8137837838,2608360.947567567,0,in_leg,,,,,,,,,,2,"home,work"
29389,8:09:49,pt_agent_03,walk,walk,305426.2133206107,2767957.296259542,0,in_leg,,,,,,,,,,2,"home,work"
29390,8:09:50,pt_agent_04,walk,walk,301610.3610810811,2608371.6175467772,0,in_leg,,,,,,,,,,2,"home,work"
29399,8:09:59,pt_agent_03,walk,walk,305421.35473282443,2767947.801450382,0,in_leg,,,,,,,,,,2,"home,work"
29400,8:10:00,pt_agent_04,walk,walk,301610.90837837843,2608382.2875259873,0,in_leg,,,,,,,,,,2,"home,work"
29409,8:10:09,pt_agent_03,walk,walk,305416.49614503817,2767938.3066412215,0,in_leg,,,,,,,,,,2,"home,work"
29410,8:10:10,pt_agent_04,walk,walk,301611.4556756757,2608392.9575051973,0,in_leg,,,,,,,,,,2,"home,work"
29419,8:10:19,pt_agent_03,walk,walk,305411.6375572519,2767928.811832061,0,in_leg,,,,,,,,,,2,"home,work"
29420,8:10:20,pt_agent_04,walk,walk,301612.002972973,2608403.6274844073,0,in_leg,,,,,,,,,,2,"home,work"
29429,8:10:29,pt_agent_03,walk,walk,305406.77896946564,2767919.317022901,0,in_leg,,,,,,,,,,2,"home,work"
29430,8:10:30,pt_agent_04,walk,walk,301612.5502702703,2608414.2974636173,0,in_leg,,,,,,,,,,2,"home,work"
29439,8:10:39,pt_agent_03,walk,walk,305401.9203816794,2767909.8222137406,0,in_leg,,,,,,,,,,2,"home,work"
29440,8:10:40,pt_agent_04,walk,walk,301613.0975675676,2608424.9674428273,0,in_leg,,,,,,,,,,2,"home,work"
29449,8:10:49,pt_agent_03,walk,walk,305397.0617938931,2767900.3274045805,0,in_leg,,,,,,,,,,2,"home,work"
29450,8:10:50,pt_agent_04,walk,walk,301613.6448648649,2608435.6374220373,0,in_leg,,,,,,,,,,2,"home,work"
29459,8:10:59,pt_agent_03,walk,walk,305392.20320610685,2767890.83259542,0,in_leg,,,,,,,,,,2,"home,work"
29460,8:11:00,pt_agent_04,walk,walk,301614.1921621622,2608446.3074012473,0,in_leg,,,,,,,,,,2,"home,work"
29469,8:11:09,pt_agent_03,walk,walk,305387.3446183206,2767881.3377862596,0,in_leg,,,,,,,,,,2,"home,work"
29470,8:11:10,pt_agent_04,walk,walk,301614.7394594595,2608456.9773804573,0,in_leg,,,,,,,,,,2,"home,work"
29479,8:11:19,pt_agent_03,walk,walk,305382.4860305343,2767871.8429770996,0,in_leg,,,,,,,,,,2,"home,work"
29480,8:11:20,pt_agent_04,walk,walk,301615.2867567568,2608467.6473596673,0,in_leg,,,,,,,,,,2,"home,work"
29489,8:11:29,pt_agent_03,walk,walk,305377.6274427481,2767862.348167939,0,in_leg,,,,,,,,,,2,"home,work"
29490,8:11:30,pt_agent_04,walk,walk,301615.8340540541,2608478.3173388774,0,in_leg,,,,,,,,,,2,"home,work"
29499,8:11:39,pt_agent_03,walk,walk,305372.76885496185,2767852.8533587786,0,in_leg,,,,,,,,,,2,"home,work"
29500,8:11:40,pt_agent_04,walk,walk,301616.3813513514,2608488.9873180874,0,in_leg,,,,,,,,,,2,"home,work"
29509,8:11:49,pt_agent_03,walk,walk,305367.9102671756,2767843.3585496186,0,in_leg,,,,,,,,,,2,"home,work"
29510,8:11:50,pt_agent_04,walk,walk,301616.92864864867,2608499.657297297,0,in_leg,,,,,,,,,,2,"home,work"
29519,8:11:59,pt_agent_03,walk,walk,305363.0516793893,2767833.863740458,0,in_leg,,,,,,,,,,2,"home,work"
29520,8:12:00,pt_agent_04,walk,walk,301617.47594594595,2608510.327276507,0,in_leg,,,,,,,,,,2,"home,work"
29529,8:12:09,pt_agent_03,walk,walk,305358.19309160305,2767824.3689312977,0,in_leg,,,,,,,,,,2,"home,work"
29530,8:12:10,pt_agent_04,walk,walk,301618.0232432433,2608520.997255717,0,in_leg,,,,,,,,,,2,"home,work"
29539,8:12:19,pt_agent_03,walk,walk,305353.3345038168,2767814.8741221377,0,in_leg,,,,,,,,,,2,"home,work"
29540,8:12:20,pt_agent_04,walk,walk,301618.57054054056,2608531.667234927,0,in_leg,,,,,,,,,,2,"home,work"
29549,8:12:29,pt_agent_03,walk,walk,305348.4759160305,2767805.379312977,0,in_leg,,,,,,,,,,2,"home,work"
29550,8:12:30,pt_agent_04,walk,walk,301619.11783783784,2608542.337214137,0,in_leg,,,,,,,,,,2,"home,work"
29559,8:12:39,pt_agent_03,walk,walk,305343.61732824426,2767795.884503817,0,in_leg,,,,,,,,,,2,"home,work"
29560,8:12:40,pt_agent_04,walk,walk,301619.6651351352,2608553.007193347,0,in_leg,,,,,,,,,,2,"home,work"
29569,8:12:49,pt_agent_03,walk,walk,305338.758740458,2767786.3896946567,0,in_leg,,,,,,,,,,2,"home,work"
29570,8:12:50,pt_agent_04,walk,walk,301620.21243243245,2608563.677172557,0,in_leg,,,,,,,,,,2,"home,work"
29579,8:12:59,pt_agent_03,walk,walk,305333.90015267173,2767776.8948854962,0,in_leg,,,,,,,,,,2,"home,work"
29580,8:13:00,pt_agent_04,walk,walk,301620.75972972973,2608574.347151767,0,in_leg,,,,,,,,,,2,"home,work"
29588,8:13:08,pt_agent_03,walk,walk,305329.04156488547,2767767.400076336,0,in_leg,,,,,,,,,,2,"home,work"
29590,8:13:10,pt_agent_04,walk,walk,301621.30702702707,2608585.017130977,0,in_leg,,,,,,,,,,2,"home,work"
29598,8:13:18,pt_agent_03,walk,walk,305324.1829770992,2767757.9052671758,0,in_leg,,,,,,,,,,2,"home,work"
29600,8:13:20,pt_agent_04,walk,walk,301621.85432432435,2608595.687110187,0,in_leg,,,,,,,,,,2,"home,work"
29608,8:13:28,pt_agent_03,walk,walk,305319.32438931294,2767748.4104580153,0,in_leg,,,,,,,,,,2,"home,work"
29610,8:13:30,pt_agent_04,walk,walk,301622.4016216216,2608606.357089397,0,in_leg,,,,,,,,,,2,"home,work"
29618,8:13:38,pt_agent_03,walk,walk,305314.46580152673,2767738.9156488553,0,in_leg,,,,,,,,,,2,"home,work"
29620,8:13:40,pt_agent_04,walk,walk,301622.94891891896,2608617.027068607,0,in_leg,,,,,,,,,,2,"home,work"
29628,8:13:48,pt_agent_03,walk,walk,305309.60721374047,2767729.420839695,0,in_leg,,,,,,,,,,2,"home,work"
29630,8:13:50,pt_agent_04,walk,walk,301623.49621621624,2608627.697047817,0,in_leg,,,,,,,,,,2,"home,work"
29638,8:13:58,pt_agent_03,walk,walk,305304.7486259542,2767719.9260305343,0,in_leg,,,,,,,,,,2,"home,work"
29640,8:14:00,pt_agent_04,walk,walk,301624.0435135135,2608638.367027027,0,in_leg,,,,,,,,,,2,"home,work"
29648,8:14:08,pt_agent_03,walk,walk,305299.89003816794,2767710.4312213743,0,in_leg,,,,,,,,,,2,"home,work"
29650,8:14:10,pt_agent_04,walk,walk,301624.59081081086,2608649.0370062366,0,in_leg,,,,,,,,,,2,"home,work"
29658,8:14:18,pt_agent_03,walk,walk,305295.0314503817,2767700.936412214,0,in_leg,,,,,,,,,,2,"home,work"
29660,8:14:20,pt_agent_04,walk,walk,301625.13810810813,2608659.7069854466,0,in_leg,,,,,,,,,,2,"home,work"
29668,8:14:28,pt_agent_03,walk,walk,305290.1728625954,2767691.441603054,0,in_leg,,,,,,,,,,2,"home,work"
29670,8:14:30,pt_agent_04,walk,walk,301625.6854054054,2608670.3769646566,0,in_leg,,,,,,,,,,2,"home,work"
29678,8:14:38,pt_agent_03,walk,walk,305285.31427480915,2767681.9467938934,0,in_leg,,,,,,,,,,2,"home,work"
29680,8:14:40,pt_agent_04,walk,walk,301626.23270270275,2608681.0469438666,0,in_leg,,,,,,,,,,2,"home,work"
29688,8:14:48,pt_agent_03,walk,walk,305280.4556870229,2767672.451984733,0,in_leg,,,,,,,,,,2,"home,work"
29690,8:14:50,pt_agent_04,walk,walk,301626.78,2608691.7169230767,0,in_leg,,,,,,,,,,2,"home,work"
29698,8:14:58,pt_agent_03,walk,walk,305275.5970992366,2767662.957175573,0,in_leg,,,,,,,,,,2,"home,work"
29700,8:15:00,pt_agent_04,walk,walk,301627.3272972973,2608702.3869022867,0,in_leg,,,,,,,,,,2,"home,work"
29708,8:15:08,pt_agent_03,walk,walk,305270.73851145036,2767653.4623664124,0,in_leg,,,,,,,,,,2,"home,work"
29710,8:15:10,pt_agent_04,walk,walk,301627.87459459464,2608713.0568814967,0,in_leg,,,,,,,,,,2,"home,work"
29718,8:15:18,pt_agent_03,walk,walk,305265.8799236641,2767643.967557252,0,in_leg,,,,,,,,,,2,"home,work"
29720,8:15:20,pt_agent_04,walk,walk,301628.4218918919,2608723.7268607067,0,in_leg,,,,,,,,,,2,"home,work"
29728,8:15:28,pt_agent_03,walk,walk,305261.0213358778,2767634.472748092,0,in_leg,,,,,,,,,,2,"home,work"
29730,8:15:30,pt_agent_04,walk,walk,301628.9691891892,2608734.3968399167,0,in_leg,,,,,,,,,,2,"home,work"
29738,8:15:38,pt_agent_03,walk,walk,305256.1627480916,2767624.9779389314,0,in_leg,,,,,,,,,,2,"home,work"
29740,8:15:40,pt_agent_04,walk,walk,301629.51648648654,2608745.0668191267,0,in_leg,,,,,,,,,,2,"home,work"
29748,8:15:48,pt_agent_03,walk,walk,305251.30416030536,2767615.483129771,0,in_leg,,,,,,,,,,2,"home,work"
29750,8:15:50,pt_agent_04,walk,walk,301630.0637837838,2608755.7367983367,0,in_leg,,,,,,,,,,2,"home,work"
29758,8:15:58,pt_agent_03,walk,walk,305246.4455725191,2767605.988320611,0,in_leg,,,,,,,,,,2,"home,work"
29760,8:16:00,pt_agent_04,walk,walk,301630.6110810811,2608766.4067775467,0,in_leg,,,,,,,,,,2,"home,work"
29768,8:16:08,pt_agent_03,walk,walk,305241.5869847328,2767596.4935114505,0,in_leg,,,,,,,,,,2,"home,work"
29770,8:16:10,pt_agent_04,walk,walk,301631.15837837843,2608777.0767567568,0,in_leg,,,,,,,,,,2,"home,work"
29778,8:16:18,pt_agent_03,walk,walk,305236.72839694656,2767586.9987022905,0,in_leg,,,,,,,,,,2,"home,work"
29780,8:16:20,pt_agent_04,walk,walk,301631.7056756757,2608787.7467359668,0,in_leg,,,,,,,,,,2,"home,work"
29788,8:16:28,pt_agent_03,walk,walk,305231.8698091603,2767577.50389313,0,in_leg,,,,,,,,,,2,"home,work"
29790,8:16:30,pt_agent_04,walk,walk,301632.252972973,2608798.4167151763,0,in_leg,,,,,,,,,,2,"home,work"
29798,8:16:38,pt_agent_03,walk,walk,305227.01122137404,2767568.0090839695,0,in_leg,,,,,,,,,,2,"home,work"
29800,8:16:40,pt_agent_04,walk,walk,301632.8002702703,2608809.0866943863,0,in_leg,,,,,,,,,,2,"home,work"
29808,8:16:48,pt_agent_03,walk,walk,305222.1526335878,2767558.5142748095,0,in_leg,,,,,,,,,,2,"home,work"
29810,8:16:50,pt_agent_04,walk,walk,301633.3475675676,2608819.7566735963,0,in_leg,,,,,,,,,,2,"home,work"
29818,8:16:58,pt_agent_03,walk,walk,305217.2940458015,2767549.019465649,0,in_leg,,,,,,,,,,2,"home,work"
29820,8:17:00,pt_agent_04,walk,walk,301633.8948648649,2608830.4266528063,0,in_leg,,,,,,,,,,2,"home,work"
29828,8:17:08,pt_agent_03,walk,walk,305212.43545801524,2767539.5246564886,0,in_leg,,,,,,,,,,2,"home,work"
29830,8:17:10,pt_agent_04,walk,walk,301634.4421621622,2608841.0966320164,0,in_leg,,,,,,,,,,2,"home,work"
29838,8:17:18,pt_agent_03,walk,walk,305207.576870229,2767530.0298473286,0,in_leg,,,,,,,,,,2,"home,work"
29840,8:17:20,pt_agent_04,walk,walk,301634.9894594595,2608851.7666112264,0,in_leg,,,,,,,,,,2,"home,work"
29848,8:17:28,pt_agent_03,walk,walk,305202.7182824427,2767520.535038168,0,in_leg,,,,,,,,,,2,"home,work"
29850,8:17:30,pt_agent_04,walk,walk,301635.5367567568,2608862.4365904364,0,in_leg,,,,,,,,,,2,"home,work"
29858,8:17:38,pt_agent_03,walk,walk,305197.85969465645,2767511.0402290076,0,in_leg,,,,,,,,,,2,"home,work"
29860,8:17:40,pt_agent_04,walk,walk,301636.0840540541,2608873.1065696464,0,in_leg,,,,,,,,,,2,"home,work"
29868,8:17:48,pt_agent_03,walk,walk,305193.00110687024,2767501.5454198476,0,in_leg,,,,,,,,,,2,"home,work"
29870,8:17:50,pt_agent_04,walk,walk,301636.6313513514,2608883.7765488564,0,in_leg,,,,,,,,,,2,"home,work"
29878,8:17:58,pt_agent_03,walk,walk,305188.142519084,2767492.050610687,0,in_leg,,,,,,,,,,2,"home,work"
29880,8:18:00,pt_agent_04,walk,walk,301637.17864864867,2608894.4465280664,0,in_leg,,,,,,,,,,2,"home,work"
29888,8:18:08,pt_agent_03,walk,walk,305183.2839312977,2767482.555801527,0,in_leg,,,,,,,,,,2,"home,work"
29890,8:18:10,pt_agent_04,walk,walk,301637.72594594595,2608905.1165072764,0,in_leg,,,,,,,,,,2,"home,work"
29898,8:18:18,pt_agent_03,walk,walk,305178.42534351145,2767473.0609923666,0,in_leg,,,,,,,,,,2,"home,work"
29900,8:18:20,pt_agent_04,walk,walk,301638.2732432433,2608915.7864864864,0,in_leg,,,,,,,,,,2,"home,work"
29908,8:18:28,pt_agent_03,walk,walk,305173.5667557252,2767463.566183206,0,in_leg,,,,,,,,,,2,"home,work"
29910,8:18:30,pt_agent_04,walk,walk,301638.82054054056,2608926.4564656965,0,in_leg,,,,,,,,,,2,"home,work"
29918,8:18:38,pt_agent_03,walk,walk,305168.7081679389,2767454.071374046,0,in_leg,,,,,,,,,,2,"home,work"
29920,8:18:40,pt_agent_04,walk,walk,301639.36783783784,2608937.1264449065,0,in_leg,,,,,,,,,,2,"home,work"
29928,8:18:48,pt_agent_03,walk,walk,305163.84958015266,2767444.5765648857,0,in_leg,,,,,,,,,,2,"home,work"
29930,8:18:50,pt_agent_04,walk,walk,301639.9151351352,2608947.7964241165,0,in_leg,,,,,,,,,,2,"home,work"
29938,8:18:58,pt_agent_03,walk,walk,305158.9909923664,2767435.081755725,0,in_leg,,,,,,,,,,2,"home,work"
29940,8:19:00,pt_agent_04,walk,walk,301640.46243243245,2608958.466403326,0,in_leg,,,,,,,,,,2,"home,work"
29948,8:19:08,pt_agent_03,walk,walk,305154.13240458013,2767425.586946565,0,in_leg,,,,,,,,,,2,"home,work"
29950,8:19:10,pt_agent_04,walk,walk,301641.00972972973,2608969.136382536,0,in_leg,,,,,,,,,,2,"home,work"
29958,8:19:18,pt_agent_03,walk,walk,305149.27381679387,2767416.0921374047,0,in_leg,,,,,,,,,,2,"home,work"
29960,8:19:20,pt_agent_04,walk,walk,301641.55702702707,2608979.806361746,0,in_leg,,,,,,,,,,2,"home,work"
29968,8:19:28,pt_agent_03,walk,walk,305144.4152290076,2767406.5973282442,0,in_leg,,,,,,,,,,2,"home,work"
29970,8:19:30,pt_agent_04,walk,walk,301642.10432432435,2608990.476340956,0,in_leg,,,,,,,,,,2,"home,work"
29978,8:19:38,pt_agent_03,walk,walk,305139.55664122134,2767397.1025190842,0,in_leg,,,,,,,,,,2,"home,work"
29980,8:19:40,pt_agent_04,walk,walk,301642.6516216216,2609001.146320166,0,in_leg,,,,,,,,,,2,"home,work"
29988,8:19:48,pt_agent_03,walk,walk,305134.69805343513,2767387.6077099238,0,in_leg,,,,,,,,,,2,"home,work"
29990,8:19:50,pt_agent_04,walk,walk,301643.19891891896,2609011.816299376,0,in_leg,,,,,,,,,,2,"home,work"
29998,8:19:58,pt_agent_03,walk,walk,305129.83946564887,2767378.1129007638,0,in_leg,,,,,,,,,,2,"home,work"
30000,8:20:00,pt_agent_04,walk,walk,301643.74621621624,2609022.486278586,0,in_leg,,,,,,,,,,2,"home,work"
30008,8:20:08,pt_agent_03,walk,walk,305124.9808778626,2767368.6180916033,0,in_leg,,,,,,,,,,2,"home,work"
30010,8:20:10,pt_agent_04,walk,walk,301644.2935135135,2609033.156257796,0,in_leg,,,,,,,,,,2,"home,work"
30018,8:20:18,pt_agent_03,walk,walk,305120.12229007634,2767359.123282443,0,in_leg,,,,,,,,,,2,"home,work"
30020,8:20:20,pt_agent_04,walk,walk,301644.84081081086,2609043.826237006,0,in_leg,,,,,,,,,,2,"home,work"
30028,8:20:28,pt_agent_03,walk,walk,305115.2637022901,2767349.628473283,0,in_leg,,,,,,,,,,2,"home,work"
30030,8:20:30,pt_agent_04,walk,walk,301645.38810810813,2609054.496216216,0,in_leg,,,,,,,,,,2,"home,work"
30038,8:20:38,pt_agent_03,walk,walk,305110.4051145038,2767340.1336641223,0,in_leg,,,,,,,,,,2,"home,work"
30040,8:20:40,pt_agent_04,walk,walk,301645.9354054054,2609065.166195426,0,in_leg,,,,,,,,,,2,"home,work"
30048,8:20:48,pt_agent_03,walk,walk,305105.54652671755,2767330.638854962,0,in_leg,,,,,,,,,,2,"home,work"
30050,8:20:50,pt_agent_04,walk,walk,301646.48270270275,2609075.836174636,0,in_leg,,,,,,,,,,2,"home,work"
30058,8:20:58,pt_agent_03,walk,walk,305100.6879389313,2767321.144045802,0,in_leg,,,,,,,,,,2,"home,work"
30060,8:21:00,pt_agent_04,walk,walk,301647.03,2609086.506153846,0,in_leg,,,,,,,,,,2,"home,work"
30068,8:21:08,pt_agent_03,walk,walk,305095.829351145,2767311.6492366414,0,in_leg,,,,,,,,,,2,"home,work"
30070,8:21:10,pt_agent_04,walk,walk,301647.5772972973,2609097.176133056,0,in_leg,,,,,,,,,,2,"home,work"
30078,8:21:18,pt_agent_03,walk,walk,305090.97076335875,2767302.154427481,0,in_leg,,,,,,,,,,2,"home,work"
30080,8:21:20,pt_agent_04,walk,walk,301648.12459459464,2609107.8461122657,0,in_leg,,,,,,,,,,2,"home,work"
30088,8:21:28,pt_agent_03,walk,walk,305086.1121755725,2767292.659618321,0,in_leg,,,,,,,,,,2,"home,work"
30090,8:21:30,pt_agent_04,walk,walk,301648.6718918919,2609118.5160914757,0,in_leg,,,,,,,,,,2,"home,work"
30098,8:21:38,pt_agent_03,walk,walk,305081.2535877862,2767283.1648091604,0,in_leg,,,,,,,,,,2,"home,work"
30100,8:21:40,pt_agent_04,walk,walk,301649.2191891892,2609129.1860706857,0,in_leg,,,,,,,,,,2,"home,work"
30108,8:21:48,pt_agent_03,walk,walk,305076.395,2767273.67,0,in_leg,,,,,,,,,,2,"home,work"
30110,8:21:50,pt_agent_04,walk,walk,301649.76648648654,2609139.8560498958,0,in_leg,,,,,,,,,,2,"home,work"
30117,8:21:57,pt_agent_03,walk,walk,305071.53641221375,2767264.17519084,0,in_leg,,,,,,,,,,2,"home,work"
30120,8:22:00,pt_agent_04,walk,walk,301650.3137837838,2609150.5260291058,0,in_leg,,,,,,,,,,2,"home,work"
30127,8:22:07,pt_agent_03,walk,walk,305066.6778244275,2767254.6803816794,0,in_leg,,,,,,,,,,2,"home,work"
30130,8:22:10,pt_agent_04,walk,walk,301650.8610810811,2609161.196008316,0,in_leg,,,,,,,,,,2,"home,work"
30137,8:22:17,pt_agent_03,walk,walk,305061.8192366412,2767245.1855725194,0,in_leg,,,,,,,,,,2,"home,work"
30140,8:22:20,pt_agent_04,walk,walk,301651.40837837843,2609171.865987526,0,in_leg,,,,,,,,,,2,"home,work"
30147,8:22:27,pt_agent_03,walk,walk,305056.96064885496,2767235.690763359,0,in_leg,,,,,,,,,,2,"home,work"
30150,8:22:30,pt_agent_04,walk,walk,301651.9556756757,2609182.535966736,0,in_leg,,,,,,,,,,2,"home,work"
30157,8:22:37,pt_agent_03,walk,walk,305052.1020610687,2767226.1959541985,0,in_leg,,,,,,,,,,2,"home,work"
30160,8:22:40,pt_agent_04,walk,walk,301652.502972973,2609193.205945946,0,in_leg,,,,,,,,,,2,"home,work"
30167,8:22:47,pt_agent_03,walk,walk,305047.24347328243,2767216.7011450385,0,in_leg,,,,,,,,,,2,"home,work"
30170,8:22:50,pt_agent_04,walk,walk,301653.0502702703,2609203.875925156,0,in_leg,,,,,,,,,,2,"home,work"
30177,8:22:57,pt_agent_03,walk,walk,305042.38488549617,2767207.206335878,0,in_leg,,,,,,,,,,2,"home,work"
30180,8:23:00,pt_agent_04,walk,walk,301653.5975675676,2609214.545904366,0,in_leg,,,,,,,,,,2,"home,work"
30187,8:23:07,pt_agent_03,walk,walk,305037.5262977099,2767197.7115267175,0,in_leg,,,,,,,,,,2,"home,work"
30190,8:23:10,pt_agent_04,walk,walk,301654.1448648649,2609225.215883576,0,in_leg,,,,,,,,,,2,"home,work"
30197,8:23:17,pt_agent_03,walk,walk,305032.66770992364,2767188.2167175575,0,in_leg,,,,,,,,,,2,"home,work"
30200,8:23:20,pt_agent_04,walk,walk,301654.6921621622,2609235.885862786,0,in_leg,,,,,,,,,,2,"home,work"
30207,8:23:27,pt_agent_03,walk,walk,305027.8091221374,2767178.721908397,0,in_leg,,,,,,,,,,2,"home,work"
30210,8:23:30,pt_agent_04,walk,walk,301655.2394594595,2609246.555841996,0,in_leg,,,,,,,,,,2,"home,work"
30217,8:23:37,pt_agent_03,walk,walk,305022.9505343511,2767169.2270992366,0,in_leg,,,,,,,,,,2,"home,work"
30220,8:23:40,pt_agent_04,walk,walk,301655.7867567568,2609257.2258212054,0,in_leg,,,,,,,,,,2,"home,work"
30227,8:23:47,pt_agent_03,walk,walk,305018.09194656485,2767159.7322900766,0,in_leg,,,,,,,,,,2,"home,work"
30230,8:23:50,pt_agent_04,walk,walk,301656.3340540541,2609267.8958004154,0,in_leg,,,,,,,,,,2,"home,work"
30237,8:23:57,pt_agent_03,walk,walk,305013.23335877864,2767150.237480916,0,in_leg,,,,,,,,,,2,"home,work"
30240,8:24:00,pt_agent_04,walk,walk,301656.8813513514,2609278.5657796254,0,in_leg,,,,,,,,,,2,"home,work"
30247,8:24:07,pt_agent_03,walk,walk,305008.3747709924,2767140.742671756,0,in_leg,,,,,,,,,,2,"home,work"
30250,8:24:10,pt_agent_04,walk,walk,301657.42864864867,2609289.2357588354,0,in_leg,,,,,,,,,,2,"home,work"
30257,8:24:17,pt_agent_03,walk,walk,305003.5161832061,2767131.2478625956,0,in_leg,,,,,,,,,,2,"home,work"
30260,8:24:20,pt_agent_04,walk,walk,301657.97594594595,2609299.9057380455,0,in_leg,,,,,,,,,,2,"home,work"
30267,8:24:27,pt_agent_03,walk,walk,304998.65759541985,2767121.753053435,0,in_leg,,,,,,,,,,2,"home,work"
30270,8:24:30,pt_agent_04,walk,walk,301658.5232432433,2609310.5757172555,0,in_leg,,,,,,,,,,2,"home,work"
30277,8:24:37,pt_agent_03,walk,walk,304993.7990076336,2767112.258244275,0,in_leg,,,,,,,,,,2,"home,work"
30280,8:24:40,pt_agent_04,walk,walk,301659.07054054056,2609321.2456964655,0,in_leg,,,,,,,,,,2,"home,work"
30287,8:24:47,pt_agent_03,walk,walk,304988.9404198473,2767102.7634351146,0,in_leg,,,,,,,,,,2,"home,work"
30290,8:24:50,pt_agent_04,walk,walk,301659.61783783784,2609331.9156756755,0,in_leg,,,,,,,,,,2,"home,work"
30297,8:24:57,pt_agent_03,walk,walk,304984.08183206106,2767093.268625954,0,in_leg,,,,,,,,,,2,"home,work"
30300,8:25:00,pt_agent_04,walk,walk,301660.1651351352,2609342.5856548855,0,in_leg,,,,,,,,,,2,"home,work"
30307,8:25:07,pt_agent_03,walk,walk,304979.2232442748,2767083.773816794,0,in_leg,,,,,,,,,,2,"home,work"
30310,8:25:10,pt_agent_04,walk,walk,301660.71243243245,2609353.2556340955,0,in_leg,,,,,,,,,,2,"home,work"
30317,8:25:17,pt_agent_03,walk,walk,304974.3646564885,2767074.2790076337,0,in_leg,,,,,,,,,,2,"home,work"
30320,8:25:20,pt_agent_04,walk,walk,301661.25972972973,2609363.9256133055,0,in_leg,,,,,,,,,,2,"home,work"
30327,8:25:27,pt_agent_03,walk,walk,304969.50606870226,2767064.784198473,0,in_leg,,,,,,,,,,2,"home,work"
30330,8:25:30,pt_agent_04,walk,walk,301661.80702702707,2609374.5955925155,0,in_leg,,,,,,,,,,2,"home,work"
30337,8:25:37,pt_agent_03,walk,walk,304964.647480916,2767055.289389313,0,in_leg,,,,,,,,,,2,"home,work"
30340,8:25:40,pt_agent_04,walk,walk,301662.35432432435,2609385.2655717256,0,in_leg,,,,,,,,,,2,"home,work"
30347,8:25:47,pt_agent_03,walk,walk,304959.78889312973,2767045.7945801527,0,in_leg,,,,,,,,,,2,"home,work"
30350,8:25:50,pt_agent_04,walk,walk,301662.9016216216,2609395.9355509356,0,in_leg,,,,,,,,,,2,"home,work"
30357,8:25:57,pt_agent_03,walk,walk,304954.9303053435,2767036.2997709927,0,in_leg,,,,,,,,,,2,"home,work"
30360,8:26:00,pt_agent_04,walk,walk,301663.44891891896,2609406.6055301456,0,in_leg,,,,,,,,,,2,"home,work"
30367,8:26:07,pt_agent_03,walk,walk,304950.07171755726,2767026.8049618322,0,in_leg,,,,,,,,,,2,"home,work"
30370,8:26:10,pt_agent_04,walk,walk,301663.99621621624,2609417.275509355,0,in_leg,,,,,,,,,,2,"home,work"
30377,8:26:17,pt_agent_03,walk,walk,304945.213129771,2767017.3101526718,0,in_leg,,,,,,,,,,2,"home,work"
30380,8:26:20,pt_agent_04,walk,walk,301664.5435135135,2609427.945488565,0,in_leg,,,,,,,,,,2,"home,work"
30387,8:26:27,pt_agent_03,walk,walk,304940.35454198474,2767007.8153435118,0,in_leg,,,,,,,,,,2,"home,work"
30390,8:26:30,pt_agent_04,walk,walk,301665.09081081086,2609438.615467775,0,in_leg,,,,,,,,,,2,"home,work"
30397,8:26:37,pt_agent_03,walk,walk,304935.4959541985,2766998.3205343513,0,in_leg,,,,,,,,,,2,"home,work"
30400,8:26:40,pt_agent_04,walk,walk,301665.63810810813,2609449.285446985,0,in_leg,,,,,,,,,,2,"home,work"
30407,8:26:47,pt_agent_03,walk,walk,304930.6373664122,2766988.825725191,0,in_leg,,,,,,,,,,2,"home,work"
30410,8:26:50,pt_agent_04,walk,walk,301666.1854054054,2609459.955426195,0,in_leg,,,,,,,,,,2,"home,work"
30417,8:26:57,pt_agent_03,walk,walk,304925.77877862594,2766979.330916031,0,in_leg,,,,,,,,,,2,"home,work"
30420,8:27:00,pt_agent_04,walk,walk,301666.73270270275,2609470.625405405,0,in_leg,,,,,,,,,,2,"home,work"
30427,8:27:07,pt_agent_03,walk,walk,304920.9201908397,2766969.8361068703,0,in_leg,,,,,,,,,,2,"home,work"
30430,8:27:10,pt_agent_04,walk,walk,301667.28,2609481.295384615,0,in_leg,,,,,,,,,,2,"home,work"
30437,8:27:17,pt_agent_03,walk,walk,304916.0616030534,2766960.34129771,0,in_leg,,,,,,,,,,2,"home,work"
30440,8:27:20,pt_agent_04,walk,walk,301667.8272972973,2609491.965363825,0,in_leg,,,,,,,,,,2,"home,work"
30447,8:27:27,pt_agent_03,walk,walk,304911.20301526715,2766950.84648855,0,in_leg,,,,,,,,,,2,"home,work"
30450,8:27:30,pt_agent_04,walk,walk,301668.37459459464,2609502.635343035,0,in_leg,,,,,,,,,,2,"home,work"
30457,8:27:37,pt_agent_03,walk,walk,304906.3444274809,2766941.3516793894,0,in_leg,,,,,,,,,,2,"home,work"
30460,8:27:40,pt_agent_04,walk,walk,301668.9218918919,2609513.305322245,0,in_leg,,,,,,,,,,2,"home,work"
30467,8:27:47,pt_agent_03,walk,walk,304901.4858396946,2766931.8568702294,0,in_leg,,,,,,,,,,2,"home,work"
30470,8:27:50,pt_agent_04,walk,walk,301669.4691891892,2609523.9753014552,0,in_leg,,,,,,,,,,2,"home,work"
30477,8:27:57,pt_agent_03,walk,walk,304896.62725190836,2766922.362061069,0,in_leg,,,,,,,,,,2,"home,work"
30480,8:28:00,pt_agent_04,walk,walk,301670.01648648654,2609534.6452806653,0,in_leg,,,,,,,,,,2,"home,work"
30487,8:28:07,pt_agent_03,walk,walk,304891.76866412215,2766912.8672519084,0,in_leg,,,,,,,,,,2,"home,work"
30490,8:28:10,pt_agent_04,walk,walk,301670.5637837838,2609545.3152598753,0,in_leg,,,,,,,,,,2,"home,work"
30497,8:28:17,pt_agent_03,walk,walk,304886.9100763359,2766903.3724427484,0,in_leg,,,,,,,,,,2,"home,work"
30500,8:28:20,pt_agent_04,walk,walk,301671.1110810811,2609555.9852390853,0,in_leg,,,,,,,,,,2,"home,work"
30507,8:28:27,pt_agent_03,walk,walk,304882.0514885496,2766893.877633588,0,in_leg,,,,,,,,,,2,"home,work"
30510,8:28:30,pt_agent_04,walk,walk,301671.65837837843,2609566.655218295,0,in_leg,,,,,,,,,,2,"home,work"
30517,8:28:37,pt_agent_03,walk,walk,304877.19290076336,2766884.3828244274,0,in_leg,,,,,,,,,,2,"home,work"
30520,8:28:40,pt_agent_04,walk,walk,301672.2056756757,2609577.325197505,0,in_leg,,,,,,,,,,2,"home,work"
30527,8:28:47,pt_agent_03,walk,walk,304872.3343129771,2766874.8880152674,0,in_leg,,,,,,,,,,2,"home,work"
30530,8:28:50,pt_agent_04,walk,walk,301672.752972973,2609587.995176715,0,in_leg,,,,,,,,,,2,"home,work"
30537,8:28:57,pt_agent_03,walk,walk,304867.47572519083,2766865.393206107,0,in_leg,,,,,,,,,,2,"home,work"
30540,8:29:00,pt_agent_04,walk,walk,301673.3002702703,2609598.665155925,0,in_leg,,,,,,,,,,2,"home,work"
30547,8:29:07,pt_agent_03,walk,walk,304862.61713740457,2766855.8983969465,0,in_leg,,,,,,,,,,2,"home,work"
30550,8:29:10,pt_agent_04,walk,walk,301673.8475675676,2609609.335135135,0,in_leg,,,,,,,,,,2,"home,work"
30557,8:29:17,pt_agent_03,walk,walk,304857.7585496183,2766846.4035877865,0,in_leg,,,,,,,,,,2,"home,work"
30560,8:29:20,pt_agent_04,walk,walk,301674.3948648649,2609620.005114345,0,in_leg,,,,,,,,,,2,"home,work"
30567,8:29:27,pt_agent_03,walk,walk,304852.89996183204,2766836.908778626,0,in_leg,,,,,,,,,,2,"home,work"
30570,8:29:30,pt_agent_04,walk,walk,301674.9421621622,2609630.675093555,0,in_leg,,,,,,,,,,2,"home,work"
30577,8:29:37,pt_agent_03,walk,walk,304848.0413740458,2766827.413969466,0,in_leg,,,,,,,,,,2,"home,work"
30580,8:29:40,pt_agent_04,walk,walk,301675.4894594595,2609641.345072765,0,in_leg,,,,,,,,,,2,"home,work"
30587,8:29:47,pt_agent_03,walk,walk,304843.1827862595,2766817.9191603055,0,in_leg,,,,,,,,,,2,"home,work"
30590,8:29:50,pt_agent_04,walk,walk,301676.0367567568,2609652.015051975,0,in_leg,,,,,,,,,,2,"home,work"
30597,8:29:57,pt_agent_03,walk,walk,304838.32419847324,2766808.424351145,0,in_leg,,,,,,,,,,2,"home,work"
30600,8:30:00,car_agent_01,walk,walk,290263.62,2782083.89,0,in_leg,,,,,home,0,pt_metro_R28_DN,0.0,spatial,2,"home,work"
30600,8:30:00,pt_agent_04,walk,walk,301676.5840540541,2609662.685031185,0,in_leg,,,,,,,,,,2,"home,work"
30607,8:30:07,pt_agent_03,walk,walk,304833.46561068704,2766798.929541985,0,in_leg,,,,,,,,,,2,"home,work"
30610,8:30:10,car_agent_01,walk,walk,290265.0652173913,2782073.311304348,0,in_leg,,,,,home,0,pt_metro_R28_DN,0.010676959071165953,spatial,2,"home,work"
30610,8:30:10,pt_agent_04,walk,walk,301677.1313513514,2609673.355010395,0,in_leg,,,,,,,,,,2,"home,work"
30617,8:30:17,pt_agent_03,walk,walk,304828.6070229008,2766789.4347328246,0,in_leg,,,,,,,,,,2,"home,work"
30620,8:30:20,car_agent_01,walk,walk,290266.5104347826,2782062.732608696,0,in_leg,,,,,home,0,pt_metro_R28_DN,0.021353918142331906,spatial,2,"home,work"
30620,8:30:20,pt_agent_04,walk,walk,301677.67864864867,2609684.024989605,0,in_leg,,,,,,,,,,2,"home,work"
30627,8:30:27,pt_agent_03,walk,walk,304823.7484351145,2766779.939923664,0,in_leg,,,,,,,,,,2,"home,work"
30630,8:30:30,car_agent_01,walk,walk,290267.9556521739,2782052.1539130434,0,in_leg,,,,,home,0,pt_metro_R28_DN,0.03203087721395924,spatial,2,"home,work"
30630,8:30:30,pt_agent_04,walk,walk,301678.22594594595,2609694.694968815,0,in_leg,,,,,,,,,,2,"home,work"
30636,8:30:36,pt_agent_03,walk,walk,304818.88984732825,2766770.445114504,0,in_leg,,,,,,,,,,2,"home,work"
30640,8:30:40,car_agent_01,walk,walk,290269.4008695652,2782041.5752173914,0,in_leg,,,,,home,0,pt_metro_R28_DN,0.042707836285125186,spatial,2,"home,work"
30640,8:30:40,pt_agent_04,walk,walk,301678.7732432433,2609705.364948025,0,in_leg,,,,,,,,,,2,"home,work"
30646,8:30:46,pt_agent_03,walk,walk,304814.031259542,2766760.9503053436,0,in_leg,,,,,,,,,,2,"home,work"
30650,8:30:50,car_agent_01,walk,walk,290270.8460869565,2782030.9965217393,0,in_leg,,,,,home,0,pt_metro_R28_DN,0.05338479535629114,spatial,2,"home,work"
30650,8:30:50,pt_agent_04,walk,walk,301679.32054054056,2609716.034927235,0,in_leg,,,,,,,,,,2,"home,work"
30656,8:30:56,pt_agent_03,walk,walk,304809.1726717557,2766751.455496183,0,in_leg,,,,,,,,,,2,"home,work"
30660,8:31:00,car_agent_01,walk,walk,290272.2913043478,2782020.417826087,0,in_leg,,,,,home,0,pt_metro_R28_DN,0.06406175442745711,spatial,2,"home,work"
30660,8:31:00,pt_agent_04,walk,walk,301679.86783783784,2609726.7049064445,0,in_leg,,,,,,,,,,2,"home,work"
30666,8:31:06,pt_agent_03,walk,walk,304804.31408396945,2766741.960687023,0,in_leg,,,,,,,,,,2,"home,work"
30670,8:31:10,car_agent_01,walk,walk,290273.7365217391,2782009.839130435,0,in_leg,,,,,home,0,pt_metro_R28_DN,0.07473871349862306,spatial,2,"home,work"
30670,8:31:10,pt_agent_04,walk,walk,301680.4151351352,2609737.3748856545,0,in_leg,,,,,,,,,,2,"home,work"
30676,8:31:16,pt_agent_03,walk,walk,304799.4554961832,2766732.4658778626,0,in_leg,,,,,,,,,,2,"home,work"
30680,8:31:20,car_agent_01,walk,walk,290275.1817391304,2781999.2604347826,0,in_leg,,,,,home,0,pt_metro_R28_DN,0.08541567257025037,spatial,2,"home,work"
30680,8:31:20,pt_agent_04,walk,walk,301680.96243243245,2609748.0448648646,0,in_leg,,,,,,,,,,2,"home,work"
30686,8:31:26,pt_agent_03,walk,walk,304794.5969083969,2766722.9710687026,0,in_leg,,,,,,,,,,2,"home,work"
30690,8:31:30,car_agent_01,walk,walk,290276.6269565217,2781988.6817391305,0,in_leg,,,,,home,0,pt_metro_R28_DN,0.09609263164141633,spatial,2,"home,work"
30690,8:31:30,pt_agent_04,walk,walk,301681.50972972973,2609758.7148440746,0,in_leg,,,,,,,,,,2,"home,work"
30696,8:31:36,pt_agent_03,walk,walk,304789.73832061066,2766713.476259542,0,in_leg,,,,,,,,,,2,"home,work"
30700,8:31:40,car_agent_01,walk,walk,290278.072173913,2781978.1030434784,0,in_leg,,,,,home,0,pt_metro_R28_DN,0.10676959071258228,spatial,2,"home,work"
30700,8:31:40,pt_agent_04,walk,walk,301682.05702702707,2609769.3848232846,0,in_leg,,,,,,,,,,2,"home,work"
30706,8:31:46,pt_agent_03,walk,walk,304784.8797328244,2766703.9814503817,0,in_leg,,,,,,,,,,2,"home,work"
30710,8:31:50,car_agent_01,walk,walk,290279.51739130437,2781967.5243478264,0,in_leg,,,,,home,0,pt_metro_R28_DN,0.11744654978375611,spatial,2,"home,work"
30710,8:31:50,pt_agent_04,walk,walk,301682.60432432435,2609780.0548024946,0,in_leg,,,,,,,,,,2,"home,work"
30716,8:31:56,pt_agent_03,walk,walk,304780.02114503813,2766694.4866412217,0,in_leg,,,,,,,,,,2,"home,work"
30720,8:32:00,car_agent_01,walk,walk,290280.96260869567,2781956.945652174,0,in_leg,,,,,home,0,pt_metro_R28_DN,0.12812350885538346,spatial,2,"home,work"
30720,8:32:00,pt_agent_04,walk,walk,301683.1516216216,2609790.7247817046,0,in_leg,,,,,,,,,,2,"home,work"
30726,8:32:06,pt_agent_03,walk,walk,304775.16255725187,2766684.991832061,0,in_leg,,,,,,,,,,2,"home,work"
30730,8:32:10,car_agent_01,walk,walk,290282.407826087,2781946.3669565218,0,in_leg,,,,,home,0,pt_metro_R28_DN,0.1388004679265494,spatial,2,"home,work"
30730,8:32:10,pt_agent_04,walk,walk,301683.69891891896,2609801.3947609146,0,in_leg,,,,,,,,,,2,"home,work"
30736,8:32:16,pt_agent_03,walk,walk,304770.30396946566,2766675.4970229007,0,in_leg,,,,,,,,,,2,"home,work"
30740,8:32:20,car_agent_01,walk,walk,290283.8530434783,2781935.7882608697,0,in_leg,,,,,home,0,pt_metro_R28_DN,0.14947742699771535,spatial,2,"home,work"
30740,8:32:20,pt_agent_04,walk,walk,301684.24621621624,2609812.0647401246,0,in_leg,,,,,,,,,,2,"home,work"
30746,8:32:26,pt_agent_03,walk,walk,304765.4453816794,2766666.0022137407,0,in_leg,,,,,,,,,,2,"home,work"
30750,8:32:30,car_agent_01,walk,walk,290285.2982608696,2781925.2095652176,0,in_leg,,,,,home,0,pt_metro_R28_DN,0.1601543860688813,spatial,2,"home,work"
30750,8:32:30,pt_agent_04,walk,walk,301684.7935135135,2609822.7347193346,0,in_leg,,,,,,,,,,2,"home,work"
30756,8:32:36,pt_agent_03,walk,walk,304760.58679389313,2766656.5074045802,0,in_leg,,,,,,,,,,2,"home,work"
30760,8:32:40,car_agent_01,walk,walk,290286.7434782609,2781914.6308695655,0,in_leg,,,,,home,0,pt_metro_R28_DN,0.17083134514004727,spatial,2,"home,work"
30760,8:32:40,pt_agent_04,walk,walk,301685.34081081086,2609833.4046985446,0,in_leg,,,,,,,,,,2,"home,work"
30766,8:32:46,pt_agent_03,walk,walk,304755.72820610687,2766647.01259542,0,in_leg,,,,,,,,,,2,"home,work"
30770,8:32:50,car_agent_01,walk,walk,290288.1886956522,2781904.052173913,0,in_leg,,,,,home,0,pt_metro_R28_DN,0.18150830421167458,spatial,2,"home,work"
30770,8:32:50,pt_agent_04,walk,walk,301685.88810810813,2609844.0746777547,0,in_leg,,,,,,,,,,2,"home,work"
30776,8:32:56,pt_agent_03,walk,walk,304750.8696183206,2766637.5177862598,0,in_leg,,,,,,,,,,2,"home,work"
30780,8:33:00,car_agent_01,walk,walk,290289.6339130435,2781893.473478261,0,in_leg,,,,,home,0,pt_metro_R28_DN,0.19218526328284052,spatial,2,"home,work"
30780,8:33:00,pt_agent_04,walk,walk,301686.4354054054,2609854.7446569647,0,in_leg,,,,,,,,,,2,"home,work"
30786,8:33:06,pt_agent_03,walk,walk,304746.01103053434,2766628.0229770993,0,in_leg,,,,,,,,,,2,"home,work"
30790,8:33:10,car_agent_01,walk,walk,290291.0791304348,2781882.894782609,0,in_leg,,,,,home,0,pt_metro_R28_DN,0.2028622223540065,spatial,2,"home,work"
30790,8:33:10,pt_agent_04,walk,walk,301686.98270270275,2609865.4146361747,0,in_leg,,,,,,,,,,2,"home,work"
30796,8:33:16,pt_agent_03,walk,walk,304741.1524427481,2766618.5281679393,0,in_leg,,,,,,,,,,2,"home,work"
30800,8:33:20,car_agent_01,walk,walk,290292.5243478261,2781872.3160869568,0,in_leg,,,,,home,0,pt_metro_R28_DN,0.21353918142517245,spatial,2,"home,work"
30800,8:33:20,pt_agent_04,walk,walk,301687.53,2609876.084615384,0,in_leg,,,,,,,,,,2,"home,work"
30806,8:33:26,pt_agent_03,walk,walk,304736.2938549618,2766609.033358779,0,in_leg,,,,,,,,,,2,"home,work"
30810,8:33:30,car_agent_01,walk,walk,290293.9695652174,2781861.7373913047,0,in_leg,,,,,home,0,pt_metro_R28_DN,0.2242161404963384,spatial,2,"home,work"
30810,8:33:30,pt_agent_04,walk,walk,301688.0772972973,2609886.7545945942,0,in_leg,,,,,,,,,,2,"home,work"
30816,8:33:36,pt_agent_03,walk,walk,304731.43526717555,2766599.5385496183,0,in_leg,,,,,,,,,,2,"home,work"
30820,8:33:40,car_agent_01,walk,walk,290295.4147826087,2781851.158695652,0,in_leg,,,,,home,0,pt_metro_R28_DN,0.23489309956796575,spatial,2,"home,work"
30820,8:33:40,pt_agent_04,walk,walk,301688.62459459464,2609897.4245738043,0,in_leg,,,,,,,,,,2,"home,work"
30826,8:33:46,pt_agent_03,walk,walk,304726.5766793893,2766590.0437404583,0,in_leg,,,,,,,,,,2,"home,work"
30830,8:33:50,car_agent_01,walk,walk,290296.86,2781840.58,0,in_leg,,,,,home,0,pt_metro_R28_DN,0.24557005863913167,spatial,2,"home,work"
30830,8:33:50,pt_agent_04,walk,walk,301689.1718918919,2609908.0945530143,0,in_leg,,,,,,,,,,2,"home,work"
30836,8:33:56,pt_agent_03,walk,walk,304721.718091603,2766580.548931298,0,in_leg,,,,,,,,,,2,"home,work"
30840,8:34:00,car_agent_01,walk,walk,290298.3052173913,2781830.001304348,0,in_leg,,,,,home,0,pt_metro_R28_DN,0.2562470177102977,spatial,2,"home,work"
30840,8:34:00,pt_agent_04,walk,walk,301689.7191891892,2609918.7645322243,0,in_leg,,,,,,,,,,2,"home,work"
30846,8:34:06,pt_agent_03,walk,walk,304716.85950381676,2766571.0541221374,0,in_leg,,,,,,,,,,2,"home,work"
30850,8:34:10,car_agent_01,walk,walk,290299.7504347826,2781819.422608696,0,in_leg,,,,,home,0,pt_metro_R28_DN,0.26692397678146357,spatial,2,"home,work"
30850,8:34:10,pt_agent_04,walk,walk,301690.26648648654,2609929.4345114343,0,in_leg,,,,,,,,,,2,"home,work"
30856,8:34:16,pt_agent_03,walk,walk,304712.00091603055,2766561.5593129774,0,in_leg,,,,,,,,,,2,"home,work"
30860,8:34:20,car_agent_01,walk,walk,290301.1956521739,2781808.8439130434,0,in_leg,,,,,home,0,pt_metro_R28_DN,0.2776009358530909,spatial,2,"home,work"
30860,8:34:20,pt_agent_04,walk,walk,301690.8137837838,2609940.1044906443,0,in_leg,,,,,,,,,,2,"home,work"
30866,8:34:26,pt_agent_03,walk,walk,304707.1423282443,2766552.064503817,0,in_leg,,,,,,,,,,2,"home,work"
30870,8:34:30,car_agent_01,walk,walk,290302.6408695652,2781798.2652173913,0,in_leg,,,,,home,0,pt_metro_R28_DN,0.28827789492425687,spatial,2,"home,work"
30870,8:34:30,pt_agent_04,walk,walk,301691.3610810811,2609950.7744698543,0,in_leg,,,,,,,,,,2,"home,work"
30876,8:34:36,pt_agent_03,walk,walk,304702.283740458,2766542.5696946564,0,in_leg,,,,,,,,,,2,"home,work"
30880,8:34:40,car_agent_01,walk,walk,290304.0860869565,2781787.6865217392,0,in_leg,,,,,home,0,pt_metro_R28_DN,0.2989548539954229,spatial,2,"home,work"
30880,8:34:40,pt_agent_04,walk,walk,301691.90837837843,2609961.4444490643,0,in_leg,,,,,,,,,,2,"home,work"
30886,8:34:46,pt_agent_03,walk,walk,304697.42515267176,2766533.0748854964,0,in_leg,,,,,,,,,,2,"home,work"
30890,8:34:50,car_agent_01,walk,walk,290305.5313043478,2781777.107826087,0,in_leg,,,,,home,0,pt_metro_R28_DN,0.30963181306658877,spatial,2,"home,work"
30890,8:34:50,pt_agent_04,walk,walk,301692.4556756757,2609972.1144282743,0,in_leg,,,,,,,,,,2,"home,work"
30896,8:34:56,pt_agent_03,walk,walk,304692.5665648855,2766523.580076336,0,in_leg,,,,,,,,,,2,"home,work"
30900,8:35:00,car_agent_01,walk,walk,290306.9765217391,2781766.529130435,0,in_leg,,,,,home,0,pt_metro_R28_DN,0.3203087721377547,spatial,2,"home,work"
30900,8:35:00,pt_agent_04,walk,walk,301693.002972973,2609982.7844074843,0,in_leg,,,,,,,,,,2,"home,work"
30906,8:35:06,pt_agent_03,walk,walk,304687.7079770992,2766514.085267176,0,in_leg,,,,,,,,,,2,"home,work"
30910,8:35:10,car_agent_01,walk,walk,290308.42173913046,2781755.9504347825,0,in_leg,,,,,home,0,pt_metro_R28_DN,0.33098573120938996,spatial,2,"home,work"
30910,8:35:10,pt_agent_04,walk,walk,301693.5502702703,2609993.4543866944,0,in_leg,,,,,,,,,,2,"home,work"
30916,8:35:16,pt_agent_03,walk,walk,304682.84938931296,2766504.5904580154,0,in_leg,,,,,,,,,,2,"home,work"
30920,8:35:20,car_agent_01,walk,walk,290309.86695652176,2781745.3717391305,0,in_leg,,,,,home,0,pt_metro_R28_DN,0.3416626902805559,spatial,2,"home,work"
30920,8:35:20,pt_agent_04,walk,walk,301694.0975675676,2610004.1243659044,0,in_leg,,,,,,,,,,2,"home,work"
30926,8:35:26,pt_agent_03,walk,walk,304677.9908015267,2766495.095648855,0,in_leg,,,,,,,,,,2,"home,work"
30930,8:35:30,car_agent_01,walk,walk,290311.31217391306,2781734.7930434784,0,in_leg,,,,,home,0,pt_metro_R28_DN,0.35233964935172185,spatial,2,"home,work"
30930,8:35:30,pt_agent_04,walk,walk,301694.6448648649,2610014.7943451144,0,in_leg,,,,,,,,,,2,"home,work"
30936,8:35:36,pt_agent_03,walk,walk,304673.13221374043,2766485.600839695,0,in_leg,,,,,,,,,,2,"home,work"
30940,8:35:40,car_agent_01,walk,walk,290312.75739130436,2781724.2143478263,0,in_leg,,,,,home,0,pt_metro_R28_DN,0.36301660842288785,spatial,2,"home,work"
30940,8:35:40,pt_agent_04,walk,walk,301695.1921621622,2610025.464324324,0,in_leg,,,,,,,,,,2,"home,work"
30946,8:35:46,pt_agent_03,walk,walk,304668.27362595417,2766476.1060305345,0,in_leg,,,,,,,,,,2,"home,work"
30950,8:35:50,car_agent_01,walk,walk,290314.20260869566,2781713.6356521742,0,in_leg,,,,,home,0,pt_metro_R28_DN,0.37369356749405375,spatial,2,"home,work"
30950,8:35:50,pt_agent_04,walk,walk,301695.7394594595,2610036.134303534,0,in_leg,,,,,,,,,,2,"home,work"
30956,8:35:56,pt_agent_03,walk,walk,304663.4150381679,2766466.611221374,0,in_leg,,,,,work,1,pt_metro_G06_DN_pt_metro_G05_DN,0.49062245829325735,spatial,2,"home,work"
30960,8:36:00,car_agent_01,walk,walk,290315.64782608696,2781703.0569565217,0,in_leg,,,,,home,0,pt_metro_R28_DN,0.38437052656568105,spatial,2,"home,work"
30960,8:36:00,pt_agent_04,walk,walk,301696.2867567568,2610046.804282744,0,in_leg,,,,,,,,,,2,"home,work"
30966,8:36:06,pt_agent_03,walk,walk,304658.55645038164,2766457.116412214,0,in_leg,,,,,work,1,pt_metro_G06_DN_pt_metro_G05_DN,0.47995675267844556,spatial,2,"home,work"
30970,8:36:10,car_agent_01,walk,walk,290317.09304347826,2781692.4782608696,0,in_leg,,,,,home,0,pt_metro_R28_DN,0.39504748563684705,spatial,2,"home,work"
30970,8:36:10,pt_agent_04,walk,walk,301696.8340540541,2610057.474261954,0,in_leg,,,,,,,,,,2,"home,work"
30976,8:36:16,pt_agent_03,walk,walk,304653.6978625954,2766447.6216030535,0,in_leg,,,,,work,1,pt_metro_G06_DN_pt_metro_G05_DN,0.4692910470632193,spatial,2,"home,work"
30980,8:36:20,car_agent_01,walk,walk,290318.53826086957,2781681.8995652176,0,in_leg,,,,,home,0,pt_metro_R28_DN,0.405724444708013,spatial,2,"home,work"
30980,8:36:20,pt_agent_04,walk,walk,301697.3813513514,2610068.144241164,0,in_leg,,,,,,,,,,2,"home,work"
30986,8:36:26,pt_agent_03,walk,walk,304648.8392748092,2766438.126793893,0,in_leg,,,,,work,1,pt_metro_G06_DN_pt_metro_G05_DN,0.4586253414480195,spatial,2,"home,work"
30990,8:36:30,car_agent_01,walk,walk,290319.98347826087,2781671.3208695655,0,in_leg,,,,,home,0,pt_metro_R28_DN,0.41640140377917895,spatial,2,"home,work"
30990,8:36:30,pt_agent_04,walk,walk,301697.92864864867,2610078.814220374,0,in_leg,,,,,,,,,,2,"home,work"
30996,8:36:36,pt_agent_03,walk,walk,304643.9806870229,2766428.631984733,0,in_leg,,,,,work,1,pt_metro_G06_DN_pt_metro_G05_DN,0.4479596358332077,spatial,2,"home,work"
31000,8:36:40,car_agent_01,walk,walk,290321.42869565217,2781660.7421739134,0,in_leg,,,,,home,0,pt_metro_R28_DN,0.4270783628503449,spatial,2,"home,work"
31000,8:36:40,pt_agent_04,walk,walk,301698.47594594595,2610089.484199584,0,in_leg,,,,,,,,,,2,"home,work"
31006,8:36:46,pt_agent_03,walk,walk,304639.12209923664,2766419.1371755726,0,in_leg,,,,,work,1,pt_metro_G06_DN_pt_metro_G05_DN,0.43729393021798135,spatial,2,"home,work"
31010,8:36:50,car_agent_01,walk,walk,290322.87391304347,2781650.163478261,0,in_leg,,,,,home,0,pt_metro_R28_DN,0.4377553219219722,spatial,2,"home,work"
31010,8:36:50,pt_agent_04,walk,walk,301699.0232432433,2610100.154178794,0,in_leg,,,,,,,,,,2,"home,work"
31016,8:36:56,pt_agent_03,walk,walk,304634.2635114504,2766409.642366412,0,in_leg,,,,,work,1,pt_metro_G06_DN_pt_metro_G05_DN,0.426628224602755,spatial,2,"home,work"
31020,8:37:00,car_agent_01,walk,walk,290324.3191304348,2781639.584782609,0,in_leg,,,,,home,0,pt_metro_R28_DN,0.44843228099313814,spatial,2,"home,work"
31020,8:37:00,pt_agent_04,walk,walk,301699.57054054056,2610110.824158004,0,in_leg,,,,,,,,,,2,"home,work"
31026,8:37:06,pt_agent_03,walk,walk,304629.4049236641,2766400.147557252,0,in_leg,,,,,work,1,pt_metro_G06_DN_pt_metro_G05_DN,0.41596251898794334,spatial,2,"home,work"
31030,8:37:10,car_agent_01,walk,walk,290325.7643478261,2781629.0060869567,0,in_leg,,,,,home,0,pt_metro_R28_DN,0.4591092400643041,spatial,2,"home,work"
31030,8:37:10,pt_agent_04,walk,walk,301700.11783783784,2610121.494137214,0,in_leg,,,,,,,,,,2,"home,work"
31036,8:37:16,pt_agent_03,walk,walk,304624.54633587785,2766390.6527480916,0,in_leg,,,,,work,1,pt_metro_G06_DN_pt_metro_G05_DN,0.40529681337271695,spatial,2,"home,work"
31040,8:37:20,car_agent_01,walk,walk,290327.2095652174,2781618.4273913046,0,in_leg,,,,,home,0,pt_metro_R28_DN,0.4697861991354701,spatial,2,"home,work"
31040,8:37:20,pt_agent_04,walk,walk,301700.6651351352,2610132.164116424,0,in_leg,,,,,,,,,,2,"home,work"
31046,8:37:26,pt_agent_03,walk,walk,304619.6877480916,2766381.1579389316,0,in_leg,,,,,work,1,pt_metro_G06_DN_pt_metro_G05_DN,0.39463110775790516,spatial,2,"home,work"
31050,8:37:30,car_agent_01,walk,walk,290328.6547826087,2781607.848695652,0,in_leg,,,,,home,0,pt_metro_R28_DN,0.4804631582070974,spatial,2,"home,work"
31050,8:37:30,pt_agent_04,walk,walk,301701.21243243245,2610142.834095634,0,in_leg,,,,,,,,,,2,"home,work"
31056,8:37:36,pt_agent_03,walk,walk,304614.8291603053,2766371.663129771,0,in_leg,,,,,work,1,pt_metro_G06_DN_pt_metro_G05_DN,0.3839654021426789,spatial,2,"home,work"
31060,8:37:40,car_agent_01,walk,walk,290330.1,2781597.27,0,in_leg,,,,,home,0,pt_metro_R28_DN,0.49114011727826334,spatial,2,"home,work"
31060,8:37:40,pt_agent_04,walk,walk,301701.75972972973,2610153.504074844,0,in_leg,,,,,,,,,,2,"home,work"
31066,8:37:46,pt_agent_03,walk,walk,304609.97057251906,2766362.1683206107,0,in_leg,,,,,work,1,pt_metro_G06_DN_pt_metro_G05_DN,0.37329969652745254,spatial,2,"home,work"
31069,8:37:49,car_agent_01,walk,walk,290331.5452173913,2781586.691304348,0,in_leg,,,,,,,,,,2,"home,work"
31070,8:37:50,pt_agent_04,walk,walk,301702.30702702707,2610164.174054054,0,in_leg,,,,,,,,,,2,"home,work"
31076,8:37:56,pt_agent_03,walk,walk,304605.1119847328,2766352.6735114506,0,in_leg,,,,,work,1,pt_metro_G06_DN_pt_metro_G05_DN,0.3626339909126408,spatial,2,"home,work"
31079,8:37:59,car_agent_01,walk,walk,290332.9904347826,2781576.112608696,0,in_leg,,,,,,,,,,2,"home,work"
31080,8:38:00,pt_agent_04,walk,walk,301702.85432432435,2610174.844033264,0,in_leg,,,,,,,,,,2,"home,work"
31086,8:38:06,pt_agent_03,walk,walk,304600.25339694653,2766343.17870229,0,in_leg,,,,,work,1,pt_metro_G06_DN_pt_metro_G05_DN,0.3519682852974145,spatial,2,"home,work"
31089,8:38:09,car_agent_01,walk,walk,290334.4356521739,2781565.533913044,0,in_leg,,,,,,,,,,2,"home,work"
31090,8:38:10,pt_agent_04,walk,walk,301703.4016216216,2610185.5140124736,0,in_leg,,,,,,,,,,2,"home,work"
31096,8:38:16,pt_agent_03,walk,walk,304595.39480916027,2766333.6838931297,0,in_leg,,,,,work,1,pt_metro_G06_DN_pt_metro_G05_DN,0.34130257968218813,spatial,2,"home,work"
31099,8:38:19,car_agent_01,walk,walk,290335.8808695652,2781554.9552173913,0,in_leg,,,,,,,,,,2,"home,work"
31100,8:38:20,pt_agent_04,walk,walk,301703.94891891896,2610196.1839916836,0,in_leg,,,,,,,,,,2,"home,work"
31106,8:38:26,pt_agent_03,walk,walk,304590.53622137406,2766324.1890839697,0,in_leg,,,,,work,1,pt_metro_G06_DN_pt_metro_G05_DN,0.33063687406740283,spatial,2,"home,work"
31109,8:38:29,car_agent_01,walk,walk,290337.3260869565,2781544.376521739,0,in_leg,,,,,,,,,,2,"home,work"
31110,8:38:30,pt_agent_04,walk,walk,301704.49621621624,2610206.8539708937,0,in_leg,,,,,,,,,,2,"home,work"
31116,8:38:36,pt_agent_03,walk,walk,304585.6776335878,2766314.694274809,0,in_leg,,,,,work,1,pt_metro_G06_DN_pt_metro_G05_DN,0.3199711684521766,spatial,2,"home,work"
31119,8:38:39,car_agent_01,walk,walk,290338.77130434784,2781533.797826087,0,in_leg,,,,,,,,,,2,"home,work"
31120,8:38:40,pt_agent_04,walk,walk,301705.0435135135,2610217.5239501037,0,in_leg,,,,,,,,,,2,"home,work"
31126,8:38:46,pt_agent_03,walk,walk,304580.81904580153,2766305.1994656487,0,in_leg,,,,,work,1,pt_metro_G06_DN_pt_metro_G05_DN,0.30930546283695026,spatial,2,"home,work"
31129,8:38:49,car_agent_01,walk,walk,290340.21652173914,2781523.219130435,0,in_leg,,,,,,,,,,2,"home,work"
31130,8:38:50,pt_agent_04,walk,walk,301705.59081081086,2610228.1939293137,0,in_leg,,,,,,,,,,2,"home,work"
31136,8:38:56,pt_agent_03,walk,walk,304575.96045801527,2766295.7046564887,0,in_leg,,,,,work,1,pt_metro_G06_DN_pt_metro_G05_DN,0.2986397572221384,spatial,2,"home,work"
31139,8:38:59,car_agent_01,walk,walk,290341.66173913045,2781512.640434783,0,in_leg,,,,,,,,,,2,"home,work"
31140,8:39:00,pt_agent_04,walk,walk,301706.13810810813,2610238.8639085237,0,in_leg,,,,,,,,,,2,"home,work"
31146,8:39:06,pt_agent_03,walk,walk,304571.101870229,2766286.2098473283,0,in_leg,,,,,work,1,pt_metro_G06_DN_pt_metro_G05_DN,0.28797405160691214,spatial,2,"home,work"
31149,8:39:09,car_agent_01,walk,walk,290343.10695652175,2781502.0617391304,0,in_leg,,,,,,,,,,2,"home,work"
31150,8:39:10,pt_agent_04,walk,walk,301706.6854054054,2610249.5338877337,0,in_leg,,,,,,,,,,2,"home,work"
31155,8:39:15,pt_agent_03,walk,walk,304566.24328244274,2766276.7150381682,0,in_leg,,,,,work,1,pt_metro_G06_DN_pt_metro_G05_DN,0.27730834599210036,spatial,2,"home,work"
31159,8:39:19,car_agent_01,walk,walk,290344.55217391305,2781491.4830434783,0,in_leg,,,,,,,,,,2,"home,work"
31160,8:39:20,pt_agent_04,walk,walk,301707.23270270275,2610260.2038669437,0,in_leg,,,,,,,,,,2,"home,work"
31165,8:39:25,pt_agent_03,walk,walk,304561.3846946565,2766267.220229008,0,in_leg,,,,,work,1,pt_metro_G06_DN_pt_metro_G05_DN,0.2666426403768741,spatial,2,"home,work"
31169,8:39:29,car_agent_01,walk,walk,290345.99739130435,2781480.9043478263,0,in_leg,,,,,,,,,,2,"home,work"
31170,8:39:30,pt_agent_04,walk,walk,301707.78,2610270.8738461537,0,in_leg,,,,,,,,,,2,"home,work"
31175,8:39:35,pt_agent_03,walk,walk,304556.5261068702,2766257.7254198473,0,in_leg,,,,,work,1,pt_metro_G06_DN_pt_metro_G05_DN,0.25597693476164773,spatial,2,"home,work"
31179,8:39:39,car_agent_01,walk,walk,290347.44260869565,2781470.325652174,0,in_leg,,,,,,,,,,2,"home,work"
31180,8:39:40,pt_agent_04,walk,walk,301708.3272972973,2610281.5438253637,0,in_leg,,,,,,,,,,2,"home,work"
31185,8:39:45,pt_agent_03,walk,walk,304551.66751908395,2766248.2306106873,0,in_leg,,,,,work,1,pt_metro_G06_DN_pt_metro_G05_DN,0.24531122914683595,spatial,2,"home,work"
31189,8:39:49,car_agent_01,walk,walk,290348.88782608695,2781459.7469565216,0,in_leg,,,,,,,,,,2,"home,work"
31190,8:39:50,pt_agent_04,walk,walk,301708.87459459464,2610292.2138045738,0,in_leg,,,,,,,,,,2,"home,work"
31195,8:39:55,pt_agent_03,walk,walk,304546.8089312977,2766238.735801527,0,in_leg,,,,,work,1,pt_metro_G06_DN_pt_metro_G05_DN,0.23464552353160964,spatial,2,"home,work"
31199,8:39:59,car_agent_01,walk,walk,290350.33304347825,2781449.1682608696,0,in_leg,,,,,,,,,,2,"home,work"
31200,8:40:00,pt_agent_04,walk,walk,301709.4218918919,2610302.8837837838,0,in_leg,,,,,,,,,,2,"home,work"
31205,8:40:05,pt_agent_03,walk,walk,304541.9503435114,2766229.2409923663,0,in_leg,,,,,work,1,pt_metro_G06_DN_pt_metro_G05_DN,0.22397981791638333,spatial,2,"home,work"
31209,8:40:09,car_agent_01,walk,walk,290351.77826086956,2781438.5895652175,0,in_leg,,,,,,,,,,2,"home,work"
31210,8:40:10,pt_agent_04,walk,walk,301709.9691891892,2610313.553762994,0,in_leg,,,,,,,,,,2,"home,work"
31215,8:40:15,pt_agent_03,walk,walk,304537.09175572515,2766219.7461832063,0,in_leg,,,,,work,1,pt_metro_G06_DN_pt_metro_G05_DN,0.21331411230157155,spatial,2,"home,work"
31219,8:40:19,car_agent_01,walk,walk,290353.22347826086,2781428.0108695654,0,in_leg,,,,,,,,,,2,"home,work"
31220,8:40:20,pt_agent_04,walk,walk,301710.51648648654,2610324.223742204,0,in_leg,,,,,,,,,,2,"home,work"
31225,8:40:25,pt_agent_03,walk,walk,304532.2331679389,2766210.251374046,0,in_leg,,,,,work,1,pt_metro_G06_DN_pt_metro_G05_DN,0.20264840668634523,spatial,2,"home,work"
31229,8:40:29,car_agent_01,walk,walk,290354.66869565216,2781417.4321739133,0,in_leg,,,,,,,,,,2,"home,work"
31230,8:40:30,pt_agent_04,walk,walk,301711.0637837838,2610334.8937214133,0,in_leg,,,,,,,,,,2,"home,work"
31235,8:40:35,pt_agent_03,walk,walk,304527.3745801527,2766200.7565648854,0,in_leg,,,,,work,1,pt_metro_G06_DN_pt_metro_G05_DN,0.1919827010711454,spatial,2,"home,work"
31239,8:40:39,car_agent_01,walk,walk,290356.11391304346,2781406.853478261,0,in_leg,,,,,,,,,,2,"home,work"
31240,8:40:40,pt_agent_04,walk,walk,301711.6110810811,2610345.5637006233,0,in_leg,,,,,,,,,,2,"home,work"
31245,8:40:45,pt_agent_03,walk,walk,304522.5159923664,2766191.2617557254,0,in_leg,,,,,work,1,pt_metro_G06_DN_pt_metro_G05_DN,0.18131699545633365,spatial,2,"home,work"
31249,8:40:49,car_agent_01,walk,walk,290357.55913043476,2781396.2747826087,0,in_leg,,,,,,,,,,2,"home,work"
31250,8:40:50,pt_agent_04,walk,walk,301712.15837837843,2610356.2336798334,0,in_leg,,,,,,,,,,2,"home,work"
31255,8:40:55,pt_agent_03,walk,walk,304517.65740458015,2766181.766946565,0,in_leg,,,,,work,1,pt_metro_G06_DN_pt_metro_G05_DN,0.17065128984110733,spatial,2,"home,work"
31259,8:40:59,car_agent_01,walk,walk,290359.00434782606,2781385.6960869567,0,in_leg,,,,,,,,,,2,"home,work"
31260,8:41:00,pt_agent_04,walk,walk,301712.7056756757,2610366.9036590434,0,in_leg,,,,,,,,,,2,"home,work"
31265,8:41:05,pt_agent_03,walk,walk,304512.7988167939,2766172.272137405,0,in_leg,,,,,work,1,pt_metro_G06_DN_pt_metro_G05_DN,0.15998558422629555,spatial,2,"home,work"
31269,8:41:09,car_agent_01,walk,walk,290360.44956521736,2781375.1173913046,0,in_leg,,,,,,,,,,2,"home,work"
31270,8:41:10,pt_agent_04,walk,walk,301713.252972973,2610377.5736382534,0,in_leg,,,,,,,,,,2,"home,work"
31275,8:41:15,pt_agent_03,walk,walk,304507.9402290076,2766162.7773282444,0,in_leg,,,,,work,1,pt_metro_G06_DN_pt_metro_G05_DN,0.1493198786110692,spatial,2,"home,work"
31279,8:41:19,car_agent_01,walk,walk,290361.89478260867,2781364.5386956525,0,in_leg,,,,,,,,,,2,"home,work"
31280,8:41:20,pt_agent_04,walk,walk,301713.8002702703,2610388.2436174634,0,in_leg,,,,,,,,,,2,"home,work"
31285,8:41:25,pt_agent_03,walk,walk,304503.08164122136,2766153.282519084,0,in_leg,,,,,work,1,pt_metro_G06_DN_pt_metro_G05_DN,0.1386541729958429,spatial,2,"home,work"
31289,8:41:29,car_agent_01,walk,walk,290363.33999999997,2781353.96,0,in_leg,,,,,,,,,,2,"home,work"
31290,8:41:30,pt_agent_04,walk,walk,301714.3475675676,2610398.9135966734,0,in_leg,,,,,,,,,,2,"home,work"
31295,8:41:35,pt_agent_03,walk,walk,304498.2230534351,2766143.787709924,0,in_leg,,,,,work,1,pt_metro_G06_DN_pt_metro_G05_DN,0.12798846738103115,spatial,2,"home,work"
31299,8:41:39,car_agent_01,walk,walk,290364.78521739127,2781343.381304348,0,in_leg,,,,,,,,,,2,"home,work"
31300,8:41:40,pt_agent_04,walk,walk,301714.8948648649,2610409.5835758834,0,in_leg,,,,,,,,,,2,"home,work"
31305,8:41:45,pt_agent_03,walk,walk,304493.36446564883,2766134.2929007635,0,in_leg,,,,,work,1,pt_metro_G06_DN_pt_metro_G05_DN,0.11732276176580482,spatial,2,"home,work"
31309,8:41:49,car_agent_01,walk,walk,290366.23043478257,2781332.802608696,0,in_leg,,,,,,,,,,2,"home,work"
31310,8:41:50,pt_agent_04,walk,walk,301715.4421621622,2610420.2535550934,0,in_leg,,,,,,,,,,2,"home,work"
31315,8:41:55,pt_agent_03,walk,walk,304488.50587786257,2766124.798091603,0,in_leg,,,,,work,1,pt_metro_G06_DN_pt_metro_G05_DN,0.1066570561505785,spatial,2,"home,work"
31319,8:41:59,car_agent_01,walk,walk,290367.67565217393,2781322.2239130437,0,in_leg,,,,,,,,,,2,"home,work"
31320,8:42:00,pt_agent_04,walk,walk,301715.9894594595,2610430.9235343034,0,in_leg,,,,,,,,,,2,"home,work"
31325,8:42:05,pt_agent_03,walk,walk,304483.6472900763,2766115.303282443,0,in_leg,,,,,work,1,pt_metro_G06_DN_pt_metro_G05_DN,0.09599135053576673,spatial,2,"home,work"
31329,8:42:09,car_agent_01,walk,walk,290369.12086956523,2781311.6452173917,0,in_leg,,,,,,,,,,2,"home,work"
31330,8:42:10,pt_agent_04,walk,walk,301716.5367567568,2610441.5935135134,0,in_leg,,,,,,,,,,2,"home,work"
31335,8:42:15,pt_agent_03,walk,walk,304478.78870229004,2766105.8084732825,0,in_leg,,,,,work,1,pt_metro_G06_DN_pt_metro_G05_DN,0.08532564492054041,spatial,2,"home,work"
31339,8:42:19,car_agent_01,walk,walk,290370.56608695653,2781301.066521739,0,in_leg,,,,,,,,,,2,"home,work"
31340,8:42:20,pt_agent_04,walk,walk,301717.0840540541,2610452.2634927235,0,in_leg,,,,,,,,,,2,"home,work"
31345,8:42:25,pt_agent_03,walk,walk,304473.9301145038,2766096.313664122,0,in_leg,,,,,work,1,pt_metro_G06_DN_pt_metro_G05_DN,0.07465993930531409,spatial,2,"home,work"
31349,8:42:29,car_agent_01,walk,walk,290372.01130434783,2781290.487826087,0,in_leg,,,,,,,,,,2,"home,work"
31350,8:42:30,pt_agent_04,walk,walk,301717.6313513514,2610462.9334719335,0,in_leg,,,,,,,,,,2,"home,work"
31355,8:42:35,pt_agent_03,walk,walk,304469.07152671757,2766086.818854962,0,in_leg,,,,,work,1,pt_metro_G06_DN_pt_metro_G05_DN,0.06399423369052883,spatial,2,"home,work"
31359,8:42:39,car_agent_01,walk,walk,290373.45652173914,2781279.909130435,0,in_leg,,,,,,,,,,2,"home,work"
31360,8:42:40,pt_agent_04,walk,walk,301718.17864864867,2610473.6034511435,0,in_leg,,,,,,,,,,2,"home,work"
31365,8:42:45,pt_agent_03,walk,walk,304464.2129389313,2766077.3240458015,0,in_leg,,,,,work,1,pt_metro_G06_DN_pt_metro_G05_DN,0.05332852807530251,spatial,2,"home,work"
31369,8:42:49,car_agent_01,walk,walk,290374.90173913044,2781269.330434783,0,in_leg,,,,,,,,,,2,"home,work"
31370,8:42:50,pt_agent_04,walk,walk,301718.72594594595,2610484.273430353,0,in_leg,,,,,,,,,,2,"home,work"
31375,8:42:55,pt_agent_03,walk,walk,304459.35435114504,2766067.8292366415,0,in_leg,,,,,work,1,pt_metro_G06_DN_pt_metro_G05_DN,0.04266282246049073,spatial,2,"home,work"
31379,8:42:59,car_agent_01,walk,walk,290376.34695652174,2781258.7517391304,0,in_leg,,,,,,,,,,2,"home,work"
31380,8:43:00,pt_agent_04,walk,walk,301719.2732432433,2610494.943409563,0,in_leg,,,,,,,,,,2,"home,work"
31385,8:43:05,pt_agent_03,walk,walk,304454.4957633588,2766058.334427481,0,in_leg,,,,,work,1,pt_metro_G06_DN_pt_metro_G05_DN,0.03199711684526441,spatial,2,"home,work"
31389,8:43:09,car_agent_01,walk,walk,290377.79217391304,2781248.1730434783,0,in_leg,,,,,,,,,,2,"home,work"
31390,8:43:10,pt_agent_04,walk,walk,301719.82054054056,2610505.613388773,0,in_leg,,,,,,,,,,2,"home,work"
31395,8:43:15,pt_agent_03,walk,walk,304449.6371755725,2766048.8396183206,0,in_leg,,,,,work,1,pt_metro_G06_DN_pt_metro_G05_DN,0.021331411230038098,spatial,2,"home,work"
31399,8:43:19,car_agent_01,walk,walk,290379.23739130434,2781237.594347826,0,in_leg,,,,,,,,,,2,"home,work"
31400,8:43:20,pt_agent_04,walk,walk,301720.36783783784,2610516.283367983,0,in_leg,,,,,,,,,,2,"home,work"
31405,8:43:25,pt_agent_03,walk,walk,304444.77858778625,2766039.3448091606,0,in_leg,,,,,work,1,pt_metro_G06_DN_pt_metro_G05_DN,0.010665705615226319,spatial,2,"home,work"
31409,8:43:29,car_agent_01,walk,walk,290380.68260869564,2781227.015652174,0,in_leg,,,,,,,,,,2,"home,work"
31410,8:43:30,pt_agent_04,walk,walk,301720.9151351352,2610526.953347193,0,in_leg,,,,,,,,,,2,"home,work"
31415,8:43:35,pt_agent_03,walk,walk,304439.92,2766029.85,0,in_leg,,,,,work,1,pt_metro_G06_DN_pt_metro_G05_DN,0.0,spatial,2,"home,work"
31419,8:43:39,car_agent_01,walk,walk,290382.12782608694,2781216.436956522,0,in_leg,,,,,,,,,,2,"home,work"
31420,8:43:40,pt_agent_04,walk,walk,301721.46243243245,2610537.623326403,0,in_leg,,,,,,,,,,2,"home,work"
31429,8:43:49,car_agent_01,walk,walk,290383.57304347825,2781205.8582608695,0,in_leg,,,,,,,,,,2,"home,work"
31430,8:43:50,pt_agent_04,walk,walk,301722.00972972973,2610548.293305613,0,in_leg,,,,,,,,,,2,"home,work"
31439,8:43:59,car_agent_01,walk,walk,290385.01826086955,2781195.2795652174,0,in_leg,,,,,,,,,,2,"home,work"
31440,8:44:00,pt_agent_04,walk,walk,301722.55702702707,2610558.963284823,0,in_leg,,,,,,,,,,2,"home,work"
31449,8:44:09,car_agent_01,walk,walk,290386.46347826085,2781184.7008695654,0,in_leg,,,,,,,,,,2,"home,work"
31450,8:44:10,pt_agent_04,walk,walk,301723.10432432435,2610569.633264033,0,in_leg,,,,,,,,,,2,"home,work"
31459,8:44:19,car_agent_01,walk,walk,290387.90869565215,2781174.1221739133,0,in_leg,,,,,,,,,,2,"home,work"
31460,8:44:20,pt_agent_04,walk,walk,301723.6516216216,2610580.303243243,0,in_leg,,,,,,,,,,2,"home,work"
31469,8:44:29,car_agent_01,walk,walk,290389.35391304345,2781163.543478261,0,in_leg,,,,,,,,,,2,"home,work"
31470,8:44:30,pt_agent_04,walk,walk,301724.19891891896,2610590.973222453,0,in_leg,,,,,,,,,,2,"home,work"
31479,8:44:39,car_agent_01,walk,walk,290390.79913043475,2781152.9647826087,0,in_leg,,,,,,,,,,2,"home,work"
31480,8:44:40,pt_agent_04,walk,walk,301724.74621621624,2610601.643201663,0,in_leg,,,,,,,,,,2,"home,work"
31489,8:44:49,car_agent_01,walk,walk,290392.24434782605,2781142.3860869566,0,in_leg,,,,,,,,,,2,"home,work"
31490,8:44:50,pt_agent_04,walk,walk,301725.2935135135,2610612.313180873,0,in_leg,,,,,,,,,,2,"home,work"
31499,8:44:59,car_agent_01,walk,walk,290393.68956521736,2781131.8073913045,0,in_leg,,,,,,,,,,2,"home,work"
31500,8:45:00,pt_agent_04,walk,walk,301725.84081081086,2610622.983160083,0,in_leg,,,,,,,,,,2,"home,work"
31500,8:45:00,walk_agent_01,walk,walk,290170.63,2781138.78,0,in_leg,,,,,home,0,pt_metro_R28_DN,0.0,spatial,2,"home,work"
31509,8:45:09,car_agent_01,walk,walk,290395.13478260866,2781121.2286956524,0,in_leg,,,,,,,,,,2,"home,work"
31510,8:45:10,pt_agent_04,walk,walk,301726.38810810813,2610633.653139293,0,in_leg,,,,,,,,,,2,"home,work"
31510,8:45:10,walk_agent_01,walk,walk,290170.9485714286,2781128.3899999997,0,in_leg,,,,,home,0,pt_metro_R28_DN,0.010394882767873124,spatial,2,"home,work"
31519,8:45:19,car_agent_01,walk,walk,290396.57999999996,2781110.6500000004,0,in_leg,,,,,,,,,,2,"home,work"
31519,8:45:19,walk_agent_01,walk,walk,290171.26714285713,2781118.0,0,in_leg,,,,,home,0,pt_metro_R28_DN,0.020789765535279024,spatial,2,"home,work"
31520,8:45:20,pt_agent_04,walk,walk,301726.9354054054,2610644.3231185027,0,in_leg,,,,,,,,,,2,"home,work"
31529,8:45:29,car_agent_01,walk,walk,290398.0252173913,2781100.071304348,0,in_leg,,,,,,,,,,2,"home,work"
31529,8:45:29,walk_agent_01,walk,walk,290171.5857142857,2781107.61,0,in_leg,,,,,home,0,pt_metro_R28_DN,0.031184648303152148,spatial,2,"home,work"
31530,8:45:30,pt_agent_04,walk,walk,301727.48270270275,2610654.9930977128,0,in_leg,,,,,,,,,,2,"home,work"
31539,8:45:39,car_agent_01,walk,walk,290399.4704347826,2781089.4926086958,0,in_leg,,,,,,,,,,2,"home,work"
31539,8:45:39,walk_agent_01,walk,walk,290171.90428571426,2781097.2199999997,0,in_leg,,,,,home,0,pt_metro_R28_DN,0.04157953107102349,spatial,2,"home,work"
31540,8:45:40,pt_agent_04,walk,walk,301728.03,2610665.6630769228,0,in_leg,,,,,,,,,,2,"home,work"
31549,8:45:49,car_agent_01,walk,walk,290400.9156521739,2781078.9139130437,0,in_leg,,,,,,,,,,2,"home,work"
31549,8:45:49,walk_agent_01,walk,walk,290172.22285714286,2781086.8299999996,0,in_leg,,,,,home,0,pt_metro_R28_DN,0.051974413838896616,spatial,2,"home,work"
31550,8:45:50,pt_agent_04,walk,walk,301728.5772972973,2610676.333056133,0,in_leg,,,,,,,,,,2,"home,work"
31558,8:45:58,walk_agent_01,walk,walk,290172.54142857145,2781076.44,0,in_leg,,,,,home,0,pt_metro_R28_DN,0.062369296606304296,spatial,2,"home,work"
31559,8:45:59,car_agent_01,walk,walk,290402.3608695652,2781068.3352173916,0,in_leg,,,,,,,,,,2,"home,work"
31560,8:46:00,pt_agent_04,walk,walk,301729.12459459464,2610687.003035343,0,in_leg,,,,,,,,,,2,"home,work"
31568,8:46:08,walk_agent_01,walk,walk,290172.86,2781066.05,0,in_leg,,,,,home,0,pt_metro_R28_DN,0.07276417937417565,spatial,2,"home,work"
31569,8:46:09,car_agent_01,walk,walk,290403.8060869565,2781057.756521739,0,in_leg,,,,,,,,,,2,"home,work"
31570,8:46:10,pt_agent_04,walk,walk,301729.6718918919,2610697.673014553,0,in_leg,,,,,,,,,,2,"home,work"
31578,8:46:18,walk_agent_01,walk,walk,290173.1785714286,2781055.6599999997,0,in_leg,,,,,home,0,pt_metro_R28_DN,0.08315906214204875,spatial,2,"home,work"
31579,8:46:19,car_agent_01,walk,walk,290405.2513043478,2781047.177826087,0,in_leg,,,,,,,,,,2,"home,work"
31580,8:46:20,pt_agent_04,walk,walk,301730.2191891892,2610708.342993763,0,in_leg,,,,,,,,,,2,"home,work"
31587,8:46:27,walk_agent_01,walk,walk,290173.4971428572,2781045.27,0,in_leg,,,,,home,0,pt_metro_R28_DN,0.09355394490945644,spatial,2,"home,work"
31589,8:46:29,car_agent_01,walk,walk,290406.6965217391,2781036.599130435,0,in_leg,,,,,,,,,,2,"home,work"
31590,8:46:30,pt_agent_04,walk,walk,301730.76648648654,2610719.012972973,0,in_leg,,,,,,,,,,2,"home,work"
31597,8:46:37,walk_agent_01,walk,walk,290173.8157142857,2781034.88,0,in_leg,,,,,home,0,pt_metro_R28_DN,0.10394882767732778,spatial,2,"home,work"
31599,8:46:39,car_agent_01,walk,walk,290408.1417391304,2781026.020434783,0,in_leg,,,,,,,,,,2,"home,work"
31600,8:46:40,pt_agent_04,walk,walk,301731.3137837838,2610729.682952183,0,in_leg,,,,,,,,,,2,"home,work"
31607,8:46:47,walk_agent_01,walk,walk,290174.1342857143,2781024.4899999998,0,in_leg,,,,,work,1,pt_metro_R28_DN,0.10394882767732778,spatial,2,"home,work"
31609,8:46:49,car_agent_01,walk,walk,290409.5869565217,2781015.4417391308,0,in_leg,,,,,,,,,,2,"home,work"
31610,8:46:50,pt_agent_04,walk,walk,301731.8610810811,2610740.352931393,0,in_leg,,,,,,,,,,2,"home,work"
31617,8:46:57,walk_agent_01,walk,walk,290174.45285714284,2781014.0999999996,0,in_leg,,,,,work,1,pt_metro_R28_DN,0.09355394490945644,spatial,2,"home,work"
31619,8:46:59,car_agent_01,walk,walk,290411.03217391303,2781004.863043478,0,in_leg,,,,,,,,,,2,"home,work"
31620,8:47:00,pt_agent_04,walk,walk,301732.40837837843,2610751.022910603,0,in_leg,,,,,,,,,,2,"home,work"
31626,8:47:06,walk_agent_01,walk,walk,290174.77142857143,2781003.71,0,in_leg,,,,,work,1,pt_metro_R28_DN,0.08315906214204875,spatial,2,"home,work"
31629,8:47:09,car_agent_01,walk,walk,290412.47739130433,2780994.284347826,0,in_leg,,,,,,,,,,2,"home,work"
31630,8:47:10,pt_agent_04,walk,walk,301732.9556756757,2610761.692889813,0,in_leg,,,,,,,,,,2,"home,work"
31636,8:47:16,walk_agent_01,walk,walk,290175.09,2780993.32,0,in_leg,,,,,work,1,pt_metro_R28_DN,0.07276417937417565,spatial,2,"home,work"
31639,8:47:19,car_agent_01,walk,walk,290413.92260869563,2780983.705652174,0,in_leg,,,,,,,,,,2,"home,work"
31640,8:47:20,pt_agent_04,walk,walk,301733.502972973,2610772.362869023,0,in_leg,,,,,,,,,,2,"home,work"
31646,8:47:26,walk_agent_01,walk,walk,290175.40857142856,2780982.9299999997,0,in_leg,,,,,work,1,pt_metro_R28_DN,0.062369296606304296,spatial,2,"home,work"
31649,8:47:29,car_agent_01,walk,walk,290415.36782608693,2780973.126956522,0,in_leg,,,,,,,,,,2,"home,work"
31650,8:47:30,pt_agent_04,walk,walk,301734.0502702703,2610783.032848233,0,in_leg,,,,,,,,,,2,"home,work"
31655,8:47:35,walk_agent_01,walk,walk,290175.72714285715,2780972.54,0,in_leg,,,,,work,1,pt_metro_R28_DN,0.051974413838896616,spatial,2,"home,work"
31659,8:47:39,car_agent_01,walk,walk,290416.81304347824,2780962.54826087,0,in_leg,,,,,,,,,,2,"home,work"
31660,8:47:40,pt_agent_04,walk,walk,301734.5975675676,2610793.7028274424,0,in_leg,,,,,,,,,,2,"home,work"
31665,8:47:45,walk_agent_01,walk,walk,290176.04571428575,2780962.15,0,in_leg,,,,,work,1,pt_metro_R28_DN,0.04157953107102349,spatial,2,"home,work"
31669,8:47:49,car_agent_01,walk,walk,290418.25826086954,2780951.9695652174,0,in_leg,,,,,,,,,,2,"home,work"
31670,8:47:50,pt_agent_04,walk,walk,301735.1448648649,2610804.3728066524,0,in_leg,,,,,,,,,,2,"home,work"
31675,8:47:55,walk_agent_01,walk,walk,290176.3642857143,2780951.76,0,in_leg,,,,,work,1,pt_metro_R28_DN,0.031184648303152148,spatial,2,"home,work"
31679,8:47:59,car_agent_01,walk,walk,290419.70347826084,2780941.3908695653,0,in_leg,,,,,,,,,,2,"home,work"
31680,8:48:00,pt_agent_04,walk,walk,301735.6921621622,2610815.0427858625,0,in_leg,,,,,,,,,,2,"home,work"
31685,8:48:05,walk_agent_01,walk,walk,290176.6828571429,2780941.3699999996,0,in_leg,,,,,work,1,pt_metro_R28_DN,0.020789765535279024,spatial,2,"home,work"
31689,8:48:09,car_agent_01,walk,walk,290421.14869565214,2780930.8121739132,0,in_leg,,,,,,,,,,2,"home,work"
31690,8:48:10,pt_agent_04,walk,walk,301736.2394594595,2610825.7127650725,0,in_leg,,,,,,,,,,2,"home,work"
31694,8:48:14,walk_agent_01,walk,walk,290177.0014285714,2780930.98,0,in_leg,,,,,work,1,pt_metro_R28_DN,0.010394882767873124,spatial,2,"home,work"
31699,8:48:19,car_agent_01,walk,walk,290422.59391304344,2780920.233478261,0,in_leg,,,,,,,,,,2,"home,work"
31700,8:48:20,pt_agent_04,walk,walk,301736.7867567568,2610836.3827442825,0,in_leg,,,,,,,,,,2,"home,work"
31704,8:48:24,walk_agent_01,walk,walk,290177.32,2780920.59,0,in_leg,,,,,work,1,pt_metro_R28_DN,0.0,spatial,2,"home,work"
31709,8:48:29,car_agent_01,walk,walk,290424.03913043474,2780909.6547826086,0,in_leg,,,,,,,,,,2,"home,work"
31710,8:48:30,pt_agent_04,walk,walk,301737.3340540541,2610847.0527234925,0,in_leg,,,,,,,,,,2,"home,work"
31719,8:48:39,car_agent_01,walk,walk,290425.48434782604,2780899.0760869565,0,in_leg,,,,,,,,,,2,"home,work"
31720,8:48:40,pt_agent_04,walk,walk,301737.8813513514,2610857.7227027025,0,in_leg,,,,,,,,,,2,"home,work"
31729,8:48:49,car_agent_01,walk,walk,290426.9295652174,2780888.4973913045,0,in_leg,,,,,,,,,,2,"home,work"
31730,8:48:50,pt_agent_04,walk,walk,301738.42864864867,2610868.3926819125,0,in_leg,,,,,,,,,,2,"home,work"
31739,8:48:59,car_agent_01,walk,walk,290428.3747826087,2780877.9186956524,0,in_leg,,,,,,,,,,2,"home,work"
31740,8:49:00,pt_agent_04,walk,walk,301738.97594594595,2610879.0626611225,0,in_leg,,,,,,,,,,2,"home,work"
31749,8:49:09,car_agent_01,walk,walk,290429.82,2780867.3400000003,0,in_leg,,,,,,,,,,2,"home,work"
31750,8:49:10,pt_agent_04,walk,walk,301739.5232432433,2610889.7326403325,0,in_leg,,,,,,,,,,2,"home,work"
31759,8:49:19,car_agent_01,walk,walk,290431.2652173913,2780856.761304348,0,in_leg,,,,,,,,,,2,"home,work"
31760,8:49:20,pt_agent_04,walk,walk,301740.07054054056,2610900.4026195426,0,in_leg,,,,,,,,,,2,"home,work"
31769,8:49:29,car_agent_01,walk,walk,290432.7104347826,2780846.1826086957,0,in_leg,,,,,,,,,,2,"home,work"
31770,8:49:30,pt_agent_04,walk,walk,301740.61783783784,2610911.0725987526,0,in_leg,,,,,,,,,,2,"home,work"
31779,8:49:39,car_agent_01,walk,walk,290434.1556521739,2780835.6039130436,0,in_leg,,,,,,,,,,2,"home,work"
31780,8:49:40,pt_agent_04,walk,walk,301741.1651351352,2610921.7425779626,0,in_leg,,,,,,,,,,2,"home,work"
31789,8:49:49,car_agent_01,walk,walk,290435.6008695652,2780825.0252173916,0,in_leg,,,,,,,,,,2,"home,work"
31790,8:49:50,pt_agent_04,walk,walk,301741.71243243245,2610932.4125571726,0,in_leg,,,,,,,,,,2,"home,work"
31799,8:49:59,car_agent_01,walk,walk,290437.0460869565,2780814.4465217395,0,in_leg,,,,,,,,,,2,"home,work"
31800,8:50:00,pt_agent_04,walk,walk,301742.25972972973,2610943.082536382,0,in_leg,,,,,,,,,,2,"home,work"
31809,8:50:09,car_agent_01,walk,walk,290438.4913043478,2780803.867826087,0,in_leg,,,,,,,,,,2,"home,work"
31810,8:50:10,pt_agent_04,walk,walk,301742.80702702707,2610953.752515592,0,in_leg,,,,,,,,,,2,"home,work"
31819,8:50:19,car_agent_01,walk,walk,290439.9365217391,2780793.289130435,0,in_leg,,,,,,,,,,2,"home,work"
31820,8:50:20,pt_agent_04,walk,walk,301743.35432432435,2610964.422494802,0,in_leg,,,,,,,,,,2,"home,work"
31829,8:50:29,car_agent_01,walk,walk,290441.3817391304,2780782.710434783,0,in_leg,,,,,,,,,,2,"home,work"
31830,8:50:30,pt_agent_04,walk,walk,301743.9016216216,2610975.092474012,0,in_leg,,,,,,,,,,2,"home,work"
31839,8:50:39,car_agent_01,walk,walk,290442.8269565217,2780772.1317391307,0,in_leg,,,,,,,,,,2,"home,work"
31840,8:50:40,pt_agent_04,walk,walk,301744.44891891896,2610985.762453222,0,in_leg,,,,,,,,,,2,"home,work"
31849,8:50:49,car_agent_01,walk,walk,290444.272173913,2780761.5530434786,0,in_leg,,,,,,,,,,2,"home,work"
31850,8:50:50,pt_agent_04,walk,walk,301744.99621621624,2610996.432432432,0,in_leg,,,,,,,,,,2,"home,work"
31859,8:50:59,car_agent_01,walk,walk,290445.7173913043,2780750.974347826,0,in_leg,,,,,,,,,,2,"home,work"
31860,8:51:00,pt_agent_04,walk,walk,301745.5435135135,2611007.102411642,0,in_leg,,,,,,,,,,2,"home,work"
31869,8:51:09,car_agent_01,walk,walk,290447.1626086956,2780740.395652174,0,in_leg,,,,,,,,,,2,"home,work"
31870,8:51:10,pt_agent_04,walk,walk,301746.09081081086,2611017.772390852,0,in_leg,,,,,,,,,,2,"home,work"
31879,8:51:19,car_agent_01,walk,walk,290448.6078260869,2780729.816956522,0,in_leg,,,,,,,,,,2,"home,work"
31880,8:51:20,pt_agent_04,walk,walk,301746.63810810813,2611028.442370062,0,in_leg,,,,,,,,,,2,"home,work"
31889,8:51:29,car_agent_01,walk,walk,290450.0530434782,2780719.23826087,0,in_leg,,,,,,,,,,2,"home,work"
31890,8:51:30,pt_agent_04,walk,walk,301747.1854054054,2611039.1123492722,0,in_leg,,,,,,,,,,2,"home,work"
31899,8:51:39,car_agent_01,walk,walk,290451.4982608695,2780708.6595652173,0,in_leg,,,,,,,,,,2,"home,work"
31900,8:51:40,pt_agent_04,walk,walk,301747.73270270275,2611049.7823284823,0,in_leg,,,,,,,,,,2,"home,work"
31909,8:51:49,car_agent_01,walk,walk,290452.94347826083,2780698.0808695653,0,in_leg,,,,,,,,,,2,"home,work"
31910,8:51:50,pt_agent_04,walk,walk,301748.28,2611060.4523076923,0,in_leg,,,,,,,,,,2,"home,work"
31919,8:51:59,car_agent_01,walk,walk,290454.38869565213,2780687.502173913,0,in_leg,,,,,,,,,,2,"home,work"
31920,8:52:00,pt_agent_04,walk,walk,301748.8272972973,2611071.1222869023,0,in_leg,,,,,,,,,,2,"home,work"
31929,8:52:09,car_agent_01,walk,walk,290455.8339130435,2780676.923478261,0,in_leg,,,,,,,,,,2,"home,work"
31930,8:52:10,pt_agent_04,walk,walk,301749.37459459464,2611081.7922661123,0,in_leg,,,,,,,,,,2,"home,work"
31939,8:52:19,car_agent_01,walk,walk,290457.2791304348,2780666.344782609,0,in_leg,,,,,,,,,,2,"home,work"
31940,8:52:20,pt_agent_04,walk,walk,301749.9218918919,2611092.4622453223,0,in_leg,,,,,,,,,,2,"home,work"
31949,8:52:29,car_agent_01,walk,walk,290458.7243478261,2780655.7660869565,0,in_leg,,,,,,,,,,2,"home,work"
31950,8:52:30,pt_agent_04,walk,walk,301750.4691891892,2611103.132224532,0,in_leg,,,,,,,,,,2,"home,work"
31959,8:52:39,car_agent_01,walk,walk,290460.1695652174,2780645.1873913044,0,in_leg,,,,,,,,,,2,"home,work"
31960,8:52:40,pt_agent_04,walk,walk,301751.01648648654,2611113.802203742,0,in_leg,,,,,,,,,,2,"home,work"
31969,8:52:49,car_agent_01,walk,walk,290461.6147826087,2780634.6086956523,0,in_leg,,,,,,,,,,2,"home,work"
31970,8:52:50,pt_agent_04,walk,walk,301751.5637837838,2611124.472182952,0,in_leg,,,,,,,,,,2,"home,work"
31978,8:52:58,car_agent_01,walk,walk,290463.06,2780624.0300000003,0,in_leg,,,,,work,1,pt_metro_R25_UP_pt_metro_R26_UP,0.49114011727826334,spatial,2,"home,work"
31980,8:53:00,pt_agent_04,walk,walk,301752.1110810811,2611135.142162162,0,in_leg,,,,,,,,,,2,"home,work"
31988,8:53:08,car_agent_01,walk,walk,290464.5052173913,2780613.451304348,0,in_leg,,,,,work,1,pt_metro_R25_UP_pt_metro_R26_UP,0.4804631582070974,spatial,2,"home,work"
31990,8:53:10,pt_agent_04,walk,walk,301752.65837837843,2611145.812141372,0,in_leg,,,,,,,,,,2,"home,work"
31998,8:53:18,car_agent_01,walk,walk,290465.9504347826,2780602.8726086956,0,in_leg,,,,,work,1,pt_metro_R25_UP_pt_metro_R26_UP,0.4697861991354701,spatial,2,"home,work"
32000,8:53:20,pt_agent_04,walk,walk,301753.2056756757,2611156.482120582,0,in_leg,,,,,,,,,,2,"home,work"
32008,8:53:28,car_agent_01,walk,walk,290467.3956521739,2780592.2939130436,0,in_leg,,,,,work,1,pt_metro_R25_UP_pt_metro_R26_UP,0.4591092400643041,spatial,2,"home,work"
32010,8:53:30,pt_agent_04,walk,walk,301753.752972973,2611167.152099792,0,in_leg,,,,,,,,,,2,"home,work"
32018,8:53:38,car_agent_01,walk,walk,290468.8408695652,2780581.7152173915,0,in_leg,,,,,work,1,pt_metro_R25_UP_pt_metro_R26_UP,0.44843228099313814,spatial,2,"home,work"
32020,8:53:40,pt_agent_04,walk,walk,301754.3002702703,2611177.822079002,0,in_leg,,,,,,,,,,2,"home,work"
32028,8:53:48,car_agent_01,walk,walk,290470.2860869565,2780571.1365217394,0,in_leg,,,,,work,1,pt_metro_R25_UP_pt_metro_R26_UP,0.4377553219219722,spatial,2,"home,work"
32030,8:53:50,pt_agent_04,walk,walk,301754.8475675676,2611188.492058212,0,in_leg,,,,,,,,,,2,"home,work"
32038,8:53:58,car_agent_01,walk,walk,290471.7313043478,2780560.557826087,0,in_leg,,,,,work,1,pt_metro_R25_UP_pt_metro_R26_UP,0.4270783628503449,spatial,2,"home,work"
32040,8:54:00,pt_agent_04,walk,walk,301755.3948648649,2611199.162037422,0,in_leg,,,,,,,,,,2,"home,work"
32048,8:54:08,car_agent_01,walk,walk,290473.1765217391,2780549.979130435,0,in_leg,,,,,work,1,pt_metro_R25_UP_pt_metro_R26_UP,0.41640140377917895,spatial,2,"home,work"
32050,8:54:10,pt_agent_04,walk,walk,301755.9421621622,2611209.832016632,0,in_leg,,,,,,,,,,2,"home,work"
32058,8:54:18,car_agent_01,walk,walk,290474.6217391304,2780539.4004347827,0,in_leg,,,,,work,1,pt_metro_R25_UP_pt_metro_R26_UP,0.405724444708013,spatial,2,"home,work"
32060,8:54:20,pt_agent_04,walk,walk,301756.4894594595,2611220.501995842,0,in_leg,,,,,,,,,,2,"home,work"
32068,8:54:28,car_agent_01,walk,walk,290476.0669565217,2780528.8217391307,0,in_leg,,,,,work,1,pt_metro_R25_UP_pt_metro_R26_UP,0.39504748563684705,spatial,2,"home,work"
32070,8:54:30,pt_agent_04,walk,walk,301757.0367567568,2611231.171975052,0,in_leg,,,,,,,,,,2,"home,work"
32078,8:54:38,car_agent_01,walk,walk,290477.512173913,2780518.2430434786,0,in_leg,,,,,work,1,pt_metro_R25_UP_pt_metro_R26_UP,0.38437052656568105,spatial,2,"home,work"
32080,8:54:40,pt_agent_04,walk,walk,301757.5840540541,2611241.841954262,0,in_leg,,,,,,,,,,2,"home,work"
32088,8:54:48,car_agent_01,walk,walk,290478.9573913043,2780507.664347826,0,in_leg,,,,,work,1,pt_metro_R25_UP_pt_metro_R26_UP,0.37369356749405375,spatial,2,"home,work"
32090,8:54:50,pt_agent_04,walk,walk,301758.1313513514,2611252.5119334715,0,in_leg,,,,,,,,,,2,"home,work"
32098,8:54:58,car_agent_01,walk,walk,290480.4026086956,2780497.085652174,0,in_leg,,,,,work,1,pt_metro_R25_UP_pt_metro_R26_UP,0.36301660842288785,spatial,2,"home,work"
32100,8:55:00,pt_agent_04,walk,walk,301758.67864864867,2611263.1819126816,0,in_leg,,,,,,,,,,2,"home,work"
32108,8:55:08,car_agent_01,walk,walk,290481.8478260869,2780486.506956522,0,in_leg,,,,,work,1,pt_metro_R25_UP_pt_metro_R26_UP,0.35233964935172185,spatial,2,"home,work"
32110,8:55:10,pt_agent_04,walk,walk,301759.22594594595,2611273.8518918916,0,in_leg,,,,,,,,,,2,"home,work"
32118,8:55:18,car_agent_01,walk,walk,290483.2930434782,2780475.92826087,0,in_leg,,,,,work,1,pt_metro_R25_UP_pt_metro_R26_UP,0.3416626902805559,spatial,2,"home,work"
32120,8:55:20,pt_agent_04,walk,walk,301759.7732432433,2611284.5218711016,0,in_leg,,,,,,,,,,2,"home,work"
32128,8:55:28,car_agent_01,walk,walk,290484.7382608695,2780465.3495652177,0,in_leg,,,,,work,1,pt_metro_R25_UP_pt_metro_R26_UP,0.33098573120938996,spatial,2,"home,work"
32130,8:55:30,pt_agent_04,walk,walk,301760.32054054056,2611295.1918503116,0,in_leg,,,,,,,,,,2,"home,work"
32138,8:55:38,car_agent_01,walk,walk,290486.1834782609,2780454.770869565,0,in_leg,,,,,work,1,pt_metro_R25_UP_pt_metro_R26_UP,0.3203087721377547,spatial,2,"home,work"
32140,8:55:40,pt_agent_04,walk,walk,301760.86783783784,2611305.8618295216,0,in_leg,,,,,,,,,,2,"home,work"
32148,8:55:48,car_agent_01,walk,walk,290487.6286956522,2780444.192173913,0,in_leg,,,,,work,1,pt_metro_R25_UP_pt_metro_R26_UP,0.30963181306658877,spatial,2,"home,work"
32150,8:55:50,pt_agent_04,walk,walk,301761.4151351352,2611316.5318087316,0,in_leg,,,,,,,,,,2,"home,work"
32158,8:55:58,car_agent_01,walk,walk,290489.0739130435,2780433.613478261,0,in_leg,,,,,work,1,pt_metro_R25_UP_pt_metro_R26_UP,0.2989548539954229,spatial,2,"home,work"
32160,8:56:00,pt_agent_04,walk,walk,301761.96243243245,2611327.2017879416,0,in_leg,,,,,,,,,,2,"home,work"
32168,8:56:08,car_agent_01,walk,walk,290490.5191304348,2780423.034782609,0,in_leg,,,,,work,1,pt_metro_R25_UP_pt_metro_R26_UP,0.28827789492425687,spatial,2,"home,work"
32170,8:56:10,pt_agent_04,walk,walk,301762.50972972973,2611337.8717671516,0,in_leg,,,,,,,,,,2,"home,work"
32178,8:56:18,car_agent_01,walk,walk,290491.9643478261,2780412.456086957,0,in_leg,,,,,work,1,pt_metro_R25_UP_pt_metro_R26_UP,0.2776009358530909,spatial,2,"home,work"
32180,8:56:20,pt_agent_04,walk,walk,301763.05702702707,2611348.5417463616,0,in_leg,,,,,,,,,,2,"home,work"
32188,8:56:28,car_agent_01,walk,walk,290493.4095652174,2780401.8773913044,0,in_leg,,,,,work,1,pt_metro_R25_UP_pt_metro_R26_UP,0.26692397678146357,spatial,2,"home,work"
32190,8:56:30,pt_agent_04,walk,walk,301763.60432432435,2611359.2117255717,0,in_leg,,,,,,,,,,2,"home,work"
32198,8:56:38,car_agent_01,walk,walk,290494.8547826087,2780391.2986956523,0,in_leg,,,,,work,1,pt_metro_R25_UP_pt_metro_R26_UP,0.2562470177102977,spatial,2,"home,work"
32200,8:56:40,pt_agent_04,walk,walk,301764.1516216216,2611369.8817047817,0,in_leg,,,,,,,,,,2,"home,work"
32208,8:56:48,car_agent_01,walk,walk,290496.3,2780380.72,0,in_leg,,,,,work,1,pt_metro_R25_UP_pt_metro_R26_UP,0.24557005863913167,spatial,2,"home,work"
32210,8:56:50,pt_agent_04,walk,walk,301764.69891891896,2611380.5516839917,0,in_leg,,,,,,,,,,2,"home,work"
32218,8:56:58,car_agent_01,walk,walk,290497.7452173913,2780370.141304348,0,in_leg,,,,,work,1,pt_metro_R25_UP_pt_metro_R26_UP,0.23489309956796575,spatial,2,"home,work"
32220,8:57:00,pt_agent_04,walk,walk,301765.24621621624,2611391.2216632017,0,in_leg,,,,,,,,,,2,"home,work"
32228,8:57:08,car_agent_01,walk,walk,290499.1904347826,2780359.5626086956,0,in_leg,,,,,work,1,pt_metro_R25_UP_pt_metro_R26_UP,0.2242161404963384,spatial,2,"home,work"
32230,8:57:10,pt_agent_04,walk,walk,301765.7935135135,2611401.8916424112,0,in_leg,,,,,,,,,,2,"home,work"
32238,8:57:18,car_agent_01,walk,walk,290500.6356521739,2780348.9839130435,0,in_leg,,,,,work,1,pt_metro_R25_UP_pt_metro_R26_UP,0.21353918142517245,spatial,2,"home,work"
32240,8:57:20,pt_agent_04,walk,walk,301766.34081081086,2611412.5616216213,0,in_leg,,,,,,,,,,2,"home,work"
32248,8:57:28,car_agent_01,walk,walk,290502.0808695652,2780338.4052173914,0,in_leg,,,,,work,1,pt_metro_R25_UP_pt_metro_R26_UP,0.2028622223540065,spatial,2,"home,work"
32250,8:57:30,pt_agent_04,walk,walk,301766.88810810813,2611423.2316008313,0,in_leg,,,,,,,,,,2,"home,work"
32258,8:57:38,car_agent_01,walk,walk,290503.5260869565,2780327.8265217394,0,in_leg,,,,,work,1,pt_metro_R25_UP_pt_metro_R26_UP,0.19218526328284052,spatial,2,"home,work"
32260,8:57:40,pt_agent_04,walk,walk,301767.4354054054,2611433.9015800413,0,in_leg,,,,,,,,,,2,"home,work"
32268,8:57:48,car_agent_01,walk,walk,290504.9713043478,2780317.2478260873,0,in_leg,,,,,work,1,pt_metro_R25_UP_pt_metro_R26_UP,0.18150830421167458,spatial,2,"home,work"
32270,8:57:50,pt_agent_04,walk,walk,301767.98270270275,2611444.5715592513,0,in_leg,,,,,,,,,,2,"home,work"
32278,8:57:58,car_agent_01,walk,walk,290506.4165217391,2780306.6691304347,0,in_leg,,,,,work,1,pt_metro_R25_UP_pt_metro_R26_UP,0.17083134514004727,spatial,2,"home,work"
32280,8:58:00,pt_agent_04,walk,walk,301768.53,2611455.2415384613,0,in_leg,,,,,,,,,,2,"home,work"
32288,8:58:08,car_agent_01,walk,walk,290507.8617391304,2780296.0904347827,0,in_leg,,,,,work,1,pt_metro_R25_UP_pt_metro_R26_UP,0.1601543860688813,spatial,2,"home,work"
32290,8:58:10,pt_agent_04,walk,walk,301769.0772972973,2611465.9115176713,0,in_leg,,,,,,,,,,2,"home,work"
32298,8:58:18,car_agent_01,walk,walk,290509.3069565217,2780285.5117391306,0,in_leg,,,,,work,1,pt_metro_R25_UP_pt_metro_R26_UP,0.14947742699771535,spatial,2,"home,work"
32300,8:58:20,pt_agent_04,walk,walk,301769.62459459464,2611476.5814968813,0,in_leg,,,,,,,,,,2,"home,work"
32308,8:58:28,car_agent_01,walk,walk,290510.752173913,2780274.9330434785,0,in_leg,,,,,work,1,pt_metro_R25_UP_pt_metro_R26_UP,0.1388004679265494,spatial,2,"home,work"
32310,8:58:30,pt_agent_04,walk,walk,301770.1718918919,2611487.2514760913,0,in_leg,,,,,,,,,,2,"home,work"
32318,8:58:38,car_agent_01,walk,walk,290512.1973913043,2780264.3543478264,0,in_leg,,,,,work,1,pt_metro_R25_UP_pt_metro_R26_UP,0.12812350885538346,spatial,2,"home,work"
32320,8:58:40,pt_agent_04,walk,walk,301770.7191891892,2611497.9214553013,0,in_leg,,,,,,,,,,2,"home,work"
32328,8:58:48,car_agent_01,walk,walk,290513.6426086956,2780253.775652174,0,in_leg,,,,,work,1,pt_metro_R25_UP_pt_metro_R26_UP,0.11744654978375611,spatial,2,"home,work"
32330,8:58:50,pt_agent_04,walk,walk,301771.26648648654,2611508.5914345114,0,in_leg,,,,,,,,,,2,"home,work"
32338,8:58:58,car_agent_01,walk,walk,290515.08782608696,2780243.196956522,0,in_leg,,,,,work,1,pt_metro_R25_UP_pt_metro_R26_UP,0.10676959071258228,spatial,2,"home,work"
32340,8:59:00,pt_agent_04,walk,walk,301771.8137837838,2611519.2614137214,0,in_leg,,,,,,,,,,2,"home,work"
32348,8:59:08,car_agent_01,walk,walk,290516.53304347827,2780232.6182608698,0,in_leg,,,,,work,1,pt_metro_R25_UP_pt_metro_R26_UP,0.09609263164141633,spatial,2,"home,work"
32350,8:59:10,pt_agent_04,walk,walk,301772.3610810811,2611529.9313929314,0,in_leg,,,,,,,,,,2,"home,work"
32358,8:59:18,car_agent_01,walk,walk,290517.97826086957,2780222.0395652177,0,in_leg,,,,,work,1,pt_metro_R25_UP_pt_metro_R26_UP,0.08541567257025037,spatial,2,"home,work"
32360,8:59:20,pt_agent_04,walk,walk,301772.90837837843,2611540.6013721414,0,in_leg,,,,,,,,,,2,"home,work"
32368,8:59:28,car_agent_01,walk,walk,290519.42347826087,2780211.460869565,0,in_leg,,,,,work,1,pt_metro_R25_UP_pt_metro_R26_UP,0.07473871349862306,spatial,2,"home,work"
32370,8:59:30,pt_agent_04,walk,walk,301773.4556756757,2611551.2713513514,0,in_leg,,,,,,,,,,2,"home,work"
32378,8:59:38,car_agent_01,walk,walk,290520.86869565217,2780200.882173913,0,in_leg,,,,,work,1,pt_metro_R25_UP_pt_metro_R26_UP,0.06406175442745711,spatial,2,"home,work"
32380,8:59:40,pt_agent_04,walk,walk,301774.002972973,2611561.941330561,0,in_leg,,,,,,,,,,2,"home,work"
32388,8:59:48,car_agent_01,walk,walk,290522.3139130435,2780190.303478261,0,in_leg,,,,,work,1,pt_metro_R25_UP_pt_metro_R26_UP,0.05338479535629114,spatial,2,"home,work"
32390,8:59:50,pt_agent_04,walk,walk,301774.5502702703,2611572.611309771,0,in_leg,,,,,,,,,,2,"home,work"
32398,8:59:58,car_agent_01,walk,walk,290523.7591304348,2780179.724782609,0,in_leg,,,,,work,1,pt_metro_R25_UP_pt_metro_R26_UP,0.042707836285125186,spatial,2,"home,work"
32400,9:00:00,pt_agent_04,walk,walk,301775.0975675676,2611583.281288981,0,in_leg,,,,,,,,,,2,"home,work"
32408,9:00:08,car_agent_01,walk,walk,290525.2043478261,2780169.146086957,0,in_leg,,,,,work,1,pt_metro_R25_UP_pt_metro_R26_UP,0.03203087721395924,spatial,2,"home,work"
32410,9:00:10,pt_agent_04,walk,walk,301775.6448648649,2611593.951268191,0,in_leg,,,,,,,,,,2,"home,work"
32418,9:00:18,car_agent_01,walk,walk,290526.6495652174,2780158.5673913043,0,in_leg,,,,,work,1,pt_metro_R25_UP_pt_metro_R26_UP,0.021353918142331906,spatial,2,"home,work"
32420,9:00:20,pt_agent_04,walk,walk,301776.1921621622,2611604.621247401,0,in_leg,,,,,,,,,,2,"home,work"
32428,9:00:28,car_agent_01,walk,walk,290528.0947826087,2780147.988695652,0,in_leg,,,,,work,1,pt_metro_R25_UP_pt_metro_R26_UP,0.010676959071165953,spatial,2,"home,work"
32430,9:00:30,pt_agent_04,walk,walk,301776.7394594595,2611615.291226611,0,in_leg,,,,,,,,,,2,"home,work"
32438,9:00:38,car_agent_01,walk,walk,290529.54,2780137.41,0,in_leg,,,,,work,1,pt_metro_R25_UP_pt_metro_R26_UP,0.0,spatial,2,"home,work"
32440,9:00:40,pt_agent_04,walk,walk,301777.2867567568,2611625.961205821,0,in_leg,,,,,,,,,,2,"home,work"
32450,9:00:50,pt_agent_04,walk,walk,301777.8340540541,2611636.631185031,0,in_leg,,,,,,,,,,2,"home,work"
32460,9:01:00,pt_agent_04,walk,walk,301778.3813513514,2611647.301164241,0,in_leg,,,,,,,,,,2,"home,work"
32470,9:01:10,pt_agent_04,walk,walk,301778.92864864867,2611657.971143451,0,in_leg,,,,,,,,,,2,"home,work"
32480,9:01:20,pt_agent_04,walk,walk,301779.47594594595,2611668.641122661,0,in_leg,,,,,,,,,,2,"home,work"
32490,9:01:30,pt_agent_04,walk,walk,301780.0232432433,2611679.311101871,0,in_leg,,,,,,,,,,2,"home,work"
32500,9:01:40,pt_agent_04,walk,walk,301780.57054054056,2611689.981081081,0,in_leg,,,,,,,,,,2,"home,work"
32510,9:01:50,pt_agent_04,walk,walk,301781.11783783784,2611700.651060291,0,in_leg,,,,,,,,,,2,"home,work"
32520,9:02:00,pt_agent_04,walk,walk,301781.6651351352,2611711.3210395006,0,in_leg,,,,,,,,,,2,"home,work"
32530,9:02:10,pt_agent_04,walk,walk,301782.21243243245,2611721.9910187107,0,in_leg,,,,,,,,,,2,"home,work"
32540,9:02:20,pt_agent_04,walk,walk,301782.75972972973,2611732.6609979207,0,in_leg,,,,,,,,,,2,"home,work"
32550,9:02:30,pt_agent_04,walk,walk,301783.30702702707,2611743.3309771307,0,in_leg,,,,,,,,,,2,"home,work"
32560,9:02:40,pt_agent_04,walk,walk,301783.85432432435,2611754.0009563407,0,in_leg,,,,,work,1,pt_bus_THB145968_pt_bus_THB238319,0.4914642899175883,spatial,2,"home,work"
32570,9:02:50,pt_agent_04,walk,walk,301784.4016216216,2611764.6709355507,0,in_leg,,,,,work,1,pt_bus_THB145968_pt_bus_THB238319,0.48078028361500263,spatial,2,"home,work"
32580,9:03:00,pt_agent_04,walk,walk,301784.94891891896,2611775.3409147607,0,in_leg,,,,,work,1,pt_bus_THB145968_pt_bus_THB238319,0.47009627731241405,spatial,2,"home,work"
32590,9:03:10,pt_agent_04,walk,walk,301785.49621621624,2611786.0108939707,0,in_leg,,,,,work,1,pt_bus_THB145968_pt_bus_THB238319,0.45941227100982845,spatial,2,"home,work"
32600,9:03:20,pt_agent_04,walk,walk,301786.0435135135,2611796.6808731807,0,in_leg,,,,,work,1,pt_bus_THB145968_pt_bus_THB238319,0.4487282647072428,spatial,2,"home,work"
32610,9:03:30,pt_agent_04,walk,walk,301786.59081081086,2611807.3508523908,0,in_leg,,,,,work,1,pt_bus_THB145968_pt_bus_THB238319,0.43804425840465416,spatial,2,"home,work"
32620,9:03:40,pt_agent_04,walk,walk,301787.13810810813,2611818.0208316008,0,in_leg,,,,,work,1,pt_bus_THB145968_pt_bus_THB238319,0.42736025210206857,spatial,2,"home,work"
32630,9:03:50,pt_agent_04,walk,walk,301787.6854054054,2611828.690810811,0,in_leg,,,,,work,1,pt_bus_THB145968_pt_bus_THB238319,0.416676245799483,spatial,2,"home,work"
32640,9:04:00,pt_agent_04,walk,walk,301788.23270270275,2611839.360790021,0,in_leg,,,,,work,1,pt_bus_THB145968_pt_bus_THB238319,0.40599223949689434,spatial,2,"home,work"
32650,9:04:10,pt_agent_04,walk,walk,301788.78,2611850.030769231,0,in_leg,,,,,work,1,pt_bus_THB145968_pt_bus_THB238319,0.39530823319430874,spatial,2,"home,work"
32660,9:04:20,pt_agent_04,walk,walk,301789.3272972973,2611860.700748441,0,in_leg,,,,,work,1,pt_bus_THB145968_pt_bus_THB238319,0.3846242268917231,spatial,2,"home,work"
32670,9:04:30,pt_agent_04,walk,walk,301789.87459459464,2611871.3707276504,0,in_leg,,,,,work,1,pt_bus_THB145968_pt_bus_THB238319,0.3739402205895996,spatial,2,"home,work"
32680,9:04:40,pt_agent_04,walk,walk,301790.4218918919,2611882.0407068604,0,in_leg,,,,,work,1,pt_bus_THB145968_pt_bus_THB238319,0.3632562142870139,spatial,2,"home,work"
32690,9:04:50,pt_agent_04,walk,walk,301790.9691891892,2611892.7106860704,0,in_leg,,,,,work,1,pt_bus_THB145968_pt_bus_THB238319,0.3525722079844283,spatial,2,"home,work"
32700,9:05:00,pt_agent_04,walk,walk,301791.51648648654,2611903.3806652804,0,in_leg,,,,,work,1,pt_bus_THB145968_pt_bus_THB238319,0.3418882016818397,spatial,2,"home,work"
32710,9:05:10,pt_agent_04,walk,walk,301792.0637837838,2611914.0506444904,0,in_leg,,,,,work,1,pt_bus_THB145968_pt_bus_THB238319,0.33120419537925405,spatial,2,"home,work"
32720,9:05:20,pt_agent_04,walk,walk,301792.6110810811,2611924.7206237004,0,in_leg,,,,,work,1,pt_bus_THB145968_pt_bus_THB238319,0.3205201890766684,spatial,2,"home,work"
32730,9:05:30,pt_agent_04,walk,walk,301793.15837837843,2611935.3906029104,0,in_leg,,,,,work,1,pt_bus_THB145968_pt_bus_THB238319,0.3098361827740798,spatial,2,"home,work"
32740,9:05:40,pt_agent_04,walk,walk,301793.7056756757,2611946.0605821204,0,in_leg,,,,,work,1,pt_bus_THB145968_pt_bus_THB238319,0.2991521764714942,spatial,2,"home,work"
32750,9:05:50,pt_agent_04,walk,walk,301794.252972973,2611956.7305613304,0,in_leg,,,,,work,1,pt_bus_THB145968_pt_bus_THB238319,0.2884681701689086,spatial,2,"home,work"
32760,9:06:00,pt_agent_04,walk,walk,301794.8002702703,2611967.4005405405,0,in_leg,,,,,work,1,pt_bus_THB145968_pt_bus_THB238319,0.27778416386632,spatial,2,"home,work"
32770,9:06:10,pt_agent_04,walk,walk,301795.3475675676,2611978.0705197505,0,in_leg,,,,,work,1,pt_bus_THB145968_pt_bus_THB238319,0.26710015756373434,spatial,2,"home,work"
32780,9:06:20,pt_agent_04,walk,walk,301795.8948648649,2611988.7404989605,0,in_leg,,,,,work,1,pt_bus_THB145968_pt_bus_THB238319,0.25641615126114875,spatial,2,"home,work"
32790,9:06:30,pt_agent_04,walk,walk,301796.4421621622,2611999.4104781705,0,in_leg,,,,,work,1,pt_bus_THB145968_pt_bus_THB238319,0.24573214495856013,spatial,2,"home,work"
32800,9:06:40,pt_agent_04,walk,walk,301796.9894594595,2612010.0804573805,0,in_leg,,,,,work,1,pt_bus_THB145968_pt_bus_THB238319,0.2350481386559745,spatial,2,"home,work"
32810,9:06:50,pt_agent_04,walk,walk,301797.5367567568,2612020.75043659,0,in_leg,,,,,work,1,pt_bus_THB145968_pt_bus_THB238319,0.22436413235385394,spatial,2,"home,work"
32820,9:07:00,pt_agent_04,walk,walk,301798.0840540541,2612031.4204158,0,in_leg,,,,,work,1,pt_bus_THB145968_pt_bus_THB238319,0.21368012605126532,spatial,2,"home,work"
32830,9:07:10,pt_agent_04,walk,walk,301798.6313513514,2612042.09039501,0,in_leg,,,,,work,1,pt_bus_THB145968_pt_bus_THB238319,0.20299611974867968,spatial,2,"home,work"
32840,9:07:20,pt_agent_04,walk,walk,301799.17864864867,2612052.76037422,0,in_leg,,,,,work,1,pt_bus_THB145968_pt_bus_THB238319,0.19231211344609406,spatial,2,"home,work"
32850,9:07:30,pt_agent_04,walk,walk,301799.72594594595,2612063.43035343,0,in_leg,,,,,work,1,pt_bus_THB145968_pt_bus_THB238319,0.18162810714350847,spatial,2,"home,work"
32860,9:07:40,pt_agent_04,walk,walk,301800.2732432433,2612074.10033264,0,in_leg,,,,,work,1,pt_bus_THB145968_pt_bus_THB238319,0.17094410084091985,spatial,2,"home,work"
32870,9:07:50,pt_agent_04,walk,walk,301800.82054054056,2612084.77031185,0,in_leg,,,,,work,1,pt_bus_THB145968_pt_bus_THB238319,0.1602600945383342,spatial,2,"home,work"
32880,9:08:00,pt_agent_04,walk,walk,301801.36783783784,2612095.44029106,0,in_leg,,,,,work,1,pt_bus_THB145968_pt_bus_THB238319,0.14957608823574858,spatial,2,"home,work"
32890,9:08:10,pt_agent_04,walk,walk,301801.9151351352,2612106.11027027,0,in_leg,,,,,work,1,pt_bus_THB145968_pt_bus_THB238319,0.13889208193316,spatial,2,"home,work"
32900,9:08:20,pt_agent_04,walk,walk,301802.46243243245,2612116.78024948,0,in_leg,,,,,work,1,pt_bus_THB145968_pt_bus_THB238319,0.12820807563057438,spatial,2,"home,work"
32910,9:08:30,pt_agent_04,walk,walk,301803.00972972973,2612127.45022869,0,in_leg,,,,,work,1,pt_bus_THB145968_pt_bus_THB238319,0.11752406932798874,spatial,2,"home,work"
32920,9:08:40,pt_agent_04,walk,walk,301803.55702702707,2612138.1202079,0,in_leg,,,,,work,1,pt_bus_THB145968_pt_bus_THB238319,0.10684006302540014,spatial,2,"home,work"
32930,9:08:50,pt_agent_04,walk,walk,301804.10432432435,2612148.79018711,0,in_leg,,,,,work,1,pt_bus_THB145968_pt_bus_THB238319,0.0961560567228145,spatial,2,"home,work"
32940,9:09:00,pt_agent_04,walk,walk,301804.6516216216,2612159.46016632,0,in_leg,,,,,work,1,pt_bus_THB145968_pt_bus_THB238319,0.08547205042022889,spatial,2,"home,work"
32950,9:09:10,pt_agent_04,walk,walk,301805.19891891896,2612170.1301455298,0,in_leg,,,,,work,1,pt_bus_THB145968_pt_bus_THB238319,0.07478804411810533,spatial,2,"home,work"
32960,9:09:20,pt_agent_04,walk,walk,301805.74621621624,2612180.8001247398,0,in_leg,,,,,work,1,pt_bus_THB145968_pt_bus_THB238319,0.06410403781551971,spatial,2,"home,work"
32970,9:09:30,pt_agent_04,walk,walk,301806.2935135135,2612191.47010395,0,in_leg,,,,,work,1,pt_bus_THB145968_pt_bus_THB238319,0.053420031512934084,spatial,2,"home,work"
32980,9:09:40,pt_agent_04,walk,walk,301806.84081081086,2612202.14008316,0,in_leg,,,,,work,1,pt_bus_THB145968_pt_bus_THB238319,0.042736025210345474,spatial,2,"home,work"
32990,9:09:50,pt_agent_04,walk,walk,301807.38810810813,2612212.81006237,0,in_leg,,,,,work,1,pt_bus_THB145968_pt_bus_THB238319,0.032052018907759855,spatial,2,"home,work"
33000,9:10:00,pt_agent_04,walk,walk,301807.9354054054,2612223.48004158,0,in_leg,,,,,work,1,pt_bus_THB145968_pt_bus_THB238319,0.02136801260517423,spatial,2,"home,work"
33010,9:10:10,pt_agent_04,walk,walk,301808.48270270275,2612234.15002079,0,in_leg,,,,,work,1,pt_bus_THB145968_pt_bus_THB238319,0.010684006302585623,spatial,2,"home,work"
33020,9:10:20,pt_agent_04,walk,walk,301809.03,2612244.82,0,in_leg,,,,,work,1,pt_bus_THB145968_pt_bus_THB238319,0.0,spatial,2,"home,work"
43200,12:00:00,walk_agent_01,walk,walk,290177.32,2780920.59,1,in_leg,,,,,work,1,pt_metro_R28_DN,0.0,spatial,2,"home,work"
43210,12:00:10,walk_agent_01,walk,walk,290177.0014285714,2780930.98,1,in_leg,,,,,work,1,pt_metro_R28_DN,0.010394882767873124,spatial,2,"home,work"
43219,12:00:19,walk_agent_01,walk,walk,290176.6828571429,2780941.3699999996,1,in_leg,,,,,work,1,pt_metro_R28_DN,0.020789765535279024,spatial,2,"home,work"
43229,12:00:29,walk_agent_01,walk,walk,290176.3642857143,2780951.76,1,in_leg,,,,,work,1,pt_metro_R28_DN,0.031184648303152148,spatial,2,"home,work"
43239,12:00:39,walk_agent_01,walk,walk,290176.04571428575,2780962.15,1,in_leg,,,,,work,1,pt_metro_R28_DN,0.04157953107102349,spatial,2,"home,work"
43249,12:00:49,walk_agent_01,walk,walk,290175.72714285715,2780972.54,1,in_leg,,,,,work,1,pt_metro_R28_DN,0.051974413838896616,spatial,2,"home,work"
43258,12:00:58,walk_agent_01,walk,walk,290175.40857142856,2780982.9299999997,1,in_leg,,,,,work,1,pt_metro_R28_DN,0.062369296606304296,spatial,2,"home,work"
43268,12:01:08,walk_agent_01,walk,walk,290175.09,2780993.32,1,in_leg,,,,,work,1,pt_metro_R28_DN,0.07276417937417565,spatial,2,"home,work"
43278,12:01:18,walk_agent_01,walk,walk,290174.77142857143,2781003.71,1,in_leg,,,,,work,1,pt_metro_R28_DN,0.08315906214204875,spatial,2,"home,work"
43287,12:01:27,walk_agent_01,walk,walk,290174.45285714284,2781014.0999999996,1,in_leg,,,,,work,1,pt_metro_R28_DN,0.09355394490945644,spatial,2,"home,work"
43297,12:01:37,walk_agent_01,walk,walk,290174.1342857143,2781024.4899999998,1,in_leg,,,,,work,1,pt_metro_R28_DN,0.10394882767732778,spatial,2,"home,work"
43307,12:01:47,walk_agent_01,walk,walk,290173.8157142857,2781034.88,1,in_leg,,,,,home,0,pt_metro_R28_DN,0.10394882767732778,spatial,2,"home,work"
43317,12:01:57,walk_agent_01,walk,walk,290173.4971428572,2781045.27,1,in_leg,,,,,home,0,pt_metro_R28_DN,0.09355394490945644,spatial,2,"home,work"
43326,12:02:06,walk_agent_01,walk,walk,290173.1785714286,2781055.6599999997,1,in_leg,,,,,home,0,pt_metro_R28_DN,0.08315906214204875,spatial,2,"home,work"
43336,12:02:16,walk_agent_01,walk,walk,290172.86,2781066.05,1,in_leg,,,,,home,0,pt_metro_R28_DN,0.07276417937417565,spatial,2,"home,work"
43346,12:02:26,walk_agent_01,walk,walk,290172.54142857145,2781076.44,1,in_leg,,,,,home,0,pt_metro_R28_DN,0.062369296606304296,spatial,2,"home,work"
43355,12:02:35,walk_agent_01,walk,walk,290172.22285714286,2781086.8299999996,1,in_leg,,,,,home,0,pt_metro_R28_DN,0.051974413838896616,spatial,2,"home,work"
43365,12:02:45,walk_agent_01,walk,walk,290171.90428571426,2781097.2199999997,1,in_leg,,,,,home,0,pt_metro_R28_DN,0.04157953107102349,spatial,2,"home,work"
43375,12:02:55,walk_agent_01,walk,walk,290171.5857142857,2781107.61,1,in_leg,,,,,home,0,pt_metro_R28_DN,0.031184648303152148,spatial,2,"home,work"
43385,12:03:05,walk_agent_01,walk,walk,290171.26714285713,2781118.0,1,in_leg,,,,,home,0,pt_metro_R28_DN,0.020789765535279024,spatial,2,"home,work"
43394,12:03:14,walk_agent_01,walk,walk,290170.9485714286,2781128.3899999997,1,in_leg,,,,,home,0,pt_metro_R28_DN,0.010394882767873124,spatial,2,"home,work"
43404,12:03:24,walk_agent_01,walk,walk,290170.63,2781138.78,1,in_leg,,,,,home,0,pt_metro_R28_DN,0.0,spatial,2,"home,work"
50400,14:00:00,mixed_agent_01,walk,walk,304831.98,2763155.91,3,in_leg,,,,,work,3,pt_metro_G03_DN_pt_metro_G02_DN,0.0,spatial,3,"home,pt interaction,work"
50408,14:00:08,mixed_agent_01,walk,walk,304826.1503563398,2763161.97982438,3,in_leg,,,,,work,3,pt_metro_G03_DN_pt_metro_G02_DN,0.008415908341169853,spatial,3,"home,pt interaction,work"
50416,14:00:16,mixed_agent_01,walk,walk,304820.32071267965,2763168.0496487604,3,in_leg,,,,,pt interaction,2,pt_metro_G03_DN,0.0,spatial,3,"home,pt interaction,work"
50495,14:01:35,mixed_agent_01,subway,pt,304820.32071267965,2763168.0496487604,4,in_leg,,metro_Green,metro_Green_0_1_3960,subway,pt interaction,2,pt_metro_G03_DN,0.0,spatial,3,"home,pt interaction,work"
50495,14:01:35,mixed_agent_01,subway,pt,304655.8002825853,2763979.8522058716,4,in_leg,,metro_Green,metro_Green_0_1_3960,subway,,,,,,3,"home,pt interaction,work"
50495,14:01:35,mixed_agent_01,subway,pt,304588.286747198,2765083.379502182,4,in_leg,,metro_Green,metro_Green_0_1_3960,subway,,,,,,3,"home,pt interaction,work"
50505,14:01:45,mixed_agent_01,subway,pt,304805.3643099438,2763241.849881225,4,in_leg,,metro_Green,metro_Green_0_1_3960,subway,pt interaction,2,pt_metro_G03_DN,0.07530051988268896,spatial,3,"home,pt interaction,work"
50505,14:01:45,mixed_agent_01,subway,pt,304653.09974116983,2764023.993297724,4,in_leg,,metro_Green,metro_Green_0_1_3960,subway,,,,,,3,"home,pt interaction,work"
50505,14:01:45,mixed_agent_01,subway,pt,304583.391674511,2765110.2143306383,4,in_leg,,metro_Green,metro_Green_0_1_3960,subway,,,,,,3,"home,pt interaction,work"
50514,14:01:54,mixed_agent_01,subway,pt,304790.40790720796,2763315.6501136897,4,in_leg,,metro_Green,metro_Green_0_1_3960,subway,pt interaction,2,pt_metro_G03_DN,0.1506010397658343,spatial,3,"home,pt interaction,work"
50515,14:01:55,mixed_agent_01,subway,pt,304650.39919975435,2764068.1343895765,4,in_leg,,metro_Green,metro_Green_0_1_3960,subway,,,,,,3,"home,pt interaction,work"
50515,14:01:55,mixed_agent_01,subway,pt,304578.49660182407,2765137.049159095,4,in_leg,,metro_Green,metro_Green_0_1_3960,subway,,,,,,3,"home,pt interaction,work"
50524,14:02:04,mixed_agent_01,subway,pt,304775.4515044721,2763389.450346154,4,in_leg,,metro_Green,metro_Green_0_1_3960,subway,pt interaction,2,pt_metro_G03_DN,0.22590155964852326,spatial,3,"home,pt interaction,work"
50524,14:02:04,mixed_agent_01,subway,pt,304647.69865833886,2764112.275481429,4,in_leg,,metro_Green,metro_Green_0_1_3960,subway,,,,,,3,"home,pt interaction,work"
50525,14:02:05,mixed_agent_01,subway,pt,304573.60152913706,2765163.8839875516,4,in_leg,,metro_Green,metro_Green_0_1_3960,subway,,,,,,3,"home,pt interaction,work"
50533,14:02:13,mixed_agent_01,subway,pt,304760.4951017363,2763463.250578619,4,in_leg,,metro_Green,metro_Green_0_1_3960,subway,pt interaction,2,pt_metro_G03_DN,0.3012020795316686,spatial,3,"home,pt interaction,work"
50534,14:02:14,mixed_agent_01,subway,pt,304644.9981169234,2764156.4165732814,4,in_leg,,metro_Green,metro_Green_0_1_3960,subway,,,,,,3,"home,pt interaction,work"
50534,14:02:14,mixed_agent_01,subway,pt,304568.70645645005,2765190.718816008,4,in_leg,,metro_Green,metro_Green_0_1_3960,subway,,,,,,3,"home,pt interaction,work"
50543,14:02:23,mixed_agent_01,subway,pt,304745.53869900043,2763537.0508110835,4,in_leg,,metro_Green,metro_Green_0_1_3960,subway,pt interaction,2,pt_metro_G03_DN,0.3765025994143576,spatial,3,"home,pt interaction,work"
50544,14:02:24,mixed_agent_01,subway,pt,304642.29757550784,2764200.557665134,4,in_leg,,metro_Green,metro_Green_0_1_3960,subway,,,,,,3,"home,pt interaction,work"
50544,14:02:24,mixed_agent_01,subway,pt,304563.81138376304,2765217.553644465,4,in_leg,,metro_Green,metro_Green_0_1_3960,subway,,,,,,3,"home,pt interaction,work"
50552,14:02:32,mixed_agent_01,subway,pt,304730.58229626453,2763610.8510435484,4,in_leg,,metro_Green,metro_Green_0_1_3960,subway,pt interaction,2,pt_metro_G03_DN,0.45180311929751443,spatial,3,"home,pt interaction,work"
50554,14:02:34,mixed_agent_01,subway,pt,304639.59703409235,2764244.6987569863,4,in_leg,,metro_Green,metro_Green_0_1_3960,subway,,,,,,3,"home,pt interaction,work"
50554,14:02:34,mixed_agent_01,subway,pt,304558.9163110761,2765244.388472921,4,in_leg,,metro_Green,metro_Green_0_1_3960,subway,,,,,,3,"home,pt interaction,work"
50562,14:02:42,mixed_agent_01,subway,pt,304715.6258935287,2763684.651276013,4,in_leg,,metro_Green,metro_Green_0_1_3960,subway,,,,,,3,"home,pt interaction,work"
50563,14:02:43,mixed_agent_01,subway,pt,304636.89649267687,2764288.8398488383,4,in_leg,,metro_Green,metro_Green_0_1_3960,subway,,,,,,3,"home,pt interaction,work"
50564,14:02:44,mixed_agent_01,subway,pt,304554.0212383891,2765271.223301378,4,in_leg,,metro_Green,metro_Green_0_1_3960,subway,,,,,,3,"home,pt interaction,work"
50571,14:02:51,mixed_agent_01,subway,pt,304700.66949079285,2763758.451508478,4,in_leg,,metro_Green,metro_Green_0_1_3960,subway,,,,,,3,"home,pt interaction,work"
50573,14:02:53,mixed_agent_01,subway,pt,304634.1959512614,2764332.9809406907,4,in_leg,,metro_Green,metro_Green_0_1_3960,subway,,,,,,3,"home,pt interaction,work"
50574,14:02:54,mixed_agent_01,subway,pt,304549.12616570207,2765298.0581298345,4,in_leg,,metro_Green,metro_Green_0_1_3960,subway,,,,,,3,"home,pt interaction,work"
50581,14:03:01,mixed_agent_01,subway,pt,304685.713088057,2763832.2517409422,4,in_leg,,metro_Green,metro_Green_0_1_3960,subway,,,,,,3,"home,pt interaction,work"
50583,14:03:03,mixed_agent_01,subway,pt,304631.4954098459,2764377.122032543,4,in_leg,,metro_Green,metro_Green_0_1_3960,subway,,,,,,3,"home,pt interaction,work"
50584,14:03:04,mixed_agent_01,subway,pt,304544.2310930151,2765324.892958291,4,in_leg,,metro_Green,metro_Green_0_1_3960,subway,,,,,,3,"home,pt interaction,work"
50590,14:03:10,mixed_agent_01,subway,pt,304670.75668532116,2763906.051973407,4,in_leg,,metro_Green,metro_Green_0_1_3960,subway,,,,,,3,"home,pt interaction,work"
50593,14:03:13,mixed_agent_01,subway,pt,304628.7948684304,2764421.2631243956,4,in_leg,,metro_Green,metro_Green_0_1_3960,subway,,,,,,3,"home,pt interaction,work"
50593,14:03:13,mixed_agent_01,subway,pt,304539.3360203281,2765351.7277867477,4,in_leg,,metro_Green,metro_Green_0_1_3960,subway,,,,,,3,"home,pt interaction,work"
50600,14:03:20,mixed_agent_01,subway,pt,304655.8002825853,2763979.8522058716,4,in_leg,,metro_Green,metro_Green_0_1_3960,subway,,,,,,3,"home,pt interaction,work"
50602,14:03:22,mixed_agent_01,subway,pt,304626.09432701493,2764465.404216248,4,in_leg,,metro_Green,metro_Green_0_1_3960,subway,,,,,,3,"home,pt interaction,work"
50603,14:03:23,mixed_agent_01,subway,pt,304534.4409476411,2765378.562615204,4,in_leg,,metro_Green,metro_Green_0_1_3960,subway,,,,,,3,"home,pt interaction,work"
50612,14:03:32,mixed_agent_01,subway,pt,304623.39378559944,2764509.5453081005,4,in_leg,,metro_Green,metro_Green_0_1_3960,subway,,,,,,3,"home,pt interaction,work"
50613,14:03:33,mixed_agent_01,subway,pt,304529.5458749541,2765405.3974436605,4,in_leg,,metro_Green,metro_Green_0_1_3960,subway,,,,,,3,"home,pt interaction,work"
50622,14:03:42,mixed_agent_01,subway,pt,304620.6932441839,2764553.686399953,4,in_leg,,metro_Green,metro_Green_0_1_3960,subway,,,,,,3,"home,pt interaction,work"
50623,14:03:43,mixed_agent_01,subway,pt,304524.65080226713,2765432.2322721174,4,in_leg,,metro_Green,metro_Green_0_1_3960,subway,,,,,,3,"home,pt interaction,work"
50632,14:03:52,mixed_agent_01,subway,pt,304617.9927027684,2764597.8274918054,4,in_leg,,metro_Green,metro_Green_0_1_3960,subway,,,,,,3,"home,pt interaction,work"
50633,14:03:53,mixed_agent_01,subway,pt,304519.7557295801,2765459.067100574,4,in_leg,,metro_Green,metro_Green_0_1_3960,subway,,,,,,3,"home,pt interaction,work"
50641,14:04:01,mixed_agent_01,subway,pt,304615.29216135293,2764641.968583658,4,in_leg,,metro_Green,metro_Green_0_1_3960,subway,,,,,,3,"home,pt interaction,work"
50643,14:04:03,mixed_agent_01,subway,pt,304514.8606568931,2765485.9019290307,4,in_leg,,metro_Green,metro_Green_0_1_3960,subway,,,,,,3,"home,pt interaction,work"
50651,14:04:11,mixed_agent_01,subway,pt,304612.59161993745,2764686.1096755103,4,in_leg,,metro_Green,metro_Green_0_1_3960,subway,,,,,,3,"home,pt interaction,work"
50652,14:04:12,mixed_agent_01,subway,pt,304509.96558420616,2765512.736757487,4,in_leg,,metro_Green,metro_Green_0_1_3960,subway,,,,,,3,"home,pt interaction,work"
50661,14:04:21,mixed_agent_01,subway,pt,304609.89107852196,2764730.250767363,4,in_leg,,metro_Green,metro_Green_0_1_3960,subway,,,,,,3,"home,pt interaction,work"
50662,14:04:22,mixed_agent_01,subway,pt,304505.07051151915,2765539.5715859435,4,in_leg,,metro_Green,metro_Green_0_1_3960,subway,,,,,,3,"home,pt interaction,work"
50671,14:04:31,mixed_agent_01,subway,pt,304607.1905371065,2764774.391859215,4,in_leg,,metro_Green,metro_Green_0_1_3960,subway,,,,,,3,"home,pt interaction,work"
50672,14:04:32,mixed_agent_01,subway,pt,304500.17543883214,2765566.4064144003,4,in_leg,,metro_Green,metro_Green_0_1_3960,subway,,,,,,3,"home,pt interaction,work"
50680,14:04:40,mixed_agent_01,subway,pt,304604.489995691,2764818.532951067,4,in_leg,,metro_Green,metro_Green_0_1_3960,subway,,,,,,3,"home,pt interaction,work"
50682,14:04:42,mixed_agent_01,subway,pt,304495.2803661452,2765593.2412428567,4,in_leg,,metro_Green,metro_Green_0_1_3960,subway,home,0,pt_metro_G06_DN_pt_metro_G05_DN,0.48694453460948695,spatial,3,"home,pt interaction,work"
50690,14:04:50,mixed_agent_01,subway,pt,304601.7894542755,2764862.6740429197,4,in_leg,,metro_Green,metro_Green_0_1_3960,subway,,,,,,3,"home,pt interaction,work"
50692,14:04:52,mixed_agent_01,subway,pt,304490.3852934582,2765620.076071313,4,in_leg,,metro_Green,metro_Green_0_1_3960,subway,home,0,pt_metro_G06_DN_pt_metro_G05_DN,0.45966810601804337,spatial,3,"home,pt interaction,work"
50700,14:05:00,mixed_agent_01,subway,pt,304599.08891285997,2764906.815134772,4,in_leg,,metro_Green,metro_Green_0_1_3960,subway,,,,,,3,"home,pt interaction,work"
50702,14:05:02,mixed_agent_01,subway,pt,304485.4902207712,2765646.91089977,4,in_leg,,metro_Green,metro_Green_0_1_3960,subway,home,0,pt_metro_G06_DN_pt_metro_G05_DN,0.43239183052386176,spatial,3,"home,pt interaction,work"
50710,14:05:10,mixed_agent_01,subway,pt,304596.3883714445,2764950.9562266245,4,in_leg,,metro_Green,metro_Green_0_1_3960,subway,,,,,,3,"home,pt interaction,work"
50712,14:05:12,mixed_agent_01,subway,pt,304480.59514808416,2765673.7457282264,4,in_leg,,metro_Green,metro_Green_0_1_3960,subway,home,0,pt_metro_G06_DN_pt_metro_G05_DN,0.4051157390518765,spatial,3,"home,pt interaction,work"
50719,14:05:19,mixed_agent_01,subway,pt,304593.687830029,2764995.097318477,4,in_leg,,metro_Green,metro_Green_0_1_3960,subway,,,,,,3,"home,pt interaction,work"
50721,14:05:21,mixed_agent_01,subway,pt,304475.7000753972,2765700.580556683,4,in_leg,,metro_Green,metro_Green_0_1_3960,subway,home,0,pt_metro_G06_DN_pt_metro_G05_DN,0.3778398714549847,spatial,3,"home,pt interaction,work"
50729,14:05:29,mixed_agent_01,subway,pt,304590.9872886135,2765039.2384103294,4,in_leg,,metro_Green,metro_Green_0_1_3960,subway,,,,,,3,"home,pt interaction,work"
50731,14:05:31,mixed_agent_01,subway,pt,304470.8050027102,2765727.4153851396,4,in_leg,,metro_Green,metro_Green_0_1_3960,subway,home,0,pt_metro_G06_DN_pt_metro_G05_DN,0.35056427998892314,spatial,3,"home,pt interaction,work"
50739,14:05:39,mixed_agent_01,subway,pt,304588.286747198,2765083.379502182,4,in_leg,,metro_Green,metro_Green_0_1_3960,subway,,,,,,3,"home,pt interaction,work"
50741,14:05:41,mixed_agent_01,subway,pt,304465.9099300232,2765754.250213596,4,in_leg,,metro_Green,metro_Green_0_1_3960,subway,home,0,pt_metro_G06_DN_pt_metro_G05_DN,0.3232890345454375,spatial,3,"home,pt interaction,work"
50751,14:05:51,mixed_agent_01,subway,pt,304461.01485733624,2765781.085042053,4,in_leg,,metro_Green,metro_Green_0_1_3960,subway,home,0,pt_metro_G06_DN_pt_metro_G05_DN,0.296014230772808,spatial,3,"home,pt interaction,work"
50761,14:06:01,mixed_agent_01,subway,pt,304456.1197846492,2765807.9198705093,4,in_leg,,metro_Green,metro_Green_0_1_3960,subway,home,0,pt_metro_G06_DN_pt_metro_G05_DN,0.26874000314949825,spatial,3,"home,pt interaction,work"
50771,14:06:11,mixed_agent_01,subway,pt,304451.2247119622,2765834.7546989657,4,in_leg,,metro_Green,metro_Green_0_1_3960,subway,home,0,pt_metro_G06_DN_pt_metro_G05_DN,0.24146654690734762,spatial,3,"home,pt interaction,work"
50780,14:06:20,mixed_agent_01,subway,pt,304446.3296392752,2765861.5895274226,4,in_leg,,metro_Green,metro_Green_0_1_3960,subway,home,0,pt_metro_G06_DN_pt_metro_G05_DN,0.21419415670722589,spatial,3,"home,pt interaction,work"
50790,14:06:30,mixed_agent_01,subway,pt,304441.43456658826,2765888.424355879,4,in_leg,,metro_Green,metro_Green_0_1_3960,subway,home,0,pt_metro_G06_DN_pt_metro_G05_DN,0.18692329916224115,spatial,3,"home,pt interaction,work"
50800,14:06:40,mixed_agent_01,subway,pt,304436.53949390125,2765915.2591843354,4,in_leg,,metro_Green,metro_Green_0_1_3960,subway,home,0,pt_metro_G06_DN_pt_metro_G05_DN,0.15965475965864478,spatial,3,"home,pt interaction,work"
50810,14:06:50,mixed_agent_01,subway,pt,304431.64442121424,2765942.094012792,4,in_leg,,metro_Green,metro_Green_0_1_3960,subway,home,0,pt_metro_G06_DN_pt_metro_G05_DN,0.13238997055401483,spatial,3,"home,pt interaction,work"
50820,14:07:00,mixed_agent_01,subway,pt,304426.7493485273,2765968.9288412486,4,in_leg,,metro_Green,metro_Green_0_1_3960,subway,home,0,pt_metro_G06_DN_pt_metro_G05_DN,0.10513184976430896,spatial,3,"home,pt interaction,work"
50830,14:07:10,mixed_agent_01,subway,pt,304421.8542758403,2765995.7636697055,4,in_leg,,metro_Green,metro_Green_0_1_3960,subway,home,0,pt_metro_G06_DN_pt_metro_G05_DN,0.07788739869936996,spatial,3,"home,pt interaction,work"
50839,14:07:19,mixed_agent_01,subway,pt,304416.95920315327,2766022.598498162,4,in_leg,,metro_Green,metro_Green_0_1_3960,subway,home,0,pt_metro_G06_DN_pt_metro_G05_DN,0.05067866836579605,spatial,3,"home,pt interaction,work"
50849,14:07:29,mixed_agent_01,subway,pt,304412.06413046626,2766049.4333266183,4,in_leg,,metro_Green,metro_Green_0_1_3960,subway,home,0,pt_metro_G06_DN_pt_metro_G05_DN,0.023629377653609552,spatial,3,"home,pt interaction,work"
50859,14:07:39,mixed_agent_01,subway,pt,304407.1690577793,2766076.268155075,4,in_leg,,metro_Green,metro_Green_0_1_3960,subway,home,0,pt_metro_G06_DN_pt_metro_G05_DN,0.006042107170451119,spatial,3,"home,pt interaction,work"
50869,14:07:49,mixed_agent_01,subway,pt,304402.2739850923,2766103.1029835315,4,in_leg,,metro_Green,metro_Green_0_1_3960,subway,pt interaction,5,pt_metro_G06_UP,0.0,spatial,3,"home,pt interaction,work"
50869,14:07:49,mixed_agent_01,walk,walk,304402.2739850923,2766103.1029835315,5,in_leg,,,,,pt interaction,5,pt_metro_G06_UP,0.0,spatial,3,"home,pt interaction,work"
50879,14:07:59,mixed_agent_01,walk,walk,304402.68599006155,2766092.555322354,5,in_leg,,,,,pt interaction,1,pt_metro_G06_DN,0.004206054967137068,spatial,3,"home,pt interaction,work"
50889,14:08:09,mixed_agent_01,walk,walk,304403.09799503075,2766082.0076611773,5,in_leg,,,,,home,0,pt_metro_G06_DN_pt_metro_G05_DN,0.010555704827572352,spatial,3,"home,pt interaction,work"
50899,14:08:19,mixed_agent_01,walk,walk,304403.51,2766071.46,5,in_leg,,,,,home,0,pt_metro_G06_DN_pt_metro_G05_DN,0.0,spatial,3,"home,pt interaction,work"
59400,16:30:00,pt_agent_04,walk,walk,301809.03,2612244.82,1,in_leg,,,,,work,1,pt_bus_THB145968_pt_bus_THB238319,0.0,spatial,2,"home,work"
59410,16:30:10,pt_agent_04,walk,walk,301808.48270270275,2612234.15002079,1,in_leg,,,,,work,1,pt_bus_THB145968_pt_bus_THB238319,0.010684006302585623,spatial,2,"home,work"
59420,16:30:20,pt_agent_04,walk,walk,301807.9354054054,2612223.48004158,1,in_leg,,,,,work,1,pt_bus_THB145968_pt_bus_THB238319,0.02136801260517423,spatial,2,"home,work"
59430,16:30:30,pt_agent_04,walk,walk,301807.38810810813,2612212.81006237,1,in_leg,,,,,work,1,pt_bus_THB145968_pt_bus_THB238319,0.032052018907759855,spatial,2,"home,work"
59440,16:30:40,pt_agent_04,walk,walk,301806.84081081086,2612202.14008316,1,in_leg,,,,,work,1,pt_bus_THB145968_pt_bus_THB238319,0.042736025210345474,spatial,2,"home,work"
59450,16:30:50,pt_agent_04,walk,walk,301806.2935135135,2612191.47010395,1,in_leg,,,,,work,1,pt_bus_THB145968_pt_bus_THB238319,0.053420031512934084,spatial,2,"home,work"
59460,16:31:00,pt_agent_04,walk,walk,301805.74621621624,2612180.8001247398,1,in_leg,,,,,work,1,pt_bus_THB145968_pt_bus_THB238319,0.06410403781551971,spatial,2,"home,work"
59470,16:31:10,pt_agent_04,walk,walk,301805.19891891896,2612170.1301455298,1,in_leg,,,,,work,1,pt_bus_THB145968_pt_bus_THB238319,0.07478804411810533,spatial,2,"home,work"
59480,16:31:20,pt_agent_04,walk,walk,301804.6516216216,2612159.46016632,1,in_leg,,,,,work,1,pt_bus_THB145968_pt_bus_THB238319,0.08547205042022889,spatial,2,"home,work"
59490,16:31:30,pt_agent_04,walk,walk,301804.10432432435,2612148.79018711,1,in_leg,,,,,work,1,pt_bus_THB145968_pt_bus_THB238319,0.0961560567228145,spatial,2,"home,work"
59500,16:31:40,pt_agent_04,walk,walk,301803.55702702707,2612138.1202079,1,in_leg,,,,,work,1,pt_bus_THB145968_pt_bus_THB238319,0.10684006302540014,spatial,2,"home,work"
59510,16:31:50,pt_agent_04,walk,walk,301803.00972972973,2612127.45022869,1,in_leg,,,,,work,1,pt_bus_THB145968_pt_bus_THB238319,0.11752406932798874,spatial,2,"home,work"
59520,16:32:00,pt_agent_04,walk,walk,301802.46243243245,2612116.78024948,1,in_leg,,,,,work,1,pt_bus_THB145968_pt_bus_THB238319,0.12820807563057438,spatial,2,"home,work"
59530,16:32:10,pt_agent_04,walk,walk,301801.9151351352,2612106.11027027,1,in_leg,,,,,work,1,pt_bus_THB145968_pt_bus_THB238319,0.13889208193316,spatial,2,"home,work"
59540,16:32:20,pt_agent_04,walk,walk,301801.36783783784,2612095.44029106,1,in_leg,,,,,work,1,pt_bus_THB145968_pt_bus_THB238319,0.14957608823574858,spatial,2,"home,work"
59550,16:32:30,pt_agent_04,walk,walk,301800.82054054056,2612084.77031185,1,in_leg,,,,,work,1,pt_bus_THB145968_pt_bus_THB238319,0.1602600945383342,spatial,2,"home,work"
59560,16:32:40,pt_agent_04,walk,walk,301800.2732432433,2612074.10033264,1,in_leg,,,,,work,1,pt_bus_THB145968_pt_bus_THB238319,0.17094410084091985,spatial,2,"home,work"
59570,16:32:50,pt_agent_04,walk,walk,301799.72594594595,2612063.43035343,1,in_leg,,,,,work,1,pt_bus_THB145968_pt_bus_THB238319,0.18162810714350847,spatial,2,"home,work"
59580,16:33:00,pt_agent_04,walk,walk,301799.17864864867,2612052.76037422,1,in_leg,,,,,work,1,pt_bus_THB145968_pt_bus_THB238319,0.19231211344609406,spatial,2,"home,work"
59590,16:33:10,pt_agent_04,walk,walk,301798.6313513514,2612042.09039501,1,in_leg,,,,,work,1,pt_bus_THB145968_pt_bus_THB238319,0.20299611974867968,spatial,2,"home,work"
59600,16:33:20,pt_agent_04,walk,walk,301798.0840540541,2612031.4204158,1,in_leg,,,,,work,1,pt_bus_THB145968_pt_bus_THB238319,0.21368012605126532,spatial,2,"home,work"
59610,16:33:30,pt_agent_04,walk,walk,301797.5367567568,2612020.75043659,1,in_leg,,,,,work,1,pt_bus_THB145968_pt_bus_THB238319,0.22436413235385394,spatial,2,"home,work"
59620,16:33:40,pt_agent_04,walk,walk,301796.9894594595,2612010.0804573805,1,in_leg,,,,,work,1,pt_bus_THB145968_pt_bus_THB238319,0.2350481386559745,spatial,2,"home,work"
59630,16:33:50,pt_agent_04,walk,walk,301796.4421621622,2611999.4104781705,1,in_leg,,,,,work,1,pt_bus_THB145968_pt_bus_THB238319,0.24573214495856013,spatial,2,"home,work"
59640,16:34:00,pt_agent_04,walk,walk,301795.8948648649,2611988.7404989605,1,in_leg,,,,,work,1,pt_bus_THB145968_pt_bus_THB238319,0.25641615126114875,spatial,2,"home,work"
59650,16:34:10,pt_agent_04,walk,walk,301795.3475675676,2611978.0705197505,1,in_leg,,,,,work,1,pt_bus_THB145968_pt_bus_THB238319,0.26710015756373434,spatial,2,"home,work"
59660,16:34:20,pt_agent_04,walk,walk,301794.8002702703,2611967.4005405405,1,in_leg,,,,,work,1,pt_bus_THB145968_pt_bus_THB238319,0.27778416386632,spatial,2,"home,work"
59670,16:34:30,pt_agent_04,walk,walk,301794.252972973,2611956.7305613304,1,in_leg,,,,,work,1,pt_bus_THB145968_pt_bus_THB238319,0.2884681701689086,spatial,2,"home,work"
59680,16:34:40,pt_agent_04,walk,walk,301793.7056756757,2611946.0605821204,1,in_leg,,,,,work,1,pt_bus_THB145968_pt_bus_THB238319,0.2991521764714942,spatial,2,"home,work"
59690,16:34:50,pt_agent_04,walk,walk,301793.15837837843,2611935.3906029104,1,in_leg,,,,,work,1,pt_bus_THB145968_pt_bus_THB238319,0.3098361827740798,spatial,2,"home,work"
59700,16:35:00,pt_agent_04,walk,walk,301792.6110810811,2611924.7206237004,1,in_leg,,,,,work,1,pt_bus_THB145968_pt_bus_THB238319,0.3205201890766684,spatial,2,"home,work"
59710,16:35:10,pt_agent_04,walk,walk,301792.0637837838,2611914.0506444904,1,in_leg,,,,,work,1,pt_bus_THB145968_pt_bus_THB238319,0.33120419537925405,spatial,2,"home,work"
59720,16:35:20,pt_agent_04,walk,walk,301791.51648648654,2611903.3806652804,1,in_leg,,,,,work,1,pt_bus_THB145968_pt_bus_THB238319,0.3418882016818397,spatial,2,"home,work"
59730,16:35:30,pt_agent_04,walk,walk,301790.9691891892,2611892.7106860704,1,in_leg,,,,,work,1,pt_bus_THB145968_pt_bus_THB238319,0.3525722079844283,spatial,2,"home,work"
59740,16:35:40,pt_agent_04,walk,walk,301790.4218918919,2611882.0407068604,1,in_leg,,,,,work,1,pt_bus_THB145968_pt_bus_THB238319,0.3632562142870139,spatial,2,"home,work"
59750,16:35:50,pt_agent_04,walk,walk,301789.87459459464,2611871.3707276504,1,in_leg,,,,,work,1,pt_bus_THB145968_pt_bus_THB238319,0.3739402205895996,spatial,2,"home,work"
59760,16:36:00,pt_agent_04,walk,walk,301789.3272972973,2611860.700748441,1,in_leg,,,,,work,1,pt_bus_THB145968_pt_bus_THB238319,0.3846242268917231,spatial,2,"home,work"
59770,16:36:10,pt_agent_04,walk,walk,301788.78,2611850.030769231,1,in_leg,,,,,work,1,pt_bus_THB145968_pt_bus_THB238319,0.39530823319430874,spatial,2,"home,work"
59780,16:36:20,pt_agent_04,walk,walk,301788.23270270275,2611839.360790021,1,in_leg,,,,,work,1,pt_bus_THB145968_pt_bus_THB238319,0.40599223949689434,spatial,2,"home,work"
59790,16:36:30,pt_agent_04,walk,walk,301787.6854054054,2611828.690810811,1,in_leg,,,,,work,1,pt_bus_THB145968_pt_bus_THB238319,0.416676245799483,spatial,2,"home,work"
59800,16:36:40,pt_agent_04,walk,walk,301787.13810810813,2611818.0208316008,1,in_leg,,,,,work,1,pt_bus_THB145968_pt_bus_THB238319,0.42736025210206857,spatial,2,"home,work"
59810,16:36:50,pt_agent_04,walk,walk,301786.59081081086,2611807.3508523908,1,in_leg,,,,,work,1,pt_bus_THB145968_pt_bus_THB238319,0.43804425840465416,spatial,2,"home,work"
59820,16:37:00,pt_agent_04,walk,walk,301786.0435135135,2611796.6808731807,1,in_leg,,,,,work,1,pt_bus_THB145968_pt_bus_THB238319,0.4487282647072428,spatial,2,"home,work"
59830,16:37:10,pt_agent_04,walk,walk,301785.49621621624,2611786.0108939707,1,in_leg,,,,,work,1,pt_bus_THB145968_pt_bus_THB238319,0.45941227100982845,spatial,2,"home,work"
59840,16:37:20,pt_agent_04,walk,walk,301784.94891891896,2611775.3409147607,1,in_leg,,,,,work,1,pt_bus_THB145968_pt_bus_THB238319,0.47009627731241405,spatial,2,"home,work"
59850,16:37:30,pt_agent_04,walk,walk,301784.4016216216,2611764.6709355507,1,in_leg,,,,,work,1,pt_bus_THB145968_pt_bus_THB238319,0.48078028361500263,spatial,2,"home,work"
59860,16:37:40,pt_agent_04,walk,walk,301783.85432432435,2611754.0009563407,1,in_leg,,,,,work,1,pt_bus_THB145968_pt_bus_THB238319,0.4914642899175883,spatial,2,"home,work"
59870,16:37:50,pt_agent_04,walk,walk,301783.30702702707,2611743.3309771307,1,in_leg,,,,,,,,,,2,"home,work"
59880,16:38:00,pt_agent_04,walk,walk,301782.75972972973,2611732.6609979207,1,in_leg,,,,,,,,,,2,"home,work"
59890,16:38:10,pt_agent_04,walk,walk,301782.21243243245,2611721.9910187107,1,in_leg,,,,,,,,,,2,"home,work"
59900,16:38:20,pt_agent_04,walk,walk,301781.6651351352,2611711.3210395006,1,in_leg,,,,,,,,,,2,"home,work"
59910,16:38:30,pt_agent_04,walk,walk,301781.11783783784,2611700.651060291,1,in_leg,,,,,,,,,,2,"home,work"
59920,16:38:40,pt_agent_04,walk,walk,301780.57054054056,2611689.981081081,1,in_leg,,,,,,,,,,2,"home,work"
59930,16:38:50,pt_agent_04,walk,walk,301780.0232432433,2611679.311101871,1,in_leg,,,,,,,,,,2,"home,work"
59940,16:39:00,pt_agent_04,walk,walk,301779.47594594595,2611668.641122661,1,in_leg,,,,,,,,,,2,"home,work"
59950,16:39:10,pt_agent_04,walk,walk,301778.92864864867,2611657.971143451,1,in_leg,,,,,,,,,,2,"home,work"
59960,16:39:20,pt_agent_04,walk,walk,301778.3813513514,2611647.301164241,1,in_leg,,,,,,,,,,2,"home,work"
59970,16:39:30,pt_agent_04,walk,walk,301777.8340540541,2611636.631185031,1,in_leg,,,,,,,,,,2,"home,work"
59980,16:39:40,pt_agent_04,walk,walk,301777.2867567568,2611625.961205821,1,in_leg,,,,,,,,,,2,"home,work"
59990,16:39:50,pt_agent_04,walk,walk,301776.7394594595,2611615.291226611,1,in_leg,,,,,,,,,,2,"home,work"
60000,16:40:00,pt_agent_04,walk,walk,301776.1921621622,2611604.621247401,1,in_leg,,,,,,,,,,2,"home,work"
60010,16:40:10,pt_agent_04,walk,walk,301775.6448648649,2611593.951268191,1,in_leg,,,,,,,,,,2,"home,work"
60020,16:40:20,pt_agent_04,walk,walk,301775.0975675676,2611583.281288981,1,in_leg,,,,,,,,,,2,"home,work"
60030,16:40:30,pt_agent_04,walk,walk,301774.5502702703,2611572.611309771,1,in_leg,,,,,,,,,,2,"home,work"
60040,16:40:40,pt_agent_04,walk,walk,301774.002972973,2611561.941330561,1,in_leg,,,,,,,,,,2,"home,work"
60050,16:40:50,pt_agent_04,walk,walk,301773.4556756757,2611551.2713513514,1,in_leg,,,,,,,,,,2,"home,work"
60060,16:41:00,pt_agent_04,walk,walk,301772.90837837843,2611540.6013721414,1,in_leg,,,,,,,,,,2,"home,work"
60070,16:41:10,pt_agent_04,walk,walk,301772.3610810811,2611529.9313929314,1,in_leg,,,,,,,,,,2,"home,work"
60080,16:41:20,pt_agent_04,walk,walk,301771.8137837838,2611519.2614137214,1,in_leg,,,,,,,,,,2,"home,work"
60090,16:41:30,pt_agent_04,walk,walk,301771.26648648654,2611508.5914345114,1,in_leg,,,,,,,,,,2,"home,work"
60100,16:41:40,pt_agent_04,walk,walk,301770.7191891892,2611497.9214553013,1,in_leg,,,,,,,,,,2,"home,work"
60110,16:41:50,pt_agent_04,walk,walk,301770.1718918919,2611487.2514760913,1,in_leg,,,,,,,,,,2,"home,work"
60120,16:42:00,pt_agent_04,walk,walk,301769.62459459464,2611476.5814968813,1,in_leg,,,,,,,,,,2,"home,work"
60130,16:42:10,pt_agent_04,walk,walk,301769.0772972973,2611465.9115176713,1,in_leg,,,,,,,,,,2,"home,work"
60140,16:42:20,pt_agent_04,walk,walk,301768.53,2611455.2415384613,1,in_leg,,,,,,,,,,2,"home,work"
60150,16:42:30,pt_agent_04,walk,walk,301767.98270270275,2611444.5715592513,1,in_leg,,,,,,,,,,2,"home,work"
60160,16:42:40,pt_agent_04,walk,walk,301767.4354054054,2611433.9015800413,1,in_leg,,,,,,,,,,2,"home,work"
60170,16:42:50,pt_agent_04,walk,walk,301766.88810810813,2611423.2316008313,1,in_leg,,,,,,,,,,2,"home,work"
60180,16:43:00,pt_agent_04,walk,walk,301766.34081081086,2611412.5616216213,1,in_leg,,,,,,,,,,2,"home,work"
60190,16:43:10,pt_agent_04,walk,walk,301765.7935135135,2611401.8916424117,1,in_leg,,,,,,,,,,2,"home,work"
60200,16:43:20,pt_agent_04,walk,walk,301765.24621621624,2611391.2216632017,1,in_leg,,,,,,,,,,2,"home,work"
60210,16:43:30,pt_agent_04,walk,walk,301764.69891891896,2611380.5516839917,1,in_leg,,,,,,,,,,2,"home,work"
60220,16:43:40,pt_agent_04,walk,walk,301764.1516216216,2611369.8817047817,1,in_leg,,,,,,,,,,2,"home,work"
60230,16:43:50,pt_agent_04,walk,walk,301763.60432432435,2611359.2117255717,1,in_leg,,,,,,,,,,2,"home,work"
60240,16:44:00,pt_agent_04,walk,walk,301763.05702702707,2611348.5417463616,1,in_leg,,,,,,,,,,2,"home,work"
60250,16:44:10,pt_agent_04,walk,walk,301762.50972972973,2611337.8717671516,1,in_leg,,,,,,,,,,2,"home,work"
60260,16:44:20,pt_agent_04,walk,walk,301761.96243243245,2611327.2017879416,1,in_leg,,,,,,,,,,2,"home,work"
60270,16:44:30,pt_agent_04,walk,walk,301761.4151351352,2611316.5318087316,1,in_leg,,,,,,,,,,2,"home,work"
60280,16:44:40,pt_agent_04,walk,walk,301760.86783783784,2611305.8618295216,1,in_leg,,,,,,,,,,2,"home,work"
60290,16:44:50,pt_agent_04,walk,walk,301760.32054054056,2611295.1918503116,1,in_leg,,,,,,,,,,2,"home,work"
60300,16:45:00,pt_agent_04,walk,walk,301759.7732432433,2611284.5218711016,1,in_leg,,,,,,,,,,2,"home,work"
60310,16:45:10,pt_agent_04,walk,walk,301759.22594594595,2611273.8518918916,1,in_leg,,,,,,,,,,2,"home,work"
60320,16:45:20,pt_agent_04,walk,walk,301758.67864864867,2611263.1819126816,1,in_leg,,,,,,,,,,2,"home,work"
60330,16:45:30,pt_agent_04,walk,walk,301758.1313513514,2611252.5119334715,1,in_leg,,,,,,,,,,2,"home,work"
60340,16:45:40,pt_agent_04,walk,walk,301757.5840540541,2611241.841954262,1,in_leg,,,,,,,,,,2,"home,work"
60350,16:45:50,pt_agent_04,walk,walk,301757.0367567568,2611231.171975052,1,in_leg,,,,,,,,,,2,"home,work"
60360,16:46:00,pt_agent_04,walk,walk,301756.4894594595,2611220.501995842,1,in_leg,,,,,,,,,,2,"home,work"
60370,16:46:10,pt_agent_04,walk,walk,301755.9421621622,2611209.832016632,1,in_leg,,,,,,,,,,2,"home,work"
60380,16:46:20,pt_agent_04,walk,walk,301755.3948648649,2611199.162037422,1,in_leg,,,,,,,,,,2,"home,work"
60390,16:46:30,pt_agent_04,walk,walk,301754.8475675676,2611188.492058212,1,in_leg,,,,,,,,,,2,"home,work"
60400,16:46:40,pt_agent_04,walk,walk,301754.3002702703,2611177.822079002,1,in_leg,,,,,,,,,,2,"home,work"
60410,16:46:50,pt_agent_04,walk,walk,301753.752972973,2611167.152099792,1,in_leg,,,,,,,,,,2,"home,work"
60420,16:47:00,pt_agent_04,walk,walk,301753.2056756757,2611156.482120582,1,in_leg,,,,,,,,,,2,"home,work"
60430,16:47:10,pt_agent_04,walk,walk,301752.65837837843,2611145.812141372,1,in_leg,,,,,,,,,,2,"home,work"
60440,16:47:20,pt_agent_04,walk,walk,301752.1110810811,2611135.142162162,1,in_leg,,,,,,,,,,2,"home,work"
60450,16:47:30,pt_agent_04,walk,walk,301751.5637837838,2611124.472182952,1,in_leg,,,,,,,,,,2,"home,work"
60460,16:47:40,pt_agent_04,walk,walk,301751.01648648654,2611113.802203742,1,in_leg,,,,,,,,,,2,"home,work"
60470,16:47:50,pt_agent_04,walk,walk,301750.4691891892,2611103.132224532,1,in_leg,,,,,,,,,,2,"home,work"
60480,16:48:00,pt_agent_04,walk,walk,301749.9218918919,2611092.4622453223,1,in_leg,,,,,,,,,,2,"home,work"
60490,16:48:10,pt_agent_04,walk,walk,301749.37459459464,2611081.7922661123,1,in_leg,,,,,,,,,,2,"home,work"
60500,16:48:20,pt_agent_04,walk,walk,301748.8272972973,2611071.1222869023,1,in_leg,,,,,,,,,,2,"home,work"
60510,16:48:30,pt_agent_04,walk,walk,301748.28,2611060.4523076923,1,in_leg,,,,,,,,,,2,"home,work"
60520,16:48:40,pt_agent_04,walk,walk,301747.73270270275,2611049.7823284823,1,in_leg,,,,,,,,,,2,"home,work"
60530,16:48:50,pt_agent_04,walk,walk,301747.1854054054,2611039.1123492722,1,in_leg,,,,,,,,,,2,"home,work"
60540,16:49:00,pt_agent_04,walk,walk,301746.63810810813,2611028.442370062,1,in_leg,,,,,,,,,,2,"home,work"
60550,16:49:10,pt_agent_04,walk,walk,301746.09081081086,2611017.772390852,1,in_leg,,,,,,,,,,2,"home,work"
60560,16:49:20,pt_agent_04,walk,walk,301745.5435135135,2611007.102411642,1,in_leg,,,,,,,,,,2,"home,work"
60570,16:49:30,pt_agent_04,walk,walk,301744.99621621624,2610996.432432432,1,in_leg,,,,,,,,,,2,"home,work"
60580,16:49:40,pt_agent_04,walk,walk,301744.44891891896,2610985.762453222,1,in_leg,,,,,,,,,,2,"home,work"
60590,16:49:50,pt_agent_04,walk,walk,301743.9016216216,2610975.092474012,1,in_leg,,,,,,,,,,2,"home,work"
60600,16:50:00,pt_agent_04,walk,walk,301743.35432432435,2610964.422494802,1,in_leg,,,,,,,,,,2,"home,work"
60610,16:50:10,pt_agent_04,walk,walk,301742.80702702707,2610953.752515592,1,in_leg,,,,,,,,,,2,"home,work"
60620,16:50:20,pt_agent_04,walk,walk,301742.25972972973,2610943.082536382,1,in_leg,,,,,,,,,,2,"home,work"
60630,16:50:30,pt_agent_04,walk,walk,301741.71243243245,2610932.4125571726,1,in_leg,,,,,,,,,,2,"home,work"
60640,16:50:40,pt_agent_04,walk,walk,301741.1651351352,2610921.7425779626,1,in_leg,,,,,,,,,,2,"home,work"
60650,16:50:50,pt_agent_04,walk,walk,301740.61783783784,2610911.0725987526,1,in_leg,,,,,,,,,,2,"home,work"
60660,16:51:00,pt_agent_04,walk,walk,301740.07054054056,2610900.4026195426,1,in_leg,,,,,,,,,,2,"home,work"
60670,16:51:10,pt_agent_04,walk,walk,301739.5232432433,2610889.7326403325,1,in_leg,,,,,,,,,,2,"home,work"
60680,16:51:20,pt_agent_04,walk,walk,301738.97594594595,2610879.0626611225,1,in_leg,,,,,,,,,,2,"home,work"
60690,16:51:30,pt_agent_04,walk,walk,301738.42864864867,2610868.3926819125,1,in_leg,,,,,,,,,,2,"home,work"
60700,16:51:40,pt_agent_04,walk,walk,301737.8813513514,2610857.7227027025,1,in_leg,,,,,,,,,,2,"home,work"
60710,16:51:50,pt_agent_04,walk,walk,301737.3340540541,2610847.0527234925,1,in_leg,,,,,,,,,,2,"home,work"
60720,16:52:00,pt_agent_04,walk,walk,301736.7867567568,2610836.3827442825,1,in_leg,,,,,,,,,,2,"home,work"
60730,16:52:10,pt_agent_04,walk,walk,301736.2394594595,2610825.7127650725,1,in_leg,,,,,,,,,,2,"home,work"
60740,16:52:20,pt_agent_04,walk,walk,301735.6921621622,2610815.0427858625,1,in_leg,,,,,,,,,,2,"home,work"
60750,16:52:30,pt_agent_04,walk,walk,301735.1448648649,2610804.3728066524,1,in_leg,,,,,,,,,,2,"home,work"
60760,16:52:40,pt_agent_04,walk,walk,301734.5975675676,2610793.7028274424,1,in_leg,,,,,,,,,,2,"home,work"
60770,16:52:50,pt_agent_04,walk,walk,301734.0502702703,2610783.032848233,1,in_leg,,,,,,,,,,2,"home,work"
60780,16:53:00,pt_agent_04,walk,walk,301733.502972973,2610772.362869023,1,in_leg,,,,,,,,,,2,"home,work"
60790,16:53:10,pt_agent_04,walk,walk,301732.9556756757,2610761.692889813,1,in_leg,,,,,,,,,,2,"home,work"
60800,16:53:20,pt_agent_04,walk,walk,301732.40837837843,2610751.022910603,1,in_leg,,,,,,,,,,2,"home,work"
60810,16:53:30,pt_agent_04,walk,walk,301731.8610810811,2610740.352931393,1,in_leg,,,,,,,,,,2,"home,work"
60820,16:53:40,pt_agent_04,walk,walk,301731.3137837838,2610729.682952183,1,in_leg,,,,,,,,,,2,"home,work"
60830,16:53:50,pt_agent_04,walk,walk,301730.76648648654,2610719.012972973,1,in_leg,,,,,,,,,,2,"home,work"
60840,16:54:00,pt_agent_04,walk,walk,301730.2191891892,2610708.342993763,1,in_leg,,,,,,,,,,2,"home,work"
60850,16:54:10,pt_agent_04,walk,walk,301729.6718918919,2610697.673014553,1,in_leg,,,,,,,,,,2,"home,work"
60860,16:54:20,pt_agent_04,walk,walk,301729.12459459464,2610687.003035343,1,in_leg,,,,,,,,,,2,"home,work"
60870,16:54:30,pt_agent_04,walk,walk,301728.5772972973,2610676.333056133,1,in_leg,,,,,,,,,,2,"home,work"
60880,16:54:40,pt_agent_04,walk,walk,301728.03,2610665.6630769228,1,in_leg,,,,,,,,,,2,"home,work"
60890,16:54:50,pt_agent_04,walk,walk,301727.48270270275,2610654.9930977128,1,in_leg,,,,,,,,,,2,"home,work"
60900,16:55:00,pt_agent_04,walk,walk,301726.9354054054,2610644.3231185027,1,in_leg,,,,,,,,,,2,"home,work"
60910,16:55:10,pt_agent_04,walk,walk,301726.38810810813,2610633.653139293,1,in_leg,,,,,,,,,,2,"home,work"
60920,16:55:20,pt_agent_04,walk,walk,301725.84081081086,2610622.983160083,1,in_leg,,,,,,,,,,2,"home,work"
60930,16:55:30,pt_agent_04,walk,walk,301725.2935135135,2610612.313180873,1,in_leg,,,,,,,,,,2,"home,work"
60940,16:55:40,pt_agent_04,walk,walk,301724.74621621624,2610601.643201663,1,in_leg,,,,,,,,,,2,"home,work"
60950,16:55:50,pt_agent_04,walk,walk,301724.19891891896,2610590.973222453,1,in_leg,,,,,,,,,,2,"home,work"
60960,16:56:00,pt_agent_04,walk,walk,301723.6516216216,2610580.303243243,1,in_leg,,,,,,,,,,2,"home,work"
60970,16:56:10,pt_agent_04,walk,walk,301723.10432432435,2610569.633264033,1,in_leg,,,,,,,,,,2,"home,work"
60980,16:56:20,pt_agent_04,walk,walk,301722.55702702707,2610558.963284823,1,in_leg,,,,,,,,,,2,"home,work"
60990,16:56:30,pt_agent_04,walk,walk,301722.00972972973,2610548.293305613,1,in_leg,,,,,,,,,,2,"home,work"
61000,16:56:40,pt_agent_04,walk,walk,301721.46243243245,2610537.623326403,1,in_leg,,,,,,,,,,2,"home,work"
61010,16:56:50,pt_agent_04,walk,walk,301720.9151351352,2610526.953347193,1,in_leg,,,,,,,,,,2,"home,work"
61020,16:57:00,pt_agent_04,walk,walk,301720.36783783784,2610516.283367983,1,in_leg,,,,,,,,,,2,"home,work"
61030,16:57:10,pt_agent_04,walk,walk,301719.82054054056,2610505.613388773,1,in_leg,,,,,,,,,,2,"home,work"
61040,16:57:20,pt_agent_04,walk,walk,301719.2732432433,2610494.943409563,1,in_leg,,,,,,,,,,2,"home,work"
61050,16:57:30,pt_agent_04,walk,walk,301718.72594594595,2610484.273430353,1,in_leg,,,,,,,,,,2,"home,work"
61060,16:57:40,pt_agent_04,walk,walk,301718.17864864867,2610473.6034511435,1,in_leg,,,,,,,,,,2,"home,work"
61070,16:57:50,pt_agent_04,walk,walk,301717.6313513514,2610462.9334719335,1,in_leg,,,,,,,,,,2,"home,work"
61080,16:58:00,pt_agent_04,walk,walk,301717.0840540541,2610452.2634927235,1,in_leg,,,,,,,,,,2,"home,work"
61090,16:58:10,pt_agent_04,walk,walk,301716.5367567568,2610441.5935135134,1,in_leg,,,,,,,,,,2,"home,work"
61100,16:58:20,pt_agent_04,walk,walk,301715.9894594595,2610430.9235343034,1,in_leg,,,,,,,,,,2,"home,work"
61110,16:58:30,pt_agent_04,walk,walk,301715.4421621622,2610420.2535550934,1,in_leg,,,,,,,,,,2,"home,work"
61120,16:58:40,pt_agent_04,walk,walk,301714.8948648649,2610409.5835758834,1,in_leg,,,,,,,,,,2,"home,work"
61130,16:58:50,pt_agent_04,walk,walk,301714.3475675676,2610398.9135966734,1,in_leg,,,,,,,,,,2,"home,work"
61140,16:59:00,pt_agent_04,walk,walk,301713.8002702703,2610388.2436174634,1,in_leg,,,,,,,,,,2,"home,work"
61150,16:59:10,pt_agent_04,walk,walk,301713.252972973,2610377.5736382534,1,in_leg,,,,,,,,,,2,"home,work"
61160,16:59:20,pt_agent_04,walk,walk,301712.7056756757,2610366.9036590434,1,in_leg,,,,,,,,,,2,"home,work"
61170,16:59:30,pt_agent_04,walk,walk,301712.15837837843,2610356.2336798334,1,in_leg,,,,,,,,,,2,"home,work"
61180,16:59:40,pt_agent_04,walk,walk,301711.6110810811,2610345.5637006233,1,in_leg,,,,,,,,,,2,"home,work"
61190,16:59:50,pt_agent_04,walk,walk,301711.0637837838,2610334.8937214133,1,in_leg,,,,,,,,,,2,"home,work"
61200,17:00:00,pt_agent_01,walk,walk,304587.33,2765108.97,1,in_leg,,,,,work,1,pt_metro_G06_DN_pt_metro_G05_DN,0.0,spatial,3,"home,pt interaction,work"
61200,17:00:00,pt_agent_04,walk,walk,301710.51648648654,2610324.223742204,1,in_leg,,,,,,,,,,2,"home,work"
61208,17:00:08,pt_agent_01,walk,walk,304587.6489157327,2765100.4398340606,1,in_leg,,,,,work,1,pt_metro_G06_DN_pt_metro_G05_DN,0.00853612547948525,spatial,3,"home,pt interaction,work"
61210,17:00:10,pt_agent_04,walk,walk,301709.9691891892,2610313.553762994,1,in_leg,,,,,,,,,,2,"home,work"
61216,17:00:16,pt_agent_01,walk,walk,304587.96783146536,2765091.9096681215,1,in_leg,,,,,pt interaction,2,pt_metro_G05_UP,0.00853612547948525,spatial,3,"home,pt interaction,work"
61220,17:00:20,pt_agent_04,walk,walk,301709.4218918919,2610302.8837837838,1,in_leg,,,,,,,,,,2,"home,work"
61224,17:00:24,pt_agent_01,walk,walk,304588.286747198,2765083.379502182,1,in_leg,,,,,pt interaction,2,pt_metro_G05_UP,0.0,spatial,3,"home,pt interaction,work"
61230,17:00:30,pt_agent_04,walk,walk,301708.87459459464,2610292.2138045738,1,in_leg,,,,,,,,,,2,"home,work"
61240,17:00:40,pt_agent_04,walk,walk,301708.3272972973,2610281.5438253637,1,in_leg,,,,,,,,,,2,"home,work"
61250,17:00:50,pt_agent_04,walk,walk,301707.78,2610270.8738461537,1,in_leg,,,,,,,,,,2,"home,work"
61260,17:01:00,pt_agent_04,walk,walk,301707.23270270275,2610260.2038669437,1,in_leg,,,,,,,,,,2,"home,work"
61269,17:01:09,pt_agent_01,subway,pt,304588.286747198,2765083.379502182,2,in_leg,,metro_Green,metro_Green_0_1_3960,subway,pt interaction,2,pt_metro_G05_UP,0.0,spatial,3,"home,pt interaction,work"
61270,17:01:10,pt_agent_04,walk,walk,301706.6854054054,2610249.5338877337,1,in_leg,,,,,,,,,,2,"home,work"
61279,17:01:19,pt_agent_01,subway,pt,304573.9780731899,2765161.819769978,2,in_leg,,metro_Green,metro_Green_0_1_3960,subway,work,1,pt_metro_G06_DN_pt_metro_G05_DN,0.054510293855880326,spatial,3,"home,pt interaction,work"
61280,17:01:20,pt_agent_04,walk,walk,301706.13810810813,2610238.8639085237,1,in_leg,,,,,,,,,,2,"home,work"
61289,17:01:29,pt_agent_01,subway,pt,304559.6693991818,2765240.260037774,2,in_leg,,metro_Green,metro_Green_0_1_3960,subway,work,1,pt_metro_G06_DN_pt_metro_G05_DN,0.1341722134285922,spatial,3,"home,pt interaction,work"
61290,17:01:30,pt_agent_04,walk,walk,301705.59081081086,2610228.1939293137,1,in_leg,,,,,,,,,,2,"home,work"
61299,17:01:39,pt_agent_01,subway,pt,304545.3607251736,2765318.7003055704,2,in_leg,,metro_Green,metro_Green_0_1_3960,subway,work,1,pt_metro_G06_DN_pt_metro_G05_DN,0.21388833793363893,spatial,3,"home,pt interaction,work"
61300,17:01:40,pt_agent_04,walk,walk,301705.0435135135,2610217.5239501037,1,in_leg,,,,,,,,,,2,"home,work"
61309,17:01:49,pt_agent_01,subway,pt,304531.0520511655,2765397.1405733665,2,in_leg,,metro_Green,metro_Green_0_1_3960,subway,work,1,pt_metro_G06_DN_pt_metro_G05_DN,0.2936145208931377,spatial,3,"home,pt interaction,work"
61310,17:01:50,pt_agent_04,walk,walk,301704.49621621624,2610206.8539708937,1,in_leg,,,,,,,,,,2,"home,work"
61319,17:01:59,pt_agent_01,subway,pt,304516.74337715737,2765475.5808411627,2,in_leg,,metro_Green,metro_Green_0_1_3960,subway,work,1,pt_metro_G06_DN_pt_metro_G05_DN,0.37334431853479133,spatial,3,"home,pt interaction,work"
61320,17:02:00,pt_agent_04,walk,walk,301703.94891891896,2610196.1839916836,1,in_leg,,,,,,,,,,2,"home,work"
61329,17:02:09,pt_agent_01,subway,pt,304502.43470314925,2765554.021108959,2,in_leg,,metro_Green,metro_Green_0_1_3960,subway,work,1,pt_metro_G06_DN_pt_metro_G05_DN,0.4530758225868131,spatial,3,"home,pt interaction,work"
61330,17:02:10,pt_agent_04,walk,walk,301703.4016216216,2610185.5140124736,1,in_leg,,,,,,,,,,2,"home,work"
61339,17:02:19,pt_agent_01,subway,pt,304488.1260291411,2765632.4613767546,2,in_leg,,metro_Green,metro_Green_0_1_3960,subway,home,0,pt_metro_G06_DN_pt_metro_G05_DN,0.44707903506981195,spatial,3,"home,pt interaction,work"
61340,17:02:20,pt_agent_04,walk,walk,301702.85432432435,2610174.844033264,1,in_leg,,,,,,,,,,2,"home,work"
61349,17:02:29,pt_agent_01,subway,pt,304473.81735513295,2765710.9016445507,2,in_leg,,metro_Green,metro_Green_0_1_3960,subway,home,0,pt_metro_G06_DN_pt_metro_G05_DN,0.3673492233148798,spatial,3,"home,pt interaction,work"
61350,17:02:30,pt_agent_04,walk,walk,301702.30702702707,2610164.174054054,1,in_leg,,,,,,,,,,2,"home,work"
61359,17:02:39,pt_agent_01,subway,pt,304459.50868112483,2765789.341912347,2,in_leg,,metro_Green,metro_Green_0_1_3960,subway,home,0,pt_metro_G06_DN_pt_metro_G05_DN,0.2876220917606041,spatial,3,"home,pt interaction,work"
61360,17:02:40,pt_agent_04,walk,walk,301701.75972972973,2610153.504074844,1,in_leg,,,,,,,,,,2,"home,work"
61369,17:02:49,pt_agent_01,subway,pt,304445.2000071167,2765867.782180143,2,in_leg,,metro_Green,metro_Green_0_1_3960,subway,home,0,pt_metro_G06_DN_pt_metro_G05_DN,0.2079007238925684,spatial,3,"home,pt interaction,work"
61370,17:02:50,pt_agent_04,walk,walk,301701.21243243245,2610142.834095634,1,in_leg,,,,,,,,,,2,"home,work"
61379,17:02:59,pt_agent_01,subway,pt,304430.89133310854,2765946.222447939,2,in_leg,,metro_Green,metro_Green_0_1_3960,subway,home,0,pt_metro_G06_DN_pt_metro_G05_DN,0.1281958729794685,spatial,3,"home,pt interaction,work"
61380,17:03:00,pt_agent_04,walk,walk,301700.6651351352,2610132.164116424,1,in_leg,,,,,,,,,,2,"home,work"
61389,17:03:09,pt_agent_01,subway,pt,304416.5826591004,2766024.6627157354,2,in_leg,,metro_Green,metro_Green_0_1_3960,subway,home,0,pt_metro_G06_DN_pt_metro_G05_DN,0.04858888999036329,spatial,3,"home,pt interaction,work"
61390,17:03:10,pt_agent_04,walk,walk,301700.11783783784,2610121.494137214,1,in_leg,,,,,,,,,,2,"home,work"
61399,17:03:19,pt_agent_01,subway,pt,304402.2739850923,2766103.1029835315,2,in_leg,,metro_Green,metro_Green_0_1_3960,subway,pt interaction,3,pt_metro_G06_UP,0.0,spatial,3,"home,pt interaction,work"
61399,17:03:19,pt_agent_01,walk,walk,304402.2739850923,2766103.1029835315,3,in_leg,,,,,pt interaction,3,pt_metro_G06_UP,0.0,spatial,3,"home,pt interaction,work"
61400,17:03:20,pt_agent_04,walk,walk,301699.57054054056,2610110.824158004,1,in_leg,,,,,,,,,,2,"home,work"
61409,17:03:29,pt_agent_01,walk,walk,304402.68599006155,2766092.555322354,3,in_leg,,,,,pt interaction,3,pt_metro_G06_UP,0.010555704827572352,spatial,3,"home,pt interaction,work"
61410,17:03:30,pt_agent_04,walk,walk,301699.0232432433,2610100.154178794,1,in_leg,,,,,,,,,,2,"home,work"
61419,17:03:39,pt_agent_01,walk,walk,304403.09799503075,2766082.0076611773,3,in_leg,,,,,home,0,pt_metro_G06_DN_pt_metro_G05_DN,0.010555704827572352,spatial,3,"home,pt interaction,work"
61420,17:03:40,pt_agent_04,walk,walk,301698.47594594595,2610089.484199584,1,in_leg,,,,,,,,,,2,"home,work"
61429,17:03:49,pt_agent_01,walk,walk,304403.51,2766071.46,3,in_leg,,,,,home,0,pt_metro_G06_DN_pt_metro_G05_DN,0.0,spatial,3,"home,pt interaction,work"
61430,17:03:50,pt_agent_04,walk,walk,301697.92864864867,2610078.814220374,1,in_leg,,,,,,,,,,2,"home,work"
61440,17:04:00,pt_agent_04,walk,walk,301697.3813513514,2610068.144241164,1,in_leg,,,,,,,,,,2,"home,work"
61450,17:04:10,pt_agent_04,walk,walk,301696.8340540541,2610057.474261954,1,in_leg,,,,,,,,,,2,"home,work"
61460,17:04:20,pt_agent_04,walk,walk,301696.2867567568,2610046.804282744,1,in_leg,,,,,,,,,,2,"home,work"
61470,17:04:30,pt_agent_04,walk,walk,301695.7394594595,2610036.134303534,1,in_leg,,,,,,,,,,2,"home,work"
61480,17:04:40,pt_agent_04,walk,walk,301695.1921621622,2610025.464324324,1,in_leg,,,,,,,,,,2,"home,work"
61490,17:04:50,pt_agent_04,walk,walk,301694.6448648649,2610014.7943451144,1,in_leg,,,,,,,,,,2,"home,work"
61500,17:05:00,pt_agent_04,walk,walk,301694.0975675676,2610004.1243659044,1,in_leg,,,,,,,,,,2,"home,work"
61510,17:05:10,pt_agent_04,walk,walk,301693.5502702703,2609993.4543866944,1,in_leg,,,,,,,,,,2,"home,work"
61520,17:05:20,pt_agent_04,walk,walk,301693.002972973,2609982.7844074843,1,in_leg,,,,,,,,,,2,"home,work"
61530,17:05:30,pt_agent_04,walk,walk,301692.4556756757,2609972.1144282743,1,in_leg,,,,,,,,,,2,"home,work"
61540,17:05:40,pt_agent_04,walk,walk,301691.90837837843,2609961.4444490643,1,in_leg,,,,,,,,,,2,"home,work"
61550,17:05:50,pt_agent_04,walk,walk,301691.3610810811,2609950.7744698543,1,in_leg,,,,,,,,,,2,"home,work"
61560,17:06:00,pt_agent_04,walk,walk,301690.8137837838,2609940.1044906443,1,in_leg,,,,,,,,,,2,"home,work"
61570,17:06:10,pt_agent_04,walk,walk,301690.26648648654,2609929.4345114343,1,in_leg,,,,,,,,,,2,"home,work"
61580,17:06:20,pt_agent_04,walk,walk,301689.7191891892,2609918.7645322243,1,in_leg,,,,,,,,,,2,"home,work"
61590,17:06:30,pt_agent_04,walk,walk,301689.1718918919,2609908.0945530143,1,in_leg,,,,,,,,,,2,"home,work"
61600,17:06:40,pt_agent_04,walk,walk,301688.62459459464,2609897.4245738043,1,in_leg,,,,,,,,,,2,"home,work"
61610,17:06:50,pt_agent_04,walk,walk,301688.0772972973,2609886.7545945942,1,in_leg,,,,,,,,,,2,"home,work"
61620,17:07:00,pt_agent_04,walk,walk,301687.53,2609876.084615384,1,in_leg,,,,,,,,,,2,"home,work"
61630,17:07:10,pt_agent_04,walk,walk,301686.98270270275,2609865.4146361747,1,in_leg,,,,,,,,,,2,"home,work"
61640,17:07:20,pt_agent_04,walk,walk,301686.4354054054,2609854.7446569647,1,in_leg,,,,,,,,,,2,"home,work"
61650,17:07:30,pt_agent_04,walk,walk,301685.88810810813,2609844.0746777547,1,in_leg,,,,,,,,,,2,"home,work"
61660,17:07:40,pt_agent_04,walk,walk,301685.34081081086,2609833.4046985446,1,in_leg,,,,,,,,,,2,"home,work"
61670,17:07:50,pt_agent_04,walk,walk,301684.7935135135,2609822.7347193346,1,in_leg,,,,,,,,,,2,"home,work"
61680,17:08:00,pt_agent_04,walk,walk,301684.24621621624,2609812.0647401246,1,in_leg,,,,,,,,,,2,"home,work"
61690,17:08:10,pt_agent_04,walk,walk,301683.69891891896,2609801.3947609146,1,in_leg,,,,,,,,,,2,"home,work"
61700,17:08:20,pt_agent_04,walk,walk,301683.1516216216,2609790.7247817046,1,in_leg,,,,,,,,,,2,"home,work"
61710,17:08:30,pt_agent_04,walk,walk,301682.60432432435,2609780.0548024946,1,in_leg,,,,,,,,,,2,"home,work"
61720,17:08:40,pt_agent_04,walk,walk,301682.05702702707,2609769.3848232846,1,in_leg,,,,,,,,,,2,"home,work"
61730,17:08:50,pt_agent_04,walk,walk,301681.50972972973,2609758.7148440746,1,in_leg,,,,,,,,,,2,"home,work"
61740,17:09:00,pt_agent_04,walk,walk,301680.96243243245,2609748.0448648646,1,in_leg,,,,,,,,,,2,"home,work"
61750,17:09:10,pt_agent_04,walk,walk,301680.4151351352,2609737.3748856545,1,in_leg,,,,,,,,,,2,"home,work"
61760,17:09:20,pt_agent_04,walk,walk,301679.86783783784,2609726.7049064445,1,in_leg,,,,,,,,,,2,"home,work"
61770,17:09:30,pt_agent_04,walk,walk,301679.32054054056,2609716.034927235,1,in_leg,,,,,,,,,,2,"home,work"
61780,17:09:40,pt_agent_04,walk,walk,301678.7732432433,2609705.364948025,1,in_leg,,,,,,,,,,2,"home,work"
61790,17:09:50,pt_agent_04,walk,walk,301678.22594594595,2609694.694968815,1,in_leg,,,,,,,,,,2,"home,work"
61800,17:10:00,pt_agent_04,walk,walk,301677.67864864867,2609684.024989605,1,in_leg,,,,,,,,,,2,"home,work"
61810,17:10:10,pt_agent_04,walk,walk,301677.1313513514,2609673.355010395,1,in_leg,,,,,,,,,,2,"home,work"
61820,17:10:20,pt_agent_04,walk,walk,301676.5840540541,2609662.685031185,1,in_leg,,,,,,,,,,2,"home,work"
61830,17:10:30,pt_agent_04,walk,walk,301676.0367567568,2609652.015051975,1,in_leg,,,,,,,,,,2,"home,work"
61840,17:10:40,pt_agent_04,walk,walk,301675.4894594595,2609641.345072765,1,in_leg,,,,,,,,,,2,"home,work"
61850,17:10:50,pt_agent_04,walk,walk,301674.9421621622,2609630.675093555,1,in_leg,,,,,,,,,,2,"home,work"
61860,17:11:00,pt_agent_04,walk,walk,301674.3948648649,2609620.005114345,1,in_leg,,,,,,,,,,2,"home,work"
61870,17:11:10,pt_agent_04,walk,walk,301673.8475675676,2609609.335135135,1,in_leg,,,,,,,,,,2,"home,work"
61880,17:11:20,pt_agent_04,walk,walk,301673.3002702703,2609598.665155925,1,in_leg,,,,,,,,,,2,"home,work"
61890,17:11:30,pt_agent_04,walk,walk,301672.752972973,2609587.995176715,1,in_leg,,,,,,,,,,2,"home,work"
61900,17:11:40,pt_agent_04,walk,walk,301672.2056756757,2609577.325197505,1,in_leg,,,,,,,,,,2,"home,work"
61910,17:11:50,pt_agent_04,walk,walk,301671.65837837843,2609566.655218295,1,in_leg,,,,,,,,,,2,"home,work"
61920,17:12:00,pt_agent_04,walk,walk,301671.1110810811,2609555.9852390853,1,in_leg,,,,,,,,,,2,"home,work"
61930,17:12:10,pt_agent_04,walk,walk,301670.5637837838,2609545.3152598753,1,in_leg,,,,,,,,,,2,"home,work"
61940,17:12:20,pt_agent_04,walk,walk,301670.01648648654,2609534.6452806653,1,in_leg,,,,,,,,,,2,"home,work"
61950,17:12:30,pt_agent_04,walk,walk,301669.4691891892,2609523.9753014552,1,in_leg,,,,,,,,,,2,"home,work"
61960,17:12:40,pt_agent_04,walk,walk,301668.9218918919,2609513.305322245,1,in_leg,,,,,,,,,,2,"home,work"
61970,17:12:50,pt_agent_04,walk,walk,301668.37459459464,2609502.635343035,1,in_leg,,,,,,,,,,2,"home,work"
61980,17:13:00,pt_agent_04,walk,walk,301667.8272972973,2609491.965363825,1,in_leg,,,,,,,,,,2,"home,work"
61990,17:13:10,pt_agent_04,walk,walk,301667.28,2609481.295384615,1,in_leg,,,,,,,,,,2,"home,work"
62000,17:13:20,pt_agent_04,walk,walk,301666.73270270275,2609470.625405405,1,in_leg,,,,,,,,,,2,"home,work"
62010,17:13:30,pt_agent_04,walk,walk,301666.1854054054,2609459.955426195,1,in_leg,,,,,,,,,,2,"home,work"
62020,17:13:40,pt_agent_04,walk,walk,301665.63810810813,2609449.285446985,1,in_leg,,,,,,,,,,2,"home,work"
62030,17:13:50,pt_agent_04,walk,walk,301665.09081081086,2609438.615467775,1,in_leg,,,,,,,,,,2,"home,work"
62040,17:14:00,pt_agent_04,walk,walk,301664.5435135135,2609427.945488565,1,in_leg,,,,,,,,,,2,"home,work"
62050,17:14:10,pt_agent_04,walk,walk,301663.99621621624,2609417.275509355,1,in_leg,,,,,,,,,,2,"home,work"
62060,17:14:20,pt_agent_04,walk,walk,301663.44891891896,2609406.6055301456,1,in_leg,,,,,,,,,,2,"home,work"
62070,17:14:30,pt_agent_04,walk,walk,301662.9016216216,2609395.9355509356,1,in_leg,,,,,,,,,,2,"home,work"
62080,17:14:40,pt_agent_04,walk,walk,301662.35432432435,2609385.2655717256,1,in_leg,,,,,,,,,,2,"home,work"
62090,17:14:50,pt_agent_04,walk,walk,301661.80702702707,2609374.5955925155,1,in_leg,,,,,,,,,,2,"home,work"
62100,17:15:00,pt_agent_04,walk,walk,301661.25972972973,2609363.9256133055,1,in_leg,,,,,,,,,,2,"home,work"
62100,17:15:00,pt_agent_05,walk,walk,300240.84,2614237.2,3,in_leg,,,,,work,3,pt_bus_THB274214_pt_bus_THB145967,0.0,spatial,3,"home,pt interaction,work"
62110,17:15:10,pt_agent_04,walk,walk,301660.71243243245,2609353.2556340955,1,in_leg,,,,,,,,,,2,"home,work"
62110,17:15:10,pt_agent_05,walk,walk,300242.379862069,2614247.722344828,3,in_leg,,,,,work,3,pt_bus_THB274214_pt_bus_THB145967,0.010634421275434394,spatial,3,"home,pt interaction,work"
62120,17:15:20,pt_agent_04,walk,walk,301660.1651351352,2609342.5856548855,1,in_leg,,,,,,,,,,2,"home,work"
62120,17:15:20,pt_agent_05,walk,walk,300243.91972413793,2614258.2446896555,3,in_leg,,,,,work,3,pt_bus_THB274214_pt_bus_THB145967,0.021268842550868788,spatial,3,"home,pt interaction,work"
62130,17:15:30,pt_agent_04,walk,walk,301659.61783783784,2609331.9156756755,1,in_leg,,,,,,,,,,2,"home,work"
62130,17:15:30,pt_agent_05,walk,walk,300245.45958620694,2614268.767034483,3,in_leg,,,,,work,3,pt_bus_THB274214_pt_bus_THB145967,0.031903263826311604,spatial,3,"home,pt interaction,work"
62140,17:15:40,pt_agent_04,walk,walk,301659.07054054056,2609321.2456964655,1,in_leg,,,,,,,,,,2,"home,work"
62140,17:15:40,pt_agent_05,walk,walk,300246.9994482759,2614279.2893793103,3,in_leg,,,,,work,3,pt_bus_THB274214_pt_bus_THB145967,0.04253768510128524,spatial,3,"home,pt interaction,work"
62150,17:15:50,pt_agent_04,walk,walk,301658.5232432433,2609310.5757172555,1,in_leg,,,,,,,,,,2,"home,work"
62150,17:15:50,pt_agent_05,walk,walk,300248.53931034484,2614289.811724138,3,in_leg,,,,,work,3,pt_bus_THB274214_pt_bus_THB145967,0.05317210637671963,spatial,3,"home,pt interaction,work"
62160,17:16:00,pt_agent_04,walk,walk,301657.97594594595,2609299.9057380455,1,in_leg,,,,,,,,,,2,"home,work"
62160,17:16:00,pt_agent_05,walk,walk,300250.0791724138,2614300.3340689656,3,in_leg,,,,,work,3,pt_bus_THB274214_pt_bus_THB145967,0.06380652765215403,spatial,3,"home,pt interaction,work"
62170,17:16:10,pt_agent_04,walk,walk,301657.42864864867,2609289.2357588354,1,in_leg,,,,,,,,,,2,"home,work"
62170,17:16:10,pt_agent_05,walk,walk,300251.6190344828,2614310.8564137933,3,in_leg,,,,,work,3,pt_bus_THB274214_pt_bus_THB145967,0.07444094892759685,spatial,3,"home,pt interaction,work"
62180,17:16:20,pt_agent_04,walk,walk,301656.8813513514,2609278.5657796254,1,in_leg,,,,,,,,,,2,"home,work"
62180,17:16:20,pt_agent_05,walk,walk,300253.15889655176,2614321.378758621,3,in_leg,,,,,work,3,pt_bus_THB274214_pt_bus_THB145967,0.08507537020303124,spatial,3,"home,pt interaction,work"
62190,17:16:30,pt_agent_04,walk,walk,301656.3340540541,2609267.8958004154,1,in_leg,,,,,,,,,,2,"home,work"
62190,17:16:30,pt_agent_05,walk,walk,300254.6987586207,2614331.9011034486,3,in_leg,,,,,work,3,pt_bus_THB274214_pt_bus_THB145967,0.09570979147846563,spatial,3,"home,pt interaction,work"
62200,17:16:40,pt_agent_04,walk,walk,301655.7867567568,2609257.225821206,1,in_leg,,,,,,,,,,2,"home,work"
62200,17:16:40,pt_agent_05,walk,walk,300256.23862068966,2614342.4234482762,3,in_leg,,,,,work,3,pt_bus_THB274214_pt_bus_THB145967,0.10634421275390002,spatial,3,"home,pt interaction,work"
62209,17:16:49,pt_agent_05,walk,walk,300257.7784827587,2614352.9457931034,3,in_leg,,,,,work,3,pt_bus_THB274214_pt_bus_THB145967,0.1169786340288821,spatial,3,"home,pt interaction,work"
62210,17:16:50,pt_agent_04,walk,walk,301655.2394594595,2609246.555841996,1,in_leg,,,,,,,,,,2,"home,work"
62219,17:16:59,pt_agent_05,walk,walk,300259.3183448276,2614363.468137931,3,in_leg,,,,,work,3,pt_bus_THB274214_pt_bus_THB145967,0.1276130553043165,spatial,3,"home,pt interaction,work"
62220,17:17:00,pt_agent_04,walk,walk,301654.6921621622,2609235.885862786,1,in_leg,,,,,,,,,,2,"home,work"
62229,17:17:09,pt_agent_05,walk,walk,300260.8582068966,2614373.9904827587,3,in_leg,,,,,work,3,pt_bus_THB274214_pt_bus_THB145967,0.1382474765797509,spatial,3,"home,pt interaction,work"
62230,17:17:10,pt_agent_04,walk,walk,301654.1448648649,2609225.215883576,1,in_leg,,,,,,,,,,2,"home,work"
62239,17:17:19,pt_agent_05,walk,walk,300262.3980689655,2614384.5128275864,3,in_leg,,,,,work,3,pt_bus_THB274214_pt_bus_THB145967,0.14888189785518527,spatial,3,"home,pt interaction,work"
62240,17:17:20,pt_agent_04,walk,walk,301653.5975675676,2609214.545904366,1,in_leg,,,,,,,,,,2,"home,work"
62249,17:17:29,pt_agent_05,walk,walk,300263.9379310345,2614395.035172414,3,in_leg,,,,,work,3,pt_bus_THB274214_pt_bus_THB145967,0.15951631913061967,spatial,3,"home,pt interaction,work"
62250,17:17:30,pt_agent_04,walk,walk,301653.0502702703,2609203.875925156,1,in_leg,,,,,,,,,,2,"home,work"
62259,17:17:39,pt_agent_05,walk,walk,300265.4777931035,2614405.5575172417,3,in_leg,,,,,work,3,pt_bus_THB274214_pt_bus_THB145967,0.17015074040606248,spatial,3,"home,pt interaction,work"
62260,17:17:40,pt_agent_04,walk,walk,301652.502972973,2609193.205945946,1,in_leg,,,,,,,,,,2,"home,work"
62269,17:17:49,pt_agent_05,walk,walk,300267.01765517244,2614416.0798620693,3,in_leg,,,,,work,3,pt_bus_THB274214_pt_bus_THB145967,0.1807851616814969,spatial,3,"home,pt interaction,work"
62270,17:17:50,pt_agent_04,walk,walk,301651.9556756757,2609182.535966736,1,in_leg,,,,,,,,,,2,"home,work"
62279,17:17:59,pt_agent_05,walk,walk,300268.5575172414,2614426.6022068965,3,in_leg,,,,,work,3,pt_bus_THB274214_pt_bus_THB145967,0.19141958295647052,spatial,3,"home,pt interaction,work"
62280,17:18:00,pt_agent_04,walk,walk,301651.40837837843,2609171.865987526,1,in_leg,,,,,,,,,,2,"home,work"
62289,17:18:09,pt_agent_05,walk,walk,300270.09737931035,2614437.124551724,3,in_leg,,,,,work,3,pt_bus_THB274214_pt_bus_THB145967,0.20205400423190492,spatial,3,"home,pt interaction,work"
62290,17:18:10,pt_agent_04,walk,walk,301650.8610810811,2609161.196008316,1,in_leg,,,,,,,,,,2,"home,work"
62299,17:18:19,pt_agent_05,walk,walk,300271.63724137936,2614447.646896552,3,in_leg,,,,,work,3,pt_bus_THB274214_pt_bus_THB145967,0.21268842550734773,spatial,3,"home,pt interaction,work"
62300,17:18:20,pt_agent_04,walk,walk,301650.3137837838,2609150.5260291058,1,in_leg,,,,,,,,,,2,"home,work"
62309,17:18:29,pt_agent_05,walk,walk,300273.1771034483,2614458.1692413795,3,in_leg,,,,,work,3,pt_bus_THB274214_pt_bus_THB145967,0.2233228467827821,spatial,3,"home,pt interaction,work"
62310,17:18:30,pt_agent_04,walk,walk,301649.76648648654,2609139.8560498958,1,in_leg,,,,,,,,,,2,"home,work"
62319,17:18:39,pt_agent_05,walk,walk,300274.71696551726,2614468.691586207,3,in_leg,,,,,work,3,pt_bus_THB274214_pt_bus_THB145967,0.23395726805821654,spatial,3,"home,pt interaction,work"
62320,17:18:40,pt_agent_04,walk,walk,301649.2191891892,2609129.1860706857,1,in_leg,,,,,,,,,,2,"home,work"
62329,17:18:49,pt_agent_05,walk,walk,300276.2568275862,2614479.213931035,3,in_leg,,,,,work,3,pt_bus_THB274214_pt_bus_THB145967,0.2445916893336509,spatial,3,"home,pt interaction,work"
62330,17:18:50,pt_agent_04,walk,walk,301648.6718918919,2609118.5160914757,1,in_leg,,,,,,,,,,2,"home,work"
62339,17:18:59,pt_agent_05,walk,walk,300277.79668965517,2614489.7362758624,3,in_leg,,,,,work,3,pt_bus_THB274214_pt_bus_THB145967,0.2552261106090853,spatial,3,"home,pt interaction,work"
62340,17:19:00,pt_agent_04,walk,walk,301648.12459459464,2609107.8461122657,1,in_leg,,,,,,,,,,2,"home,work"
62349,17:19:09,pt_agent_05,walk,walk,300279.3365517242,2614500.2586206896,3,in_leg,,,,,work,3,pt_bus_THB274214_pt_bus_THB145967,0.2658605318840674,spatial,3,"home,pt interaction,work"
62350,17:19:10,pt_agent_04,walk,walk,301647.5772972973,2609097.176133056,1,in_leg,,,,,,,,,,2,"home,work"
62359,17:19:19,pt_agent_05,walk,walk,300280.8764137931,2614510.7809655173,3,in_leg,,,,,work,3,pt_bus_THB274214_pt_bus_THB145967,0.2764949531595018,spatial,3,"home,pt interaction,work"
62360,17:19:20,pt_agent_04,walk,walk,301647.03,2609086.506153846,1,in_leg,,,,,,,,,,2,"home,work"
62369,17:19:29,pt_agent_05,walk,walk,300282.4162758621,2614521.303310345,3,in_leg,,,,,work,3,pt_bus_THB274214_pt_bus_THB145967,0.28712937443493614,spatial,3,"home,pt interaction,work"
62370,17:19:30,pt_agent_04,walk,walk,301646.48270270275,2609075.836174636,1,in_leg,,,,,,,,,,2,"home,work"
62379,17:19:39,pt_agent_05,walk,walk,300283.95613793103,2614531.8256551726,3,in_leg,,,,,work,3,pt_bus_THB274214_pt_bus_THB145967,0.29776379571037054,spatial,3,"home,pt interaction,work"
62380,17:19:40,pt_agent_04,walk,walk,301645.9354054054,2609065.166195426,1,in_leg,,,,,,,,,,2,"home,work"
62389,17:19:49,pt_agent_05,walk,walk,300285.49600000004,2614542.348,3,in_leg,,,,,work,3,pt_bus_THB274214_pt_bus_THB145967,0.3083982169858133,spatial,3,"home,pt interaction,work"
62390,17:19:50,pt_agent_04,walk,walk,301645.38810810813,2609054.496216216,1,in_leg,,,,,,,,,,2,"home,work"
62399,17:19:59,pt_agent_05,walk,walk,300287.035862069,2614552.870344828,3,in_leg,,,,,work,3,pt_bus_THB274214_pt_bus_THB145967,0.3190326382612478,spatial,3,"home,pt interaction,work"
62400,17:20:00,pt_agent_04,walk,walk,301644.84081081086,2609043.826237006,1,in_leg,,,,,,,,,,2,"home,work"
62409,17:20:09,pt_agent_05,walk,walk,300288.57572413795,2614563.3926896555,3,in_leg,,,,,work,3,pt_bus_THB274214_pt_bus_THB145967,0.3296670595366821,spatial,3,"home,pt interaction,work"
62410,17:20:10,pt_agent_04,walk,walk,301644.2935135135,2609033.156257796,1,in_leg,,,,,,,,,,2,"home,work"
62418,17:20:18,pt_agent_05,walk,walk,300290.1155862069,2614573.9150344827,3,in_leg,,,,,work,3,pt_bus_THB274214_pt_bus_THB145967,0.3403014808116558,spatial,3,"home,pt interaction,work"
62420,17:20:20,pt_agent_04,walk,walk,301643.74621621624,2609022.486278586,1,in_leg,,,,,,,,,,2,"home,work"
62428,17:20:28,pt_agent_05,walk,walk,300291.6554482759,2614584.4373793104,3,in_leg,,,,,work,3,pt_bus_THB274214_pt_bus_THB145967,0.35093590208709863,spatial,3,"home,pt interaction,work"
62430,17:20:30,pt_agent_04,walk,walk,301643.19891891896,2609011.816299376,1,in_leg,,,,,,,,,,2,"home,work"
62438,17:20:38,pt_agent_05,walk,walk,300293.19531034486,2614594.959724138,3,in_leg,,,,,work,3,pt_bus_THB274214_pt_bus_THB145967,0.361570323362533,spatial,3,"home,pt interaction,work"
62440,17:20:40,pt_agent_04,walk,walk,301642.6516216216,2609001.146320166,1,in_leg,,,,,,,,,,2,"home,work"
62448,17:20:48,pt_agent_05,walk,walk,300294.7351724138,2614605.4820689657,3,in_leg,,,,,work,3,pt_bus_THB274214_pt_bus_THB145967,0.3722047446379673,spatial,3,"home,pt interaction,work"
62450,17:20:50,pt_agent_04,walk,walk,301642.10432432435,2608990.476340956,1,in_leg,,,,,,,,,,2,"home,work"
62458,17:20:58,pt_agent_05,walk,walk,300296.27503448277,2614616.0044137933,3,in_leg,,,,,work,3,pt_bus_THB274214_pt_bus_THB145967,0.3828391659134018,spatial,3,"home,pt interaction,work"
62460,17:21:00,pt_agent_04,walk,walk,301641.55702702707,2608979.806361746,1,in_leg,,,,,,,,,,2,"home,work"
62468,17:21:08,pt_agent_05,walk,walk,300297.8148965517,2614626.526758621,3,in_leg,,,,,work,3,pt_bus_THB274214_pt_bus_THB145967,0.3934735871888362,spatial,3,"home,pt interaction,work"
62470,17:21:10,pt_agent_04,walk,walk,301641.00972972973,2608969.136382536,1,in_leg,,,,,,,,,,2,"home,work"
62478,17:21:18,pt_agent_05,walk,walk,300299.3547586207,2614637.049103448,3,in_leg,,,,,work,3,pt_bus_THB274214_pt_bus_THB145967,0.4041080084638182,spatial,3,"home,pt interaction,work"
62480,17:21:20,pt_agent_04,walk,walk,301640.46243243245,2608958.466403326,1,in_leg,,,,,,,,,,2,"home,work"
62488,17:21:28,pt_agent_05,walk,walk,300300.8946206897,2614647.571448276,3,in_leg,,,,,work,3,pt_bus_THB274214_pt_bus_THB145967,0.4147424297392527,spatial,3,"home,pt interaction,work"
62490,17:21:30,pt_agent_04,walk,walk,301639.9151351352,2608947.7964241165,1,in_leg,,,,,,,,,,2,"home,work"
62498,17:21:38,pt_agent_05,walk,walk,300302.43448275863,2614658.0937931035,3,in_leg,,,,,work,3,pt_bus_THB274214_pt_bus_THB145967,0.42537685101468703,spatial,3,"home,pt interaction,work"
62500,17:21:40,pt_agent_04,walk,walk,301639.36783783784,2608937.1264449065,1,in_leg,,,,,,,,,,2,"home,work"
62508,17:21:48,pt_agent_05,walk,walk,300303.9743448276,2614668.616137931,3,in_leg,,,,,work,3,pt_bus_THB274214_pt_bus_THB145967,0.4360112722901214,spatial,3,"home,pt interaction,work"
62510,17:21:50,pt_agent_04,walk,walk,301638.82054054056,2608926.4564656965,1,in_leg,,,,,,,,,,2,"home,work"
62518,17:21:58,pt_agent_05,walk,walk,300305.5142068966,2614679.138482759,3,in_leg,,,,,work,3,pt_bus_THB274214_pt_bus_THB145967,0.4466456935655642,spatial,3,"home,pt interaction,work"
62520,17:22:00,pt_agent_04,walk,walk,301638.2732432433,2608915.7864864864,1,in_leg,,,,,,,,,,2,"home,work"
62528,17:22:08,pt_agent_05,walk,walk,300307.05406896555,2614689.6608275864,3,in_leg,,,,,work,3,pt_bus_THB274214_pt_bus_THB145967,0.4572801148409986,spatial,3,"home,pt interaction,work"
62530,17:22:10,pt_agent_04,walk,walk,301637.72594594595,2608905.1165072764,1,in_leg,,,,,,,,,,2,"home,work"
62538,17:22:18,pt_agent_05,walk,walk,300308.5939310345,2614700.183172414,3,in_leg,,,,,work,3,pt_bus_THB274214_pt_bus_THB145967,0.4679145361164331,spatial,3,"home,pt interaction,work"
62540,17:22:20,pt_agent_04,walk,walk,301637.17864864867,2608894.4465280664,1,in_leg,,,,,,,,,,2,"home,work"
62548,17:22:28,pt_agent_05,walk,walk,300310.13379310345,2614710.7055172413,3,in_leg,,,,,work,3,pt_bus_THB274214_pt_bus_THB145967,0.4785489573914066,spatial,3,"home,pt interaction,work"
62550,17:22:30,pt_agent_04,walk,walk,301636.6313513514,2608883.7765488564,1,in_leg,,,,,,,,,,2,"home,work"
62558,17:22:38,pt_agent_05,walk,walk,300311.6736551724,2614721.227862069,3,in_leg,,,,,work,3,pt_bus_THB274214_pt_bus_THB145967,0.4891833786668411,spatial,3,"home,pt interaction,work"
62560,17:22:40,pt_agent_04,walk,walk,301636.0840540541,2608873.1065696464,1,in_leg,,,,,,,,,,2,"home,work"
62568,17:22:48,pt_agent_05,walk,walk,300313.2135172414,2614731.7502068966,3,in_leg,,,,,work,3,pt_bus_THB274214_pt_bus_THB145967,0.4998177999422839,spatial,3,"home,pt interaction,work"
62570,17:22:50,pt_agent_04,walk,walk,301635.5367567568,2608862.4365904364,1,in_leg,,,,,,,,,,2,"home,work"
62578,17:22:58,pt_agent_05,walk,walk,300314.75337931036,2614742.272551724,3,in_leg,,,,,,,,,,3,"home,pt interaction,work"
62580,17:23:00,pt_agent_04,walk,walk,301634.9894594595,2608851.7666112264,1,in_leg,,,,,,,,,,2,"home,work"
62588,17:23:08,pt_agent_05,walk,walk,300316.2932413793,2614752.794896552,3,in_leg,,,,,,,,,,3,"home,pt interaction,work"
62590,17:23:10,pt_agent_04,walk,walk,301634.4421621622,2608841.0966320164,1,in_leg,,,,,,,,,,2,"home,work"
62598,17:23:18,pt_agent_05,walk,walk,300317.83310344827,2614763.3172413795,3,in_leg,,,,,,,,,,3,"home,pt interaction,work"
62600,17:23:20,pt_agent_04,walk,walk,301633.8948648649,2608830.4266528063,1,in_leg,,,,,,,,,,2,"home,work"
62608,17:23:28,pt_agent_05,walk,walk,300319.3729655173,2614773.839586207,3,in_leg,,,,,,,,,,3,"home,pt interaction,work"
62610,17:23:30,pt_agent_04,walk,walk,301633.3475675676,2608819.7566735963,1,in_leg,,,,,,,,,,2,"home,work"
62617,17:23:37,pt_agent_05,walk,walk,300320.91282758623,2614784.3619310344,3,in_leg,,,,,,,,,,3,"home,pt interaction,work"
62620,17:23:40,pt_agent_04,walk,walk,301632.8002702703,2608809.0866943863,1,in_leg,,,,,,,,,,2,"home,work"
62627,17:23:47,pt_agent_05,walk,walk,300322.4526896552,2614794.884275862,3,in_leg,,,,,,,,,,3,"home,pt interaction,work"
62630,17:23:50,pt_agent_04,walk,walk,301632.252972973,2608798.4167151763,1,in_leg,,,,,,,,,,2,"home,work"
62637,17:23:57,pt_agent_05,walk,walk,300323.99255172414,2614805.4066206897,3,in_leg,,,,,,,,,,3,"home,pt interaction,work"
62640,17:24:00,pt_agent_04,walk,walk,301631.7056756757,2608787.7467359668,1,in_leg,,,,,,,,,,2,"home,work"
62647,17:24:07,pt_agent_05,walk,walk,300325.53241379315,2614815.9289655173,3,in_leg,,,,,,,,,,3,"home,pt interaction,work"
62650,17:24:10,pt_agent_04,walk,walk,301631.15837837843,2608777.0767567568,1,in_leg,,,,,,,,,,2,"home,work"
62657,17:24:17,pt_agent_05,walk,walk,300327.0722758621,2614826.451310345,3,in_leg,,,,,,,,,,3,"home,pt interaction,work"
62660,17:24:20,pt_agent_04,walk,walk,301630.6110810811,2608766.4067775467,1,in_leg,,,,,,,,,,2,"home,work"
62667,17:24:27,pt_agent_05,walk,walk,300328.61213793105,2614836.9736551726,3,in_leg,,,,,,,,,,3,"home,pt interaction,work"
62670,17:24:30,pt_agent_04,walk,walk,301630.0637837838,2608755.7367983367,1,in_leg,,,,,,,,,,2,"home,work"
62677,17:24:37,pt_agent_05,walk,walk,300330.152,2614847.4960000003,3,in_leg,,,,,,,,,,3,"home,pt interaction,work"
62680,17:24:40,pt_agent_04,walk,walk,301629.51648648654,2608745.0668191267,1,in_leg,,,,,,,,,,2,"home,work"
62687,17:24:47,pt_agent_05,walk,walk,300331.69186206895,2614858.0183448275,3,in_leg,,,,,,,,,,3,"home,pt interaction,work"
62690,17:24:50,pt_agent_04,walk,walk,301628.9691891892,2608734.3968399167,1,in_leg,,,,,,,,,,2,"home,work"
62697,17:24:57,pt_agent_05,walk,walk,300333.23172413796,2614868.540689655,3,in_leg,,,,,,,,,,3,"home,pt interaction,work"
62700,17:25:00,pt_agent_04,walk,walk,301628.4218918919,2608723.7268607067,1,in_leg,,,,,,,,,,2,"home,work"
62707,17:25:07,pt_agent_05,walk,walk,300334.7715862069,2614879.0630344828,3,in_leg,,,,,,,,,,3,"home,pt interaction,work"
62710,17:25:10,pt_agent_04,walk,walk,301627.87459459464,2608713.0568814967,1,in_leg,,,,,,,,,,2,"home,work"
62717,17:25:17,pt_agent_05,walk,walk,300336.31144827587,2614889.5853793104,3,in_leg,,,,,,,,,,3,"home,pt interaction,work"
62720,17:25:20,pt_agent_04,walk,walk,301627.3272972973,2608702.3869022867,1,in_leg,,,,,,,,,,2,"home,work"
62727,17:25:27,pt_agent_05,walk,walk,300337.8513103448,2614900.107724138,3,in_leg,,,,,,,,,,3,"home,pt interaction,work"
62730,17:25:30,pt_agent_04,walk,walk,301626.78,2608691.7169230767,1,in_leg,,,,,,,,,,2,"home,work"
62737,17:25:37,pt_agent_05,walk,walk,300339.39117241383,2614910.6300689657,3,in_leg,,,,,,,,,,3,"home,pt interaction,work"
62740,17:25:40,pt_agent_04,walk,walk,301626.23270270275,2608681.0469438666,1,in_leg,,,,,,,,,,2,"home,work"
62747,17:25:47,pt_agent_05,walk,walk,300340.9310344828,2614921.1524137934,3,in_leg,,,,,,,,,,3,"home,pt interaction,work"
62750,17:25:50,pt_agent_04,walk,walk,301625.6854054054,2608670.3769646566,1,in_leg,,,,,,,,,,2,"home,work"
62757,17:25:57,pt_agent_05,walk,walk,300342.47089655173,2614931.6747586206,3,in_leg,,,,,,,,,,3,"home,pt interaction,work"
62760,17:26:00,pt_agent_04,walk,walk,301625.13810810813,2608659.7069854466,1,in_leg,,,,,,,,,,2,"home,work"
62767,17:26:07,pt_agent_05,walk,walk,300344.0107586207,2614942.197103448,3,in_leg,,,,,,,,,,3,"home,pt interaction,work"
62770,17:26:10,pt_agent_04,walk,walk,301624.59081081086,2608649.0370062366,1,in_leg,,,,,,,,,,2,"home,work"
62777,17:26:17,pt_agent_05,walk,walk,300345.55062068964,2614952.719448276,3,in_leg,,,,,,,,,,3,"home,pt interaction,work"
62780,17:26:20,pt_agent_04,walk,walk,301624.0435135135,2608638.367027027,1,in_leg,,,,,,,,,,2,"home,work"
62787,17:26:27,pt_agent_05,walk,walk,300347.09048275865,2614963.2417931035,3,in_leg,,,,,,,,,,3,"home,pt interaction,work"
62790,17:26:30,pt_agent_04,walk,walk,301623.49621621624,2608627.697047817,1,in_leg,,,,,,,,,,2,"home,work"
62797,17:26:37,pt_agent_05,walk,walk,300348.6303448276,2614973.764137931,3,in_leg,,,,,,,,,,3,"home,pt interaction,work"
62800,17:26:40,pt_agent_04,walk,walk,301622.94891891896,2608617.027068607,1,in_leg,,,,,,,,,,2,"home,work"
62807,17:26:47,pt_agent_05,walk,walk,300350.17020689655,2614984.286482759,3,in_leg,,,,,,,,,,3,"home,pt interaction,work"
62810,17:26:50,pt_agent_04,walk,walk,301622.4016216216,2608606.357089397,1,in_leg,,,,,,,,,,2,"home,work"
62817,17:26:57,pt_agent_05,walk,walk,300351.7100689655,2614994.8088275865,3,in_leg,,,,,,,,,,3,"home,pt interaction,work"
62820,17:27:00,pt_agent_04,walk,walk,301621.85432432435,2608595.687110187,1,in_leg,,,,,,,,,,2,"home,work"
62826,17:27:06,pt_agent_05,walk,walk,300353.2499310345,2615005.3311724137,3,in_leg,,,,,,,,,,3,"home,pt interaction,work"
62830,17:27:10,pt_agent_04,walk,walk,301621.30702702707,2608585.017130977,1,in_leg,,,,,,,,,,2,"home,work"
62836,17:27:16,pt_agent_05,walk,walk,300354.78979310347,2615015.8535172413,3,in_leg,,,,,,,,,,3,"home,pt interaction,work"
62840,17:27:20,pt_agent_04,walk,walk,301620.75972972973,2608574.347151767,1,in_leg,,,,,,,,,,2,"home,work"
62846,17:27:26,pt_agent_05,walk,walk,300356.3296551724,2615026.375862069,3,in_leg,,,,,,,,,,3,"home,pt interaction,work"
62850,17:27:30,pt_agent_04,walk,walk,301620.21243243245,2608563.677172557,1,in_leg,,,,,,,,,,2,"home,work"
62856,17:27:36,pt_agent_05,walk,walk,300357.8695172414,2615036.8982068966,3,in_leg,,,,,,,,,,3,"home,pt interaction,work"
62860,17:27:40,pt_agent_04,walk,walk,301619.6651351352,2608553.007193347,1,in_leg,,,,,,,,,,2,"home,work"
62866,17:27:46,pt_agent_05,walk,walk,300359.4093793104,2615047.4205517243,3,in_leg,,,,,,,,,,3,"home,pt interaction,work"
62870,17:27:50,pt_agent_04,walk,walk,301619.11783783784,2608542.337214137,1,in_leg,,,,,,,,,,2,"home,work"
62876,17:27:56,pt_agent_05,walk,walk,300360.94924137933,2615057.942896552,3,in_leg,,,,,,,,,,3,"home,pt interaction,work"
62880,17:28:00,pt_agent_04,walk,walk,301618.57054054056,2608531.667234927,1,in_leg,,,,,,,,,,2,"home,work"
62886,17:28:06,pt_agent_05,walk,walk,300362.4891034483,2615068.4652413796,3,in_leg,,,,,,,,,,3,"home,pt interaction,work"
62890,17:28:10,pt_agent_04,walk,walk,301618.0232432433,2608520.997255717,1,in_leg,,,,,,,,,,2,"home,work"
62896,17:28:16,pt_agent_05,walk,walk,300364.02896551724,2615078.9875862068,3,in_leg,,,,,,,,,,3,"home,pt interaction,work"
62900,17:28:20,pt_agent_04,walk,walk,301617.47594594595,2608510.327276507,1,in_leg,,,,,,,,,,2,"home,work"
62906,17:28:26,pt_agent_05,walk,walk,300365.5688275862,2615089.5099310344,3,in_leg,,,,,,,,,,3,"home,pt interaction,work"
62910,17:28:30,pt_agent_04,walk,walk,301616.92864864867,2608499.657297297,1,in_leg,,,,,,,,,,2,"home,work"
62916,17:28:36,pt_agent_05,walk,walk,300367.1086896552,2615100.032275862,3,in_leg,,,,,,,,,,3,"home,pt interaction,work"
62920,17:28:40,pt_agent_04,walk,walk,301616.3813513514,2608488.9873180874,1,in_leg,,,,,,,,,,2,"home,work"
62926,17:28:46,pt_agent_05,walk,walk,300368.64855172415,2615110.5546206897,3,in_leg,,,,,,,,,,3,"home,pt interaction,work"
62930,17:28:50,pt_agent_04,walk,walk,301615.8340540541,2608478.3173388774,1,in_leg,,,,,,,,,,2,"home,work"
62936,17:28:56,pt_agent_05,walk,walk,300370.1884137931,2615121.0769655174,3,in_leg,,,,,,,,,,3,"home,pt interaction,work"
62940,17:29:00,pt_agent_04,walk,walk,301615.2867567568,2608467.6473596673,1,in_leg,,,,,,,,,,2,"home,work"
62946,17:29:06,pt_agent_05,walk,walk,300371.72827586206,2615131.599310345,3,in_leg,,,,,,,,,,3,"home,pt interaction,work"
62950,17:29:10,pt_agent_04,walk,walk,301614.7394594595,2608456.9773804573,1,in_leg,,,,,,,,,,2,"home,work"
62956,17:29:16,pt_agent_05,walk,walk,300373.26813793107,2615142.1216551727,3,in_leg,,,,,,,,,,3,"home,pt interaction,work"
62960,17:29:20,pt_agent_04,walk,walk,301614.1921621622,2608446.3074012473,1,in_leg,,,,,,,,,,2,"home,work"
62966,17:29:26,pt_agent_05,walk,walk,300374.808,2615152.644,3,in_leg,,,,,,,,,,3,"home,pt interaction,work"
62970,17:29:30,pt_agent_04,walk,walk,301613.6448648649,2608435.6374220373,1,in_leg,,,,,,,,,,2,"home,work"
62976,17:29:36,pt_agent_05,walk,walk,300376.347862069,2615163.1663448275,3,in_leg,,,,,,,,,,3,"home,pt interaction,work"
62980,17:29:40,pt_agent_04,walk,walk,301613.0975675676,2608424.9674428273,1,in_leg,,,,,,,,,,2,"home,work"
62986,17:29:46,pt_agent_05,walk,walk,300377.8877241379,2615173.688689655,3,in_leg,,,,,,,,,,3,"home,pt interaction,work"
62990,17:29:50,pt_agent_04,walk,walk,301612.5502702703,2608414.2974636173,1,in_leg,,,,,,,,,,2,"home,work"
62996,17:29:56,pt_agent_05,walk,walk,300379.4275862069,2615184.211034483,3,in_leg,,,,,,,,,,3,"home,pt interaction,work"
63000,17:30:00,pt_agent_02,walk,walk,304586.84,2765054.8,3,in_leg,,,,,work,3,pt_metro_G04_UP_pt_metro_G05_UP,0.0,spatial,3,"home,pt interaction,work"
63000,17:30:00,pt_agent_04,walk,walk,301612.002972973,2608403.6274844073,1,in_leg,,,,,,,,,,2,"home,work"
63006,17:30:06,pt_agent_05,walk,walk,300380.9674482759,2615194.7333793105,3,in_leg,,,,,,,,,,3,"home,pt interaction,work"
63008,17:30:08,pt_agent_02,walk,walk,304587.88961976254,2765063.7698796606,3,in_leg,,,,,work,3,pt_metro_G04_UP_pt_metro_G05_UP,0.009031082037845832,spatial,3,"home,pt interaction,work"
63010,17:30:10,pt_agent_04,walk,walk,301611.4556756757,2608392.9575051973,1,in_leg,,,,,,,,,,2,"home,work"
63016,17:30:16,pt_agent_05,walk,walk,300382.50731034484,2615205.255724138,3,in_leg,,,,,,,,,,3,"home,pt interaction,work"
63017,17:30:17,pt_agent_02,walk,walk,304588.9392395251,2765072.739759322,3,in_leg,,,,,pt interaction,2,pt_metro_G05_UP,0.010659731439678327,spatial,3,"home,pt interaction,work"
63020,17:30:20,pt_agent_04,walk,walk,301610.90837837843,2608382.2875259873,1,in_leg,,,,,,,,,,2,"home,work"
63026,17:30:26,pt_agent_02,walk,walk,304589.98885928764,2765081.709638983,3,in_leg,,,,,pt interaction,2,pt_metro_G05_UP,0.0023844556335948326,spatial,3,"home,pt interaction,work"
63026,17:30:26,pt_agent_05,walk,walk,300384.0471724138,2615215.7780689658,3,in_leg,,,,,,,,,,3,"home,pt interaction,work"
63030,17:30:30,pt_agent_04,walk,walk,301610.3610810811,2608371.6175467772,1,in_leg,,,,,,,,,,2,"home,work"
63034,17:30:34,pt_agent_02,walk,walk,304591.03847905016,2765090.6795186438,3,in_leg,,,,,pt interaction,4,pt_metro_G05_DN,0.0,spatial,3,"home,pt interaction,work"
63035,17:30:35,pt_agent_05,walk,walk,300385.58703448274,2615226.300413793,3,in_leg,,,,,,,,,,3,"home,pt interaction,work"
63040,17:30:40,pt_agent_04,walk,walk,301609.8137837838,2608360.947567567,1,in_leg,,,,,,,,,,2,"home,work"
63045,17:30:45,pt_agent_05,walk,walk,300387.12689655175,2615236.8227586206,3,in_leg,,,,,,,,,,3,"home,pt interaction,work"
63047,17:30:47,pt_agent_02,subway,pt,304591.03847905016,2765090.6795186438,4,in_leg,,metro_Green,metro_Green_1_1_40320,subway,pt interaction,4,pt_metro_G05_DN,0.0,spatial,3,"home,pt interaction,work"
63047,17:30:47,pt_agent_02,subway,pt,304656.9326833884,2763972.743357124,4,in_leg,,metro_Green,metro_Green_1_1_40320,subway,,,,,,3,"home,pt interaction,work"
63050,17:30:50,pt_agent_04,walk,walk,301609.26648648654,2608350.277588357,1,in_leg,,,,,,,,,,2,"home,work"
63055,17:30:55,pt_agent_05,walk,walk,300388.6667586207,2615247.3451034483,3,in_leg,,,,,,,,,,3,"home,pt interaction,work"
63056,17:30:56,pt_agent_02,subway,pt,304595.431426006,2765016.1504412093,4,in_leg,,metro_Green,metro_Green_1_1_40320,subway,work,3,pt_metro_G04_UP_pt_metro_G05_UP,0.03959294123346118,spatial,3,"home,pt interaction,work"
63057,17:30:57,pt_agent_02,subway,pt,304663.46820456005,2763940.5556087894,4,in_leg,,metro_Green,metro_Green_1_1_40320,subway,,,,,,3,"home,pt interaction,work"
63060,17:31:00,pt_agent_04,walk,walk,301608.7191891892,2608339.607609147,1,in_leg,,,,,,,,,,2,"home,work"
63065,17:31:05,pt_agent_05,walk,walk,300390.20662068966,2615257.867448276,3,in_leg,,,,,,,,,,3,"home,pt interaction,work"
63066,17:31:06,pt_agent_02,subway,pt,304599.82437296194,2764941.6213637744,4,in_leg,,metro_Green,metro_Green_1_1_40320,subway,work,3,pt_metro_G04_UP_pt_metro_G05_UP,0.11392101491409283,spatial,3,"home,pt interaction,work"
63067,17:31:07,pt_agent_02,subway,pt,304670.0037257317,2763908.3678604546,4,in_leg,,metro_Green,metro_Green_1_1_40320,subway,,,,,,3,"home,pt interaction,work"
63070,17:31:10,pt_agent_04,walk,walk,301608.1718918919,2608328.9376299377,1,in_leg,,,,,,,,,,2,"home,work"
63075,17:31:15,pt_agent_02,subway,pt,304604.2173199178,2764867.09228634,4,in_leg,,metro_Green,metro_Green_1_1_40320,subway,work,3,pt_metro_G04_UP_pt_metro_G05_UP,0.18851036314997166,spatial,3,"home,pt interaction,work"
63075,17:31:15,pt_agent_05,walk,walk,300391.7464827586,2615268.3897931036,3,in_leg,,,,,home,0,pt_bus_THB145966,0.4998177999422839,spatial,3,"home,pt interaction,work"
63077,17:31:17,pt_agent_02,subway,pt,304676.5392469034,2763876.18011212,4,in_leg,,metro_Green,metro_Green_1_1_40320,subway,,,,,,3,"home,pt interaction,work"
63080,17:31:20,pt_agent_04,walk,walk,301607.62459459464,2608318.2676507276,1,in_leg,,,,,,,,,,2,"home,work"
63085,17:31:25,pt_agent_02,subway,pt,304608.6102668737,2764792.563208905,4,in_leg,,metro_Green,metro_Green_1_1_40320,subway,work,3,pt_metro_G04_UP_pt_metro_G05_UP,0.2631388970172012,spatial,3,"home,pt interaction,work"
63085,17:31:25,pt_agent_05,walk,walk,300393.2863448276,2615278.912137931,3,in_leg,,,,,home,0,pt_bus_THB145966,0.4891833786668411,spatial,3,"home,pt interaction,work"
63086,17:31:26,pt_agent_02,subway,pt,304683.074768075,2763843.992363786,4,in_leg,,metro_Green,metro_Green_1_1_40320,subway,,,,,,3,"home,pt interaction,work"
63090,17:31:30,pt_agent_04,walk,walk,301607.0772972973,2608307.5976715176,1,in_leg,,,,,,,,,,2,"home,work"
63094,17:31:34,pt_agent_02,subway,pt,304613.0032138296,2764718.0341314706,4,in_leg,,metro_Green,metro_Green_1_1_40320,subway,work,3,pt_metro_G04_UP_pt_metro_G05_UP,0.33778064474467157,spatial,3,"home,pt interaction,work"
63095,17:31:35,pt_agent_05,walk,walk,300394.82620689657,2615289.434482759,3,in_leg,,,,,home,0,pt_bus_THB145966,0.4785489573914066,spatial,3,"home,pt interaction,work"
63096,17:31:36,pt_agent_02,subway,pt,304689.61028924666,2763811.804615451,4,in_leg,,metro_Green,metro_Green_1_1_40320,subway,,,,,,3,"home,pt interaction,work"
63100,17:31:40,pt_agent_04,walk,walk,301606.53,2608296.9276923076,1,in_leg,,,,,,,,,,2,"home,work"
63103,17:31:43,pt_agent_02,subway,pt,304617.39616078546,2764643.5050540357,4,in_leg,,metro_Green,metro_Green_1_1_40320,subway,work,3,pt_metro_G04_UP_pt_metro_G05_UP,0.41242843201891033,spatial,3,"home,pt interaction,work"
63105,17:31:45,pt_agent_05,walk,walk,300396.3660689655,2615299.956827586,3,in_leg,,,,,home,0,pt_bus_THB145966,0.4679145361164331,spatial,3,"home,pt interaction,work"
63106,17:31:46,pt_agent_02,subway,pt,304696.1458104183,2763779.6168671167,4,in_leg,,metro_Green,metro_Green_1_1_40320,subway,,,,,,3,"home,pt interaction,work"
63110,17:31:50,pt_agent_04,walk,walk,301605.98270270275,2608286.2577130976,1,in_leg,,,,,,,,,,2,"home,work"
63113,17:31:53,pt_agent_02,subway,pt,304621.7891077413,2764568.9759766012,4,in_leg,,metro_Green,metro_Green_1_1_40320,subway,work,3,pt_metro_G04_UP_pt_metro_G05_UP,0.48707948205922996,spatial,3,"home,pt interaction,work"
63115,17:31:55,pt_agent_05,walk,walk,300397.9059310345,2615310.4791724137,3,in_leg,,,,,home,0,pt_bus_THB145966,0.4572801148409986,spatial,3,"home,pt interaction,work"
63116,17:31:56,pt_agent_02,subway,pt,304702.68133158993,2763747.429118782,4,in_leg,,metro_Green,metro_Green_1_1_40320,subway,,,,,,3,"home,pt interaction,work"
63120,17:32:00,pt_agent_04,walk,walk,301605.4354054054,2608275.5877338876,1,in_leg,,,,,,,,,,2,"home,work"
63122,17:32:02,pt_agent_02,subway,pt,304626.18205469724,2764494.4468991663,4,in_leg,,metro_Green,metro_Green_1_1_40320,subway,,,,,,3,"home,pt interaction,work"
63125,17:32:05,pt_agent_05,walk,walk,300399.4457931034,2615321.0015172414,3,in_leg,,,,,home,0,pt_bus_THB145966,0.4466456935655642,spatial,3,"home,pt interaction,work"
63126,17:32:06,pt_agent_02,subway,pt,304709.21685276163,2763715.2413704474,4,in_leg,,metro_Green,metro_Green_1_1_40320,subway,,,,,,3,"home,pt interaction,work"
63130,17:32:10,pt_agent_04,walk,walk,301604.88810810813,2608264.9177546776,1,in_leg,,,,,,,,,,2,"home,work"
63132,17:32:12,pt_agent_02,subway,pt,304630.5750016531,2764419.917821732,4,in_leg,,metro_Green,metro_Green_1_1_40320,subway,,,,,,3,"home,pt interaction,work"
63135,17:32:15,pt_agent_05,walk,walk,300400.98565517244,2615331.523862069,3,in_leg,,,,,home,0,pt_bus_THB145966,0.4360112722901214,spatial,3,"home,pt interaction,work"
63136,17:32:16,pt_agent_02,subway,pt,304715.75237393327,2763683.053622113,4,in_leg,,metro_Green,metro_Green_1_1_40320,subway,,,,,,3,"home,pt interaction,work"
63140,17:32:20,pt_agent_04,walk,walk,301604.34081081086,2608254.2477754676,1,in_leg,,,,,,,,,,2,"home,work"
63141,17:32:21,pt_agent_02,subway,pt,304634.967948609,2764345.388744297,4,in_leg,,metro_Green,metro_Green_1_1_40320,subway,,,,,,3,"home,pt interaction,work"
63145,17:32:25,pt_agent_02,subway,pt,304722.2878951049,2763650.8658737782,4,in_leg,,metro_Green,metro_Green_1_1_40320,subway,pt interaction,1,pt_metro_G03_UP,0.49266818495024123,spatial,3,"home,pt interaction,work"
63145,17:32:25,pt_agent_05,walk,walk,300402.5255172414,2615342.0462068967,3,in_leg,,,,,home,0,pt_bus_THB145966,0.42537685101468703,spatial,3,"home,pt interaction,work"
63150,17:32:30,pt_agent_02,subway,pt,304639.3608955649,2764270.8596668625,4,in_leg,,metro_Green,metro_Green_1_1_40320,subway,,,,,,3,"home,pt interaction,work"
63150,17:32:30,pt_agent_04,walk,walk,301603.7935135135,2608243.5777962576,1,in_leg,,,,,,,,,,2,"home,work"
63155,17:32:35,pt_agent_02,subway,pt,304728.82341627654,2763618.678125444,4,in_leg,,metro_Green,metro_Green_1_1_40320,subway,pt interaction,1,pt_metro_G03_UP,0.4598236392870463,spatial,3,"home,pt interaction,work"
63155,17:32:35,pt_agent_05,walk,walk,300404.06537931034,2615352.5685517243,3,in_leg,,,,,home,0,pt_bus_THB145966,0.4147424297392527,spatial,3,"home,pt interaction,work"
63160,17:32:40,pt_agent_02,subway,pt,304643.75384252076,2764196.3305894276,4,in_leg,,metro_Green,metro_Green_1_1_40320,subway,,,,,,3,"home,pt interaction,work"
63160,17:32:40,pt_agent_04,walk,walk,301603.24621621624,2608232.9078170476,1,in_leg,,,,,,,,,,2,"home,work"
63165,17:32:45,pt_agent_02,subway,pt,304735.3589374482,2763586.4903771095,4,in_leg,,metro_Green,metro_Green_1_1_40320,subway,pt interaction,1,pt_metro_G03_UP,0.4269790936238513,spatial,3,"home,pt interaction,work"
63165,17:32:45,pt_agent_05,walk,walk,300405.6052413793,2615363.090896552,3,in_leg,,,,,home,0,pt_bus_THB145966,0.4041080084638182,spatial,3,"home,pt interaction,work"
63169,17:32:49,pt_agent_02,subway,pt,304648.1467894766,2764121.801511993,4,in_leg,,metro_Green,metro_Green_1_1_40320,subway,,,,,,3,"home,pt interaction,work"
63170,17:32:50,pt_agent_04,walk,walk,301602.69891891896,2608222.2378378375,1,in_leg,,,,,,,,,,2,"home,work"
63175,17:32:55,pt_agent_02,subway,pt,304741.8944586199,2763554.3026287747,4,in_leg,,metro_Green,metro_Green_1_1_40320,subway,pt interaction,1,pt_metro_G03_UP,0.3941345479601883,spatial,3,"home,pt interaction,work"
63175,17:32:55,pt_agent_05,walk,walk,300407.1451034483,2615373.613241379,3,in_leg,,,,,home,0,pt_bus_THB145966,0.3934735871888362,spatial,3,"home,pt interaction,work"
63179,17:32:59,pt_agent_02,subway,pt,304652.53973643255,2764047.2724345583,4,in_leg,,metro_Green,metro_Green_1_1_40320,subway,,,,,,3,"home,pt interaction,work"
63180,17:33:00,pt_agent_04,walk,walk,301602.1516216216,2608211.5678586275,1,in_leg,,,,,,,,,,2,"home,work"
63185,17:33:05,pt_agent_02,subway,pt,304748.4299797915,2763522.1148804403,4,in_leg,,metro_Green,metro_Green_1_1_40320,subway,pt interaction,1,pt_metro_G03_UP,0.36129000229699343,spatial,3,"home,pt interaction,work"
63185,17:33:05,pt_agent_05,walk,walk,300408.68496551726,2615384.135586207,3,in_leg,,,,,home,0,pt_bus_THB145966,0.3828391659134018,spatial,3,"home,pt interaction,work"
63188,17:33:08,pt_agent_02,subway,pt,304656.9326833884,2763972.743357124,4,in_leg,,metro_Green,metro_Green_1_1_40320,subway,,,,,,3,"home,pt interaction,work"
63190,17:33:10,pt_agent_04,walk,walk,301601.60432432435,2608200.8978794175,1,in_leg,,,,,,,,,,2,"home,work"
63195,17:33:15,pt_agent_02,subway,pt,304754.96550096315,2763489.927132106,4,in_leg,,metro_Green,metro_Green_1_1_40320,subway,pt interaction,1,pt_metro_G03_UP,0.3284454566337984,spatial,3,"home,pt interaction,work"
63195,17:33:15,pt_agent_05,walk,walk,300410.2248275862,2615394.6579310345,3,in_leg,,,,,home,0,pt_bus_THB145966,0.3722047446379673,spatial,3,"home,pt interaction,work"
63200,17:33:20,pt_agent_04,walk,walk,301601.05702702707,2608190.2279002075,1,in_leg,,,,,,,,,,2,"home,work"
63204,17:33:24,pt_agent_02,subway,pt,304761.5010221348,2763457.739383771,4,in_leg,,metro_Green,metro_Green_1_1_40320,subway,pt interaction,1,pt_metro_G03_UP,0.29560091097014707,spatial,3,"home,pt interaction,work"
63205,17:33:25,pt_agent_05,walk,walk,300411.76468965516,2615405.180275862,3,in_leg,,,,,home,0,pt_bus_THB145966,0.361570323362533,spatial,3,"home,pt interaction,work"
63210,17:33:30,pt_agent_04,walk,walk,301600.50972972973,2608179.557920998,1,in_leg,,,,,,,,,,2,"home,work"
63214,17:33:34,pt_agent_02,subway,pt,304768.0365433064,2763425.5516354367,4,in_leg,,metro_Green,metro_Green_1_1_40320,subway,pt interaction,1,pt_metro_G03_UP,0.26275636530695207,spatial,3,"home,pt interaction,work"
63215,17:33:35,pt_agent_05,walk,walk,300413.3045517241,2615415.7026206898,3,in_leg,,,,,home,0,pt_bus_THB145966,0.35093590208709863,spatial,3,"home,pt interaction,work"
63220,17:33:40,pt_agent_04,walk,walk,301599.96243243245,2608168.887941788,1,in_leg,,,,,,,,,,2,"home,work"
63224,17:33:44,pt_agent_02,subway,pt,304774.5720644781,2763393.3638871023,4,in_leg,,metro_Green,metro_Green_1_1_40320,subway,pt interaction,1,pt_metro_G03_UP,0.22991181964374552,spatial,3,"home,pt interaction,work"
63225,17:33:45,pt_agent_05,walk,walk,300414.8444137931,2615426.2249655174,3,in_leg,,,,,home,0,pt_bus_THB145966,0.3403014808116558,spatial,3,"home,pt interaction,work"
63230,17:33:50,pt_agent_04,walk,walk,301599.4151351352,2608158.217962578,1,in_leg,,,,,,,,,,2,"home,work"
63234,17:33:54,pt_agent_02,subway,pt,304781.10758564976,2763361.1761387675,4,in_leg,,metro_Green,metro_Green_1_1_40320,subway,pt interaction,1,pt_metro_G03_UP,0.19706727398009416,spatial,3,"home,pt interaction,work"
63234,17:33:54,pt_agent_05,walk,walk,300416.3842758621,2615436.7473103446,3,in_leg,,,,,home,0,pt_bus_THB145966,0.3296670595366821,spatial,3,"home,pt interaction,work"
63240,17:34:00,pt_agent_04,walk,walk,301598.86783783784,2608147.547983368,1,in_leg,,,,,,,,,,2,"home,work"
63244,17:34:04,pt_agent_02,subway,pt,304787.6431068214,2763328.988390433,4,in_leg,,metro_Green,metro_Green_1_1_40320,subway,pt interaction,1,pt_metro_G03_UP,0.1642227283168992,spatial,3,"home,pt interaction,work"
63244,17:34:04,pt_agent_05,walk,walk,300417.924137931,2615447.2696551722,3,in_leg,,,,,home,0,pt_bus_THB145966,0.3190326382612478,spatial,3,"home,pt interaction,work"
63250,17:34:10,pt_agent_04,walk,walk,301598.32054054056,2608136.878004158,1,in_leg,,,,,,,,,,2,"home,work"
63254,17:34:14,pt_agent_02,subway,pt,304794.17862799304,2763296.8006420983,4,in_leg,,metro_Green,metro_Green_1_1_40320,subway,pt interaction,1,pt_metro_G03_UP,0.13137818265324788,spatial,3,"home,pt interaction,work"
63254,17:34:14,pt_agent_05,walk,walk,300419.464,2615457.792,3,in_leg,,,,,home,0,pt_bus_THB145966,0.3083982169858133,spatial,3,"home,pt interaction,work"
63260,17:34:20,pt_agent_04,walk,walk,301597.7732432433,2608126.208024948,1,in_leg,,,,,,,,,,2,"home,work"
63263,17:34:23,pt_agent_02,subway,pt,304800.7141491647,2763264.612893764,4,in_leg,,metro_Green,metro_Green_1_1_40320,subway,pt interaction,1,pt_metro_G03_UP,0.09853363699005288,spatial,3,"home,pt interaction,work"
63264,17:34:24,pt_agent_05,walk,walk,300421.003862069,2615468.3143448276,3,in_leg,,,,,home,0,pt_bus_THB145966,0.29776379571037054,spatial,3,"home,pt interaction,work"
63270,17:34:30,pt_agent_04,walk,walk,301597.22594594595,2608115.538045738,1,in_leg,,,,,,,,,,2,"home,work"
63273,17:34:33,pt_agent_02,subway,pt,304807.2496703364,2763232.4251454296,4,in_leg,,metro_Green,metro_Green_1_1_40320,subway,pt interaction,1,pt_metro_G03_UP,0.0656890913268463,spatial,3,"home,pt interaction,work"
63274,17:34:34,pt_agent_05,walk,walk,300422.54372413794,2615478.836689655,3,in_leg,,,,,home,0,pt_bus_THB145966,0.28712937443493614,spatial,3,"home,pt interaction,work"
63280,17:34:40,pt_agent_04,walk,walk,301596.67864864867,2608104.868066528,1,in_leg,,,,,,,,,,2,"home,work"
63283,17:34:43,pt_agent_02,subway,pt,304813.785191508,2763200.2373970947,4,in_leg,,metro_Green,metro_Green_1_1_40320,subway,pt interaction,1,pt_metro_G03_UP,0.03284454566319499,spatial,3,"home,pt interaction,work"
63284,17:34:44,pt_agent_05,walk,walk,300424.0835862069,2615489.359034483,3,in_leg,,,,,home,0,pt_bus_THB145966,0.2764949531595018,spatial,3,"home,pt interaction,work"
63290,17:34:50,pt_agent_04,walk,walk,301596.1313513514,2608094.198087318,1,in_leg,,,,,,,,,,2,"home,work"
63293,17:34:53,pt_agent_02,subway,pt,304820.32071267965,2763168.0496487604,4,in_leg,,metro_Green,metro_Green_1_1_40320,subway,pt interaction,1,pt_metro_G03_UP,0.0,spatial,3,"home,pt interaction,work"
63293,17:34:53,pt_agent_02,walk,walk,304820.32071267965,2763168.0496487604,5,in_leg,,,,,pt interaction,1,pt_metro_G03_UP,0.0,spatial,3,"home,pt interaction,work"
63294,17:34:54,pt_agent_05,walk,walk,300425.62344827584,2615499.8813793105,3,in_leg,,,,,home,0,pt_bus_THB145966,0.2658605318840674,spatial,3,"home,pt interaction,work"
63300,17:35:00,pt_agent_04,walk,walk,301595.5840540541,2608083.528108108,1,in_leg,,,,,,,,,,2,"home,work"
63301,17:35:01,pt_agent_02,walk,walk,304826.1503563398,2763161.97982438,5,in_leg,,,,,home,0,pt_metro_G03_DN_pt_metro_G02_DN,0.008415908341169853,spatial,3,"home,pt interaction,work"
63304,17:35:04,pt_agent_05,walk,walk,300427.16331034485,2615510.4037241377,3,in_leg,,,,,home,0,pt_bus_THB145966,0.2552261106090853,spatial,3,"home,pt interaction,work"
63309,17:35:09,pt_agent_02,walk,walk,304831.98,2763155.91,5,in_leg,,,,,home,0,pt_metro_G03_DN_pt_metro_G02_DN,0.0,spatial,3,"home,pt interaction,work"
63310,17:35:10,pt_agent_04,walk,walk,301595.0367567568,2608072.858128898,1,in_leg,,,,,,,,,,2,"home,work"
63314,17:35:14,pt_agent_05,walk,walk,300428.7031724138,2615520.9260689653,3,in_leg,,,,,home,0,pt_bus_THB145966,0.2445916893336509,spatial,3,"home,pt interaction,work"
63320,17:35:20,pt_agent_04,walk,walk,301594.4894594595,2608062.188149688,1,in_leg,,,,,,,,,,2,"home,work"
63324,17:35:24,pt_agent_05,walk,walk,300430.24303448276,2615531.448413793,3,in_leg,,,,,home,0,pt_bus_THB145966,0.23395726805821654,spatial,3,"home,pt interaction,work"
63330,17:35:30,pt_agent_04,walk,walk,301593.9421621622,2608051.518170478,1,in_leg,,,,,,,,,,2,"home,work"
63334,17:35:34,pt_agent_05,walk,walk,300431.7828965517,2615541.9707586206,3,in_leg,,,,,home,0,pt_bus_THB145966,0.2233228467827821,spatial,3,"home,pt interaction,work"
63340,17:35:40,pt_agent_04,walk,walk,301593.3948648649,2608040.848191268,1,in_leg,,,,,,,,,,2,"home,work"
63344,17:35:44,pt_agent_05,walk,walk,300433.32275862066,2615552.4931034483,3,in_leg,,,,,home,0,pt_bus_THB145966,0.21268842550734773,spatial,3,"home,pt interaction,work"
63350,17:35:50,pt_agent_04,walk,walk,301592.8475675676,2608030.1782120583,1,in_leg,,,,,,,,,,2,"home,work"
63354,17:35:54,pt_agent_05,walk,walk,300434.8626206897,2615563.015448276,3,in_leg,,,,,home,0,pt_bus_THB145966,0.20205400423190492,spatial,3,"home,pt interaction,work"
63360,17:36:00,pt_agent_04,walk,walk,301592.3002702703,2608019.5082328483,1,in_leg,,,,,,,,,,2,"home,work"
63364,17:36:04,pt_agent_05,walk,walk,300436.4024827586,2615573.5377931036,3,in_leg,,,,,home,0,pt_bus_THB145966,0.19141958295647052,spatial,3,"home,pt interaction,work"
63370,17:36:10,pt_agent_04,walk,walk,301591.752972973,2608008.8382536382,1,in_leg,,,,,,,,,,2,"home,work"
63374,17:36:14,pt_agent_05,walk,walk,300437.9423448276,2615584.060137931,3,in_leg,,,,,home,0,pt_bus_THB145966,0.1807851616814969,spatial,3,"home,pt interaction,work"
63380,17:36:20,pt_agent_04,walk,walk,301591.2056756757,2607998.168274428,1,in_leg,,,,,,,,,,2,"home,work"
63384,17:36:24,pt_agent_05,walk,walk,300439.48220689653,2615594.5824827584,3,in_leg,,,,,home,0,pt_bus_THB145966,0.17015074040606248,spatial,3,"home,pt interaction,work"
63390,17:36:30,pt_agent_04,walk,walk,301590.65837837843,2607987.498295218,1,in_leg,,,,,,,,,,2,"home,work"
63394,17:36:34,pt_agent_05,walk,walk,300441.02206896554,2615605.104827586,3,in_leg,,,,,home,0,pt_bus_THB145966,0.15951631913061967,spatial,3,"home,pt interaction,work"
63400,17:36:40,pt_agent_04,walk,walk,301590.1110810811,2607976.828316008,1,in_leg,,,,,,,,,,2,"home,work"
63404,17:36:44,pt_agent_05,walk,walk,300442.5619310345,2615615.6271724137,3,in_leg,,,,,home,0,pt_bus_THB145966,0.14888189785518527,spatial,3,"home,pt interaction,work"
63410,17:36:50,pt_agent_04,walk,walk,301589.5637837838,2607966.158336798,1,in_leg,,,,,,,,,,2,"home,work"
63414,17:36:54,pt_agent_05,walk,walk,300444.10179310344,2615626.1495172414,3,in_leg,,,,,home,0,pt_bus_THB145966,0.1382474765797509,spatial,3,"home,pt interaction,work"
63420,17:37:00,pt_agent_04,walk,walk,301589.01648648654,2607955.488357588,1,in_leg,,,,,,,,,,2,"home,work"
63424,17:37:04,pt_agent_05,walk,walk,300445.6416551724,2615636.671862069,3,in_leg,,,,,home,0,pt_bus_THB145966,0.1276130553043165,spatial,3,"home,pt interaction,work"
63430,17:37:10,pt_agent_04,walk,walk,301588.4691891892,2607944.818378378,1,in_leg,,,,,,,,,,2,"home,work"
63434,17:37:14,pt_agent_05,walk,walk,300447.18151724135,2615647.1942068967,3,in_leg,,,,,home,0,pt_bus_THB145966,0.1169786340288821,spatial,3,"home,pt interaction,work"
63440,17:37:20,pt_agent_04,walk,walk,301587.9218918919,2607934.148399168,1,in_leg,,,,,,,,,,2,"home,work"
63443,17:37:23,pt_agent_05,walk,walk,300448.72137931036,2615657.716551724,3,in_leg,,,,,home,0,pt_bus_THB145966,0.10634421275390002,spatial,3,"home,pt interaction,work"
63450,17:37:30,pt_agent_04,walk,walk,301587.37459459464,2607923.478419958,1,in_leg,,,,,,,,,,2,"home,work"
63453,17:37:33,pt_agent_05,walk,walk,300450.2612413793,2615668.2388965515,3,in_leg,,,,,home,0,pt_bus_THB145966,0.09570979147846563,spatial,3,"home,pt interaction,work"
63460,17:37:40,pt_agent_04,walk,walk,301586.8272972973,2607912.808440748,1,in_leg,,,,,,,,,,2,"home,work"
63463,17:37:43,pt_agent_05,walk,walk,300451.80110344826,2615678.761241379,3,in_leg,,,,,home,0,pt_bus_THB145966,0.08507537020303124,spatial,3,"home,pt interaction,work"
63470,17:37:50,pt_agent_04,walk,walk,301586.28,2607902.138461538,1,in_leg,,,,,,,,,,2,"home,work"
63473,17:37:53,pt_agent_05,walk,walk,300453.3409655172,2615689.283586207,3,in_leg,,,,,home,0,pt_bus_THB145966,0.07444094892759685,spatial,3,"home,pt interaction,work"
63480,17:38:00,pt_agent_04,walk,walk,301585.73270270275,2607891.468482328,1,in_leg,,,,,,,,,,2,"home,work"
63483,17:38:03,pt_agent_05,walk,walk,300454.8808275862,2615699.8059310345,3,in_leg,,,,,home,0,pt_bus_THB145966,0.06380652765215403,spatial,3,"home,pt interaction,work"
63490,17:38:10,pt_agent_04,walk,walk,301585.1854054054,2607880.798503118,1,in_leg,,,,,,,,,,2,"home,work"
63493,17:38:13,pt_agent_05,walk,walk,300456.4206896552,2615710.328275862,3,in_leg,,,,,home,0,pt_bus_THB145966,0.05317210637671963,spatial,3,"home,pt interaction,work"
63500,17:38:20,pt_agent_04,walk,walk,301584.63810810813,2607870.1285239086,1,in_leg,,,,,,,,,,2,"home,work"
63503,17:38:23,pt_agent_05,walk,walk,300457.9605517241,2615720.85062069,3,in_leg,,,,,home,0,pt_bus_THB145966,0.04253768510128524,spatial,3,"home,pt interaction,work"
63510,17:38:30,pt_agent_04,walk,walk,301584.09081081086,2607859.4585446985,1,in_leg,,,,,,,,,,2,"home,work"
63513,17:38:33,pt_agent_05,walk,walk,300459.5004137931,2615731.372965517,3,in_leg,,,,,home,0,pt_bus_THB145966,0.031903263826311604,spatial,3,"home,pt interaction,work"
63520,17:38:40,pt_agent_04,walk,walk,301583.5435135135,2607848.7885654885,1,in_leg,,,,,,,,,,2,"home,work"
63523,17:38:43,pt_agent_05,walk,walk,300461.0402758621,2615741.8953103446,3,in_leg,,,,,home,0,pt_bus_THB145966,0.021268842550868788,spatial,3,"home,pt interaction,work"
63530,17:38:50,pt_agent_04,walk,walk,301582.99621621624,2607838.1185862785,1,in_leg,,,,,,,,,,2,"home,work"
63533,17:38:53,pt_agent_05,walk,walk,300462.58013793104,2615752.4176551723,3,in_leg,,,,,home,0,pt_bus_THB145966,0.010634421275434394,spatial,3,"home,pt interaction,work"
63540,17:39:00,pt_agent_04,walk,walk,301582.44891891896,2607827.4486070685,1,in_leg,,,,,,,,,,2,"home,work"
63543,17:39:03,pt_agent_05,walk,walk,300464.12,2615762.94,3,in_leg,,,,,home,0,pt_bus_THB145966,0.0,spatial,3,"home,pt interaction,work"
63550,17:39:10,pt_agent_04,walk,walk,301581.9016216216,2607816.7786278585,1,in_leg,,,,,,,,,,2,"home,work"
63560,17:39:20,pt_agent_04,walk,walk,301581.35432432435,2607806.1086486485,1,in_leg,,,,,,,,,,2,"home,work"
63570,17:39:30,pt_agent_04,walk,walk,301580.80702702707,2607795.4386694385,1,in_leg,,,,,,,,,,2,"home,work"
63580,17:39:40,pt_agent_04,walk,walk,301580.25972972973,2607784.7686902285,1,in_leg,,,,,,,,,,2,"home,work"
63590,17:39:50,pt_agent_04,walk,walk,301579.71243243245,2607774.0987110185,1,in_leg,,,,,,,,,,2,"home,work"
63600,17:40:00,pt_agent_04,walk,walk,301579.1651351352,2607763.4287318084,1,in_leg,,,,,,,,,,2,"home,work"
63610,17:40:10,pt_agent_04,walk,walk,301578.61783783784,2607752.7587525984,1,in_leg,,,,,,,,,,2,"home,work"
63620,17:40:20,pt_agent_04,walk,walk,301578.07054054056,2607742.0887733884,1,in_leg,,,,,,,,,,2,"home,work"
63630,17:40:30,pt_agent_04,walk,walk,301577.5232432433,2607731.4187941784,1,in_leg,,,,,,,,,,2,"home,work"
63640,17:40:40,pt_agent_04,walk,walk,301576.97594594595,2607720.748814969,1,in_leg,,,,,,,,,,2,"home,work"
63650,17:40:50,pt_agent_04,walk,walk,301576.42864864867,2607710.078835759,1,in_leg,,,,,,,,,,2,"home,work"
63660,17:41:00,pt_agent_04,walk,walk,301575.8813513514,2607699.408856549,1,in_leg,,,,,,,,,,2,"home,work"
63670,17:41:10,pt_agent_04,walk,walk,301575.3340540541,2607688.738877339,1,in_leg,,,,,,,,,,2,"home,work"
63680,17:41:20,pt_agent_04,walk,walk,301574.7867567568,2607678.068898129,1,in_leg,,,,,,,,,,2,"home,work"
63690,17:41:30,pt_agent_04,walk,walk,301574.2394594595,2607667.398918919,1,in_leg,,,,,,,,,,2,"home,work"
63700,17:41:40,pt_agent_04,walk,walk,301573.6921621622,2607656.728939709,1,in_leg,,,,,,,,,,2,"home,work"
63710,17:41:50,pt_agent_04,walk,walk,301573.1448648649,2607646.058960499,1,in_leg,,,,,,,,,,2,"home,work"
63720,17:42:00,pt_agent_04,walk,walk,301572.5975675676,2607635.3889812888,1,in_leg,,,,,,,,,,2,"home,work"
63730,17:42:10,pt_agent_04,walk,walk,301572.0502702703,2607624.7190020788,1,in_leg,,,,,,,,,,2,"home,work"
63740,17:42:20,pt_agent_04,walk,walk,301571.502972973,2607614.0490228687,1,in_leg,,,,,,,,,,2,"home,work"
63750,17:42:30,pt_agent_04,walk,walk,301570.9556756757,2607603.3790436587,1,in_leg,,,,,,,,,,2,"home,work"
63760,17:42:40,pt_agent_04,walk,walk,301570.40837837843,2607592.7090644487,1,in_leg,,,,,,,,,,2,"home,work"
63770,17:42:50,pt_agent_04,walk,walk,301569.8610810811,2607582.0390852387,1,in_leg,,,,,,,,,,2,"home,work"
63780,17:43:00,pt_agent_04,walk,walk,301569.3137837838,2607571.369106029,1,in_leg,,,,,,,,,,2,"home,work"
63790,17:43:10,pt_agent_04,walk,walk,301568.76648648654,2607560.699126819,1,in_leg,,,,,,,,,,2,"home,work"
63800,17:43:20,pt_agent_04,walk,walk,301568.2191891892,2607550.029147609,1,in_leg,,,,,,,,,,2,"home,work"
63810,17:43:30,pt_agent_04,walk,walk,301567.6718918919,2607539.359168399,1,in_leg,,,,,,,,,,2,"home,work"
63820,17:43:40,pt_agent_04,walk,walk,301567.12459459464,2607528.689189189,1,in_leg,,,,,,,,,,2,"home,work"
63830,17:43:50,pt_agent_04,walk,walk,301566.5772972973,2607518.019209979,1,in_leg,,,,,,,,,,2,"home,work"
63840,17:44:00,pt_agent_04,walk,walk,301566.03,2607507.349230769,1,in_leg,,,,,,,,,,2,"home,work"
63850,17:44:10,pt_agent_04,walk,walk,301565.48270270275,2607496.679251559,1,in_leg,,,,,,,,,,2,"home,work"
63860,17:44:20,pt_agent_04,walk,walk,301564.9354054054,2607486.009272349,1,in_leg,,,,,,,,,,2,"home,work"
63870,17:44:30,pt_agent_04,walk,walk,301564.38810810813,2607475.339293139,1,in_leg,,,,,,,,,,2,"home,work"
63880,17:44:40,pt_agent_04,walk,walk,301563.84081081086,2607464.669313929,1,in_leg,,,,,,,,,,2,"home,work"
63890,17:44:50,pt_agent_04,walk,walk,301563.2935135135,2607453.999334719,1,in_leg,,,,,,,,,,2,"home,work"
63900,17:45:00,car_agent_02,walk,walk,290435.34,2780278.91,1,in_leg,,,,,work,1,pt_metro_R25_UP_pt_metro_R26_UP,0.0,spatial,2,"home,work"
63900,17:45:00,pt_agent_04,walk,walk,301562.74621621624,2607443.329355509,1,in_leg,,,,,,,,,,2,"home,work"
63910,17:45:10,car_agent_02,walk,walk,290432.35340909095,2780289.172159091,1,in_leg,,,,,work,1,pt_metro_R25_UP_pt_metro_R26_UP,0.010687920025253966,spatial,2,"home,work"
63910,17:45:10,pt_agent_04,walk,walk,301562.19891891896,2607432.659376299,1,in_leg,,,,,,,,,,2,"home,work"
63920,17:45:20,car_agent_02,walk,walk,290429.3668181818,2780299.434318182,1,in_leg,,,,,work,1,pt_metro_R25_UP_pt_metro_R26_UP,0.021375840050524196,spatial,2,"home,work"
63920,17:45:20,pt_agent_04,walk,walk,301561.6516216216,2607421.989397089,1,in_leg,,,,,,,,,,2,"home,work"
63930,17:45:30,car_agent_02,walk,walk,290426.38022727275,2780309.696477273,1,in_leg,,,,,work,1,pt_metro_R25_UP_pt_metro_R26_UP,0.032063760075778165,spatial,2,"home,work"
63930,17:45:30,pt_agent_04,walk,walk,301561.10432432435,2607411.3194178795,1,in_leg,,,,,,,,,,2,"home,work"
63940,17:45:40,car_agent_02,walk,walk,290423.3936363637,2780319.958636364,1,in_leg,,,,,work,1,pt_metro_R25_UP_pt_metro_R26_UP,0.04275168010103213,spatial,2,"home,work"
63940,17:45:40,pt_agent_04,walk,walk,301560.55702702707,2607400.6494386694,1,in_leg,,,,,,,,,,2,"home,work"
63950,17:45:50,car_agent_02,walk,walk,290420.40704545454,2780330.2207954545,1,in_leg,,,,,work,1,pt_metro_R25_UP_pt_metro_R26_UP,0.05343960012585524,spatial,2,"home,work"
63950,17:45:50,pt_agent_04,walk,walk,301560.00972972973,2607389.9794594594,1,in_leg,,,,,,,,,,2,"home,work"
63960,17:46:00,car_agent_02,walk,walk,290417.42045454547,2780340.4829545454,1,in_leg,,,,,work,1,pt_metro_R25_UP_pt_metro_R26_UP,0.06412752015110922,spatial,2,"home,work"
63960,17:46:00,pt_agent_04,walk,walk,301559.46243243245,2607379.3094802494,1,in_leg,,,,,,,,,,2,"home,work"
63970,17:46:10,car_agent_02,walk,walk,290414.4338636364,2780350.7451136364,1,in_leg,,,,,work,1,pt_metro_R25_UP_pt_metro_R26_UP,0.07481544017636317,spatial,2,"home,work"
63970,17:46:10,pt_agent_04,walk,walk,301558.9151351352,2607368.6395010394,1,in_leg,,,,,,,,,,2,"home,work"
63980,17:46:20,car_agent_02,walk,walk,290411.4472727273,2780361.0072727273,1,in_leg,,,,,work,1,pt_metro_R25_UP_pt_metro_R26_UP,0.08550336020161714,spatial,2,"home,work"
63980,17:46:20,pt_agent_04,walk,walk,301558.36783783784,2607357.9695218294,1,in_leg,,,,,,,,,,2,"home,work"
63990,17:46:30,car_agent_02,walk,walk,290408.4606818182,2780371.2694318183,1,in_leg,,,,,work,1,pt_metro_R25_UP_pt_metro_R26_UP,0.09619128022688737,spatial,2,"home,work"
63990,17:46:30,pt_agent_04,walk,walk,301557.82054054056,2607347.2995426194,1,in_leg,,,,,,,,,,2,"home,work"
64000,17:46:40,car_agent_02,walk,walk,290405.4740909091,2780381.531590909,1,in_leg,,,,,work,1,pt_metro_R25_UP_pt_metro_R26_UP,0.10687920025214134,spatial,2,"home,work"
64000,17:46:40,pt_agent_04,walk,walk,301557.2732432433,2607336.6295634094,1,in_leg,,,,,,,,,,2,"home,work"
64010,17:46:50,car_agent_02,walk,walk,290402.48750000005,2780391.79375,1,in_leg,,,,,work,1,pt_metro_R25_UP_pt_metro_R26_UP,0.1175671202773953,spatial,2,"home,work"
64010,17:46:50,pt_agent_04,walk,walk,301556.72594594595,2607325.9595841994,1,in_leg,,,,,,,,,,2,"home,work"
64020,17:47:00,car_agent_02,walk,walk,290399.5009090909,2780402.055909091,1,in_leg,,,,,work,1,pt_metro_R25_UP_pt_metro_R26_UP,0.12825504030266555,spatial,2,"home,work"
64020,17:47:00,pt_agent_04,walk,walk,301556.17864864867,2607315.2896049893,1,in_leg,,,,,,,,,,2,"home,work"
64030,17:47:10,car_agent_02,walk,walk,290396.51431818184,2780412.318068182,1,in_leg,,,,,work,1,pt_metro_R25_UP_pt_metro_R26_UP,0.13894296032791947,spatial,2,"home,work"
64030,17:47:10,pt_agent_04,walk,walk,301555.6313513514,2607304.6196257793,1,in_leg,,,,,,,,,,2,"home,work"
64040,17:47:20,car_agent_02,walk,walk,290393.52772727277,2780422.580227273,1,in_leg,,,,,work,1,pt_metro_R25_UP_pt_metro_R26_UP,0.14963088035317346,spatial,2,"home,work"
64040,17:47:20,pt_agent_04,walk,walk,301555.0840540541,2607293.9496465693,1,in_leg,,,,,,,,,,2,"home,work"
64050,17:47:30,car_agent_02,walk,walk,290390.54113636364,2780432.8423863635,1,in_leg,,,,,work,1,pt_metro_R25_UP_pt_metro_R26_UP,0.1603188003779966,spatial,2,"home,work"
64050,17:47:30,pt_agent_04,walk,walk,301554.5367567568,2607283.2796673593,1,in_leg,,,,,,,,,,2,"home,work"
64060,17:47:40,car_agent_02,walk,walk,290387.55454545456,2780443.1045454545,1,in_leg,,,,,work,1,pt_metro_R25_UP_pt_metro_R26_UP,0.17100672040325055,spatial,2,"home,work"
64060,17:47:40,pt_agent_04,walk,walk,301553.9894594595,2607272.6096881493,1,in_leg,,,,,,,,,,2,"home,work"
64070,17:47:50,car_agent_02,walk,walk,290384.5679545455,2780453.3667045454,1,in_leg,,,,,work,1,pt_metro_R25_UP_pt_metro_R26_UP,0.1816946404285045,spatial,2,"home,work"
64070,17:47:50,pt_agent_04,walk,walk,301553.4421621622,2607261.9397089398,1,in_leg,,,,,,,,,,2,"home,work"
64080,17:48:00,car_agent_02,walk,walk,290381.58136363636,2780463.6288636364,1,in_leg,,,,,work,1,pt_metro_R25_UP_pt_metro_R26_UP,0.19238256045377475,spatial,2,"home,work"
64080,17:48:00,pt_agent_04,walk,walk,301552.8948648649,2607251.2697297297,1,in_leg,,,,,,,,,,2,"home,work"
64090,17:48:10,car_agent_02,walk,walk,290378.5947727273,2780473.8910227274,1,in_leg,,,,,work,1,pt_metro_R25_UP_pt_metro_R26_UP,0.2030704804790287,spatial,2,"home,work"
64090,17:48:10,pt_agent_04,walk,walk,301552.3475675676,2607240.5997505197,1,in_leg,,,,,,,,,,2,"home,work"
64100,17:48:20,car_agent_02,walk,walk,290375.6081818182,2780484.1531818183,1,in_leg,,,,,work,1,pt_metro_R25_UP_pt_metro_R26_UP,0.2137584005042827,spatial,2,"home,work"
64100,17:48:20,pt_agent_04,walk,walk,301551.8002702703,2607229.9297713097,1,in_leg,,,,,,,,,,2,"home,work"
64110,17:48:30,car_agent_02,walk,walk,290372.62159090914,2780494.4153409093,1,in_leg,,,,,work,1,pt_metro_R25_UP_pt_metro_R26_UP,0.22444632052953664,spatial,2,"home,work"
64110,17:48:30,pt_agent_04,walk,walk,301551.252972973,2607219.2597920997,1,in_leg,,,,,,,,,,2,"home,work"
64120,17:48:40,car_agent_02,walk,walk,290369.635,2780504.6775,1,in_leg,,,,,work,1,pt_metro_R25_UP_pt_metro_R26_UP,0.23513424055480686,spatial,2,"home,work"
64120,17:48:40,pt_agent_04,walk,walk,301550.7056756757,2607208.5898128897,1,in_leg,,,,,,,,,,2,"home,work"
64130,17:48:50,car_agent_02,walk,walk,290366.64840909094,2780514.939659091,1,in_leg,,,,,work,1,pt_metro_R25_UP_pt_metro_R26_UP,0.24582216058006084,spatial,2,"home,work"
64130,17:48:50,pt_agent_04,walk,walk,301550.15837837843,2607197.9198336797,1,in_leg,,,,,,,,,,2,"home,work"
64140,17:49:00,car_agent_02,walk,walk,290363.66181818186,2780525.201818182,1,in_leg,,,,,work,1,pt_metro_R25_UP_pt_metro_R26_UP,0.25651008060531477,spatial,2,"home,work"
64140,17:49:00,pt_agent_04,walk,walk,301549.6110810811,2607187.2498544697,1,in_leg,,,,,,,,,,2,"home,work"
64150,17:49:10,car_agent_02,walk,walk,290360.67522727273,2780535.4639772726,1,in_leg,,,,,work,1,pt_metro_R25_UP_pt_metro_R26_UP,0.26719800063013793,spatial,2,"home,work"
64150,17:49:10,pt_agent_04,walk,walk,301549.0637837838,2607176.5798752597,1,in_leg,,,,,,,,,,2,"home,work"
64160,17:49:20,car_agent_02,walk,walk,290357.68863636366,2780545.7261363636,1,in_leg,,,,,work,1,pt_metro_R25_UP_pt_metro_R26_UP,0.27788592065539186,spatial,2,"home,work"
64160,17:49:20,pt_agent_04,walk,walk,301548.51648648654,2607165.9098960496,1,in_leg,,,,,,,,,,2,"home,work"
64170,17:49:30,car_agent_02,walk,walk,290354.7020454546,2780555.9882954545,1,in_leg,,,,,work,1,pt_metro_R25_UP_pt_metro_R26_UP,0.28857384068064584,spatial,2,"home,work"
64170,17:49:30,pt_agent_04,walk,walk,301547.9691891892,2607155.2399168396,1,in_leg,,,,,,,,,,2,"home,work"
64180,17:49:40,car_agent_02,walk,walk,290351.71545454545,2780566.2504545455,1,in_leg,,,,,work,1,pt_metro_R25_UP_pt_metro_R26_UP,0.29926176070591604,spatial,2,"home,work"
64180,17:49:40,pt_agent_04,walk,walk,301547.4218918919,2607144.5699376296,1,in_leg,,,,,,,,,,2,"home,work"
64190,17:49:50,car_agent_02,walk,walk,290348.7288636364,2780576.5126136364,1,in_leg,,,,,work,1,pt_metro_R25_UP_pt_metro_R26_UP,0.30994968073117,spatial,2,"home,work"
64190,17:49:50,pt_agent_04,walk,walk,301546.87459459464,2607133.8999584196,1,in_leg,,,,,,,,,,2,"home,work"
64200,17:50:00,car_agent_02,walk,walk,290345.7422727273,2780586.7747727274,1,in_leg,,,,,work,1,pt_metro_R25_UP_pt_metro_R26_UP,0.32063760075642406,spatial,2,"home,work"
64200,17:50:00,pt_agent_04,walk,walk,301546.3272972973,2607123.2299792096,1,in_leg,,,,,,,,,,2,"home,work"
64210,17:50:10,car_agent_02,walk,walk,290342.7556818182,2780597.0369318184,1,in_leg,,,,,work,1,pt_metro_R25_UP_pt_metro_R26_UP,0.33132552078169425,spatial,2,"home,work"
64210,17:50:10,pt_agent_04,walk,walk,301545.78,2607112.5599999996,1,in_leg,,,,,,,,,,2,"home,work"
64220,17:50:20,car_agent_02,walk,walk,290339.7690909091,2780607.2990909093,1,in_leg,,,,,work,1,pt_metro_R25_UP_pt_metro_R26_UP,0.34201344080694823,spatial,2,"home,work"
64220,17:50:20,pt_agent_04,walk,walk,301545.23270270275,2607101.89002079,1,in_leg,,,,,,,,,,2,"home,work"
64230,17:50:30,car_agent_02,walk,walk,290336.78250000003,2780617.5612500003,1,in_leg,,,,,work,1,pt_metro_R25_UP_pt_metro_R26_UP,0.35270136083220216,spatial,2,"home,work"
64230,17:50:30,pt_agent_04,walk,walk,301544.6854054054,2607091.22004158,1,in_leg,,,,,,,,,,2,"home,work"
64240,17:50:40,car_agent_02,walk,walk,290333.79590909096,2780627.823409091,1,in_leg,,,,,work,1,pt_metro_R25_UP_pt_metro_R26_UP,0.36338928085745614,spatial,2,"home,work"
64240,17:50:40,pt_agent_04,walk,walk,301544.13810810813,2607080.55006237,1,in_leg,,,,,,,,,,2,"home,work"
64250,17:50:50,car_agent_02,walk,walk,290330.8093181818,2780638.0855681817,1,in_leg,,,,,work,1,pt_metro_R25_UP_pt_metro_R26_UP,0.3740772008822792,spatial,2,"home,work"
64250,17:50:50,pt_agent_04,walk,walk,301543.59081081086,2607069.88008316,1,in_leg,,,,,,,,,,2,"home,work"
64260,17:51:00,car_agent_02,walk,walk,290327.82272727275,2780648.3477272727,1,in_leg,,,,,work,1,pt_metro_R25_UP_pt_metro_R26_UP,0.38476512090753323,spatial,2,"home,work"
64260,17:51:00,pt_agent_04,walk,walk,301543.0435135135,2607059.21010395,1,in_leg,,,,,,,,,,2,"home,work"
64270,17:51:10,car_agent_02,walk,walk,290324.8361363637,2780658.6098863636,1,in_leg,,,,,work,1,pt_metro_R25_UP_pt_metro_R26_UP,0.3954530409327872,spatial,2,"home,work"
64270,17:51:10,pt_agent_04,walk,walk,301542.49621621624,2607048.54012474,1,in_leg,,,,,,,,,,2,"home,work"
64280,17:51:20,car_agent_02,walk,walk,290321.84954545455,2780668.8720454546,1,in_leg,,,,,work,1,pt_metro_R25_UP_pt_metro_R26_UP,0.4061409609580574,spatial,2,"home,work"
64280,17:51:20,pt_agent_04,walk,walk,301541.94891891896,2607037.87014553,1,in_leg,,,,,,,,,,2,"home,work"
64290,17:51:30,car_agent_02,walk,walk,290318.8629545455,2780679.1342045455,1,in_leg,,,,,work,1,pt_metro_R25_UP_pt_metro_R26_UP,0.41682888098331144,spatial,2,"home,work"
64290,17:51:30,pt_agent_04,walk,walk,301541.4016216216,2607027.20016632,1,in_leg,,,,,,,,,,2,"home,work"
64300,17:51:40,car_agent_02,walk,walk,290315.8763636364,2780689.3963636365,1,in_leg,,,,,work,1,pt_metro_R25_UP_pt_metro_R26_UP,0.4275168010085654,spatial,2,"home,work"
64300,17:51:40,pt_agent_04,walk,walk,301540.85432432435,2607016.53018711,1,in_leg,,,,,,,,,,2,"home,work"
64310,17:51:50,car_agent_02,walk,walk,290312.88977272727,2780699.6585227274,1,in_leg,,,,,work,1,pt_metro_R25_UP_pt_metro_R26_UP,0.43820472103383556,spatial,2,"home,work"
64310,17:51:50,pt_agent_04,walk,walk,301540.30702702707,2607005.8602079,1,in_leg,,,,,,,,,,2,"home,work"
64320,17:52:00,car_agent_02,walk,walk,290309.9031818182,2780709.9206818184,1,in_leg,,,,,work,1,pt_metro_R25_UP_pt_metro_R26_UP,0.44889264105908955,spatial,2,"home,work"
64320,17:52:00,pt_agent_04,walk,walk,301539.75972972973,2606995.19022869,1,in_leg,,,,,,,,,,2,"home,work"
64330,17:52:10,car_agent_02,walk,walk,290306.9165909091,2780720.1828409093,1,in_leg,,,,,work,1,pt_metro_R25_UP_pt_metro_R26_UP,0.45958056108434353,spatial,2,"home,work"
64330,17:52:10,pt_agent_04,walk,walk,301539.21243243245,2606984.52024948,1,in_leg,,,,,,,,,,2,"home,work"
64340,17:52:20,car_agent_02,walk,walk,290303.93000000005,2780730.4450000003,1,in_leg,,,,,home,0,pt_metro_R28_DN,0.47026848110916664,spatial,2,"home,work"
64340,17:52:20,pt_agent_04,walk,walk,301538.6651351352,2606973.85027027,1,in_leg,,,,,,,,,,2,"home,work"
64350,17:52:30,car_agent_02,walk,walk,290300.9434090909,2780740.707159091,1,in_leg,,,,,home,0,pt_metro_R28_DN,0.45958056108434353,spatial,2,"home,work"
64350,17:52:30,pt_agent_04,walk,walk,301538.11783783784,2606963.18029106,1,in_leg,,,,,,,,,,2,"home,work"
64360,17:52:40,car_agent_02,walk,walk,290297.95681818185,2780750.9693181817,1,in_leg,,,,,home,0,pt_metro_R28_DN,0.44889264105908955,spatial,2,"home,work"
64360,17:52:40,pt_agent_04,walk,walk,301537.57054054056,2606952.5103118503,1,in_leg,,,,,,,,,,2,"home,work"
64370,17:52:50,car_agent_02,walk,walk,290294.9702272728,2780761.2314772727,1,in_leg,,,,,home,0,pt_metro_R28_DN,0.43820472103383556,spatial,2,"home,work"
64370,17:52:50,pt_agent_04,walk,walk,301537.0232432433,2606941.8403326403,1,in_leg,,,,,,,,,,2,"home,work"
64380,17:53:00,car_agent_02,walk,walk,290291.98363636364,2780771.4936363637,1,in_leg,,,,,home,0,pt_metro_R28_DN,0.4275168010085654,spatial,2,"home,work"
64380,17:53:00,pt_agent_04,walk,walk,301536.47594594595,2606931.1703534303,1,in_leg,,,,,,,,,,2,"home,work"
64390,17:53:10,car_agent_02,walk,walk,290288.99704545457,2780781.7557954546,1,in_leg,,,,,home,0,pt_metro_R28_DN,0.41682888098331144,spatial,2,"home,work"
64390,17:53:10,pt_agent_04,walk,walk,301535.92864864867,2606920.5003742203,1,in_leg,,,,,,,,,,2,"home,work"
64400,17:53:20,car_agent_02,walk,walk,290286.0104545455,2780792.0179545456,1,in_leg,,,,,home,0,pt_metro_R28_DN,0.4061409609580574,spatial,2,"home,work"
64400,17:53:20,pt_agent_04,walk,walk,301535.3813513514,2606909.8303950103,1,in_leg,,,,,,,,,,2,"home,work"
64410,17:53:30,car_agent_02,walk,walk,290283.02386363636,2780802.2801136365,1,in_leg,,,,,home,0,pt_metro_R28_DN,0.3954530409327872,spatial,2,"home,work"
64410,17:53:30,pt_agent_04,walk,walk,301534.8340540541,2606899.1604158003,1,in_leg,,,,,,,,,,2,"home,work"
64420,17:53:40,car_agent_02,walk,walk,290280.0372727273,2780812.5422727275,1,in_leg,,,,,home,0,pt_metro_R28_DN,0.38476512090753323,spatial,2,"home,work"
64420,17:53:40,pt_agent_04,walk,walk,301534.2867567568,2606888.4904365903,1,in_leg,,,,,,,,,,2,"home,work"
64430,17:53:50,car_agent_02,walk,walk,290277.0506818182,2780822.8044318184,1,in_leg,,,,,home,0,pt_metro_R28_DN,0.3740772008822792,spatial,2,"home,work"
64430,17:53:50,pt_agent_04,walk,walk,301533.7394594595,2606877.8204573803,1,in_leg,,,,,,,,,,2,"home,work"
64440,17:54:00,car_agent_02,walk,walk,290274.0640909091,2780833.066590909,1,in_leg,,,,,home,0,pt_metro_R28_DN,0.36338928085745614,spatial,2,"home,work"
64440,17:54:00,pt_agent_04,walk,walk,301533.1921621622,2606867.1504781703,1,in_leg,,,,,,,,,,2,"home,work"
64450,17:54:10,car_agent_02,walk,walk,290271.0775,2780843.32875,1,in_leg,,,,,home,0,pt_metro_R28_DN,0.35270136083220216,spatial,2,"home,work"
64450,17:54:10,pt_agent_04,walk,walk,301532.6448648649,2606856.4804989602,1,in_leg,,,,,,,,,,2,"home,work"
64460,17:54:20,car_agent_02,walk,walk,290268.09090909094,2780853.590909091,1,in_leg,,,,,home,0,pt_metro_R28_DN,0.34201344080694823,spatial,2,"home,work"
64460,17:54:20,pt_agent_04,walk,walk,301532.0975675676,2606845.81051975,1,in_leg,,,,,,,,,,2,"home,work"
64470,17:54:30,car_agent_02,walk,walk,290265.10431818187,2780863.853068182,1,in_leg,,,,,home,0,pt_metro_R28_DN,0.33132552078169425,spatial,2,"home,work"
64470,17:54:30,pt_agent_04,walk,walk,301531.5502702703,2606835.14054054,1,in_leg,,,,,,,,,,2,"home,work"
64480,17:54:40,car_agent_02,walk,walk,290262.11772727274,2780874.1152272727,1,in_leg,,,,,home,0,pt_metro_R28_DN,0.32063760075642406,spatial,2,"home,work"
64480,17:54:40,pt_agent_04,walk,walk,301531.002972973,2606824.47056133,1,in_leg,,,,,,,,,,2,"home,work"
64490,17:54:50,car_agent_02,walk,walk,290259.13113636366,2780884.3773863637,1,in_leg,,,,,home,0,pt_metro_R28_DN,0.30994968073117,spatial,2,"home,work"
64490,17:54:50,pt_agent_04,walk,walk,301530.4556756757,2606813.80058212,1,in_leg,,,,,,,,,,2,"home,work"
64500,17:55:00,car_agent_02,walk,walk,290256.1445454546,2780894.6395454546,1,in_leg,,,,,home,0,pt_metro_R28_DN,0.29926176070591604,spatial,2,"home,work"
64500,17:55:00,pt_agent_04,walk,walk,301529.90837837843,2606803.1306029106,1,in_leg,,,,,,,,,,2,"home,work"
64510,17:55:10,car_agent_02,walk,walk,290253.15795454546,2780904.9017045456,1,in_leg,,,,,home,0,pt_metro_R28_DN,0.28857384068064584,spatial,2,"home,work"
64510,17:55:10,pt_agent_04,walk,walk,301529.3610810811,2606792.4606237006,1,in_leg,,,,,,,,,,2,"home,work"
64520,17:55:20,car_agent_02,walk,walk,290250.1713636364,2780915.1638636366,1,in_leg,,,,,home,0,pt_metro_R28_DN,0.27788592065539186,spatial,2,"home,work"
64520,17:55:20,pt_agent_04,walk,walk,301528.8137837838,2606781.7906444906,1,in_leg,,,,,,,,,,2,"home,work"
64530,17:55:30,car_agent_02,walk,walk,290247.1847727273,2780925.4260227275,1,in_leg,,,,,home,0,pt_metro_R28_DN,0.26719800063013793,spatial,2,"home,work"
64530,17:55:30,pt_agent_04,walk,walk,301528.26648648654,2606771.1206652806,1,in_leg,,,,,,,,,,2,"home,work"
64540,17:55:40,car_agent_02,walk,walk,290244.1981818182,2780935.688181818,1,in_leg,,,,,home,0,pt_metro_R28_DN,0.25651008060531477,spatial,2,"home,work"
64540,17:55:40,pt_agent_04,walk,walk,301527.7191891892,2606760.4506860706,1,in_leg,,,,,,,,,,2,"home,work"
64550,17:55:50,car_agent_02,walk,walk,290241.2115909091,2780945.950340909,1,in_leg,,,,,home,0,pt_metro_R28_DN,0.24582216058006084,spatial,2,"home,work"
64550,17:55:50,pt_agent_04,walk,walk,301527.1718918919,2606749.7807068606,1,in_leg,,,,,,,,,,2,"home,work"
64560,17:56:00,car_agent_02,walk,walk,290238.22500000003,2780956.2125,1,in_leg,,,,,home,0,pt_metro_R28_DN,0.23513424055480686,spatial,2,"home,work"
64560,17:56:00,pt_agent_04,walk,walk,301526.62459459464,2606739.1107276506,1,in_leg,,,,,,,,,,2,"home,work"
64570,17:56:10,car_agent_02,walk,walk,290235.2384090909,2780966.474659091,1,in_leg,,,,,home,0,pt_metro_R28_DN,0.22444632052953664,spatial,2,"home,work"
64570,17:56:10,pt_agent_04,walk,walk,301526.0772972973,2606728.4407484406,1,in_leg,,,,,,,,,,2,"home,work"
64580,17:56:20,car_agent_02,walk,walk,290232.25181818183,2780976.736818182,1,in_leg,,,,,home,0,pt_metro_R28_DN,0.2137584005042827,spatial,2,"home,work"
64580,17:56:20,pt_agent_04,walk,walk,301525.53,2606717.7707692306,1,in_leg,,,,,,,,,,2,"home,work"
64590,17:56:30,car_agent_02,walk,walk,290229.26522727276,2780986.998977273,1,in_leg,,,,,home,0,pt_metro_R28_DN,0.2030704804790287,spatial,2,"home,work"
64590,17:56:30,pt_agent_04,walk,walk,301524.98270270275,2606707.1007900205,1,in_leg,,,,,,,,,,2,"home,work"
64600,17:56:40,car_agent_02,walk,walk,290226.2786363637,2780997.2611363637,1,in_leg,,,,,home,0,pt_metro_R28_DN,0.19238256045377475,spatial,2,"home,work"
64600,17:56:40,pt_agent_04,walk,walk,301524.4354054054,2606696.4308108105,1,in_leg,,,,,,,,,,2,"home,work"
64610,17:56:50,car_agent_02,walk,walk,290223.29204545455,2781007.5232954547,1,in_leg,,,,,home,0,pt_metro_R28_DN,0.1816946404285045,spatial,2,"home,work"
64610,17:56:50,pt_agent_04,walk,walk,301523.88810810813,2606685.7608316005,1,in_leg,,,,,,,,,,2,"home,work"
64620,17:57:00,car_agent_02,walk,walk,290220.3054545455,2781017.7854545456,1,in_leg,,,,,home,0,pt_metro_R28_DN,0.17100672040325055,spatial,2,"home,work"
64620,17:57:00,pt_agent_04,walk,walk,301523.34081081086,2606675.0908523905,1,in_leg,,,,,,,,,,2,"home,work"
64630,17:57:10,car_agent_02,walk,walk,290217.3188636364,2781028.0476136366,1,in_leg,,,,,home,0,pt_metro_R28_DN,0.1603188003779966,spatial,2,"home,work"
64630,17:57:10,pt_agent_04,walk,walk,301522.7935135135,2606664.4208731805,1,in_leg,,,,,,,,,,2,"home,work"
64640,17:57:20,car_agent_02,walk,walk,290214.3322727273,2781038.309772727,1,in_leg,,,,,home,0,pt_metro_R28_DN,0.14963088035317346,spatial,2,"home,work"
64640,17:57:20,pt_agent_04,walk,walk,301522.24621621624,2606653.7508939705,1,in_leg,,,,,,,,,,2,"home,work"
64650,17:57:30,car_agent_02,walk,walk,290211.3456818182,2781048.571931818,1,in_leg,,,,,home,0,pt_metro_R28_DN,0.13894296032791947,spatial,2,"home,work"
64650,17:57:30,pt_agent_04,walk,walk,301521.69891891896,2606643.080914761,1,in_leg,,,,,,,,,,2,"home,work"
64660,17:57:40,car_agent_02,walk,walk,290208.3590909091,2781058.834090909,1,in_leg,,,,,home,0,pt_metro_R28_DN,0.12825504030266555,spatial,2,"home,work"
64660,17:57:40,pt_agent_04,walk,walk,301521.1516216216,2606632.410935551,1,in_leg,,,,,,,,,,2,"home,work"
64670,17:57:50,car_agent_02,walk,walk,290205.3725,2781069.09625,1,in_leg,,,,,home,0,pt_metro_R28_DN,0.1175671202773953,spatial,2,"home,work"
64670,17:57:50,pt_agent_04,walk,walk,301520.60432432435,2606621.740956341,1,in_leg,,,,,,,,,,2,"home,work"
64680,17:58:00,car_agent_02,walk,walk,290202.3859090909,2781079.358409091,1,in_leg,,,,,home,0,pt_metro_R28_DN,0.10687920025214134,spatial,2,"home,work"
64680,17:58:00,pt_agent_04,walk,walk,301520.05702702707,2606611.070977131,1,in_leg,,,,,,,,,,2,"home,work"
64690,17:58:10,car_agent_02,walk,walk,290199.39931818185,2781089.620568182,1,in_leg,,,,,home,0,pt_metro_R28_DN,0.09619128022688737,spatial,2,"home,work"
64690,17:58:10,pt_agent_04,walk,walk,301519.50972972973,2606600.400997921,1,in_leg,,,,,,,,,,2,"home,work"
64700,17:58:20,car_agent_02,walk,walk,290196.4127272727,2781099.882727273,1,in_leg,,,,,home,0,pt_metro_R28_DN,0.08550336020161714,spatial,2,"home,work"
64700,17:58:20,pt_agent_04,walk,walk,301518.96243243245,2606589.731018711,1,in_leg,,,,,,,,,,2,"home,work"
64710,17:58:30,car_agent_02,walk,walk,290193.42613636365,2781110.1448863638,1,in_leg,,,,,home,0,pt_metro_R28_DN,0.07481544017636317,spatial,2,"home,work"
64710,17:58:30,pt_agent_04,walk,walk,301518.4151351352,2606579.061039501,1,in_leg,,,,,,,,,,2,"home,work"
64720,17:58:40,car_agent_02,walk,walk,290190.4395454546,2781120.4070454547,1,in_leg,,,,,home,0,pt_metro_R28_DN,0.06412752015110922,spatial,2,"home,work"
64720,17:58:40,pt_agent_04,walk,walk,301517.86783783784,2606568.391060291,1,in_leg,,,,,,,,,,2,"home,work"
64730,17:58:50,car_agent_02,walk,walk,290187.4529545455,2781130.6692045457,1,in_leg,,,,,home,0,pt_metro_R28_DN,0.05343960012585524,spatial,2,"home,work"
64730,17:58:50,pt_agent_04,walk,walk,301517.32054054056,2606557.721081081,1,in_leg,,,,,,,,,,2,"home,work"
64740,17:59:00,car_agent_02,walk,walk,290184.46636363637,2781140.931363636,1,in_leg,,,,,home,0,pt_metro_R28_DN,0.04275168010103213,spatial,2,"home,work"
64740,17:59:00,pt_agent_04,walk,walk,301516.7732432433,2606547.051101871,1,in_leg,,,,,,,,,,2,"home,work"
64750,17:59:10,car_agent_02,walk,walk,290181.4797727273,2781151.193522727,1,in_leg,,,,,home,0,pt_metro_R28_DN,0.032063760075778165,spatial,2,"home,work"
64750,17:59:10,pt_agent_04,walk,walk,301516.22594594595,2606536.381122661,1,in_leg,,,,,,,,,,2,"home,work"
64760,17:59:20,car_agent_02,walk,walk,290178.4931818182,2781161.455681818,1,in_leg,,,,,home,0,pt_metro_R28_DN,0.021375840050524196,spatial,2,"home,work"
64760,17:59:20,pt_agent_04,walk,walk,301515.67864864867,2606525.711143451,1,in_leg,,,,,,,,,,2,"home,work"
64770,17:59:30,car_agent_02,walk,walk,290175.5065909091,2781171.717840909,1,in_leg,,,,,home,0,pt_metro_R28_DN,0.010687920025253966,spatial,2,"home,work"
64770,17:59:30,pt_agent_04,walk,walk,301515.1313513514,2606515.041164241,1,in_leg,,,,,,,,,,2,"home,work"
64780,17:59:40,car_agent_02,walk,walk,290172.52,2781181.98,1,in_leg,,,,,home,0,pt_metro_R28_DN,0.0,spatial,2,"home,work"
64780,17:59:40,pt_agent_04,walk,walk,301514.5840540541,2606504.371185031,1,in_leg,,,,,,,,,,2,"home,work"
64790,17:59:50,pt_agent_04,walk,walk,301514.0367567568,2606493.7012058212,1,in_leg,,,,,,,,,,2,"home,work"
64800,18:00:00,mixed_agent_02,walk,walk,304831.98,2763155.91,3,in_leg,,,,,work,3,pt_metro_G03_DN_pt_metro_G02_DN,0.0,spatial,3,"home,pt interaction,work"
64800,18:00:00,pt_agent_03,walk,walk,304439.92,2766029.85,1,in_leg,,,,,work,1,pt_metro_G06_DN_pt_metro_G05_DN,0.0,spatial,2,"home,work"
64800,18:00:00,pt_agent_04,walk,walk,301513.4894594595,2606483.031226611,1,in_leg,,,,,,,,,,2,"home,work"
64808,18:00:08,mixed_agent_02,walk,walk,304826.1503563398,2763161.97982438,3,in_leg,,,,,work,3,pt_metro_G03_DN_pt_metro_G02_DN,0.008415908341169853,spatial,3,"home,pt interaction,work"
64810,18:00:10,pt_agent_03,walk,walk,304444.77858778625,2766039.3448091606,1,in_leg,,,,,work,1,pt_metro_G06_DN_pt_metro_G05_DN,0.010665705615226319,spatial,2,"home,work"
64810,18:00:10,pt_agent_04,walk,walk,301512.9421621622,2606472.361247401,1,in_leg,,,,,,,,,,2,"home,work"
64816,18:00:16,mixed_agent_02,walk,walk,304820.32071267965,2763168.0496487604,3,in_leg,,,,,pt interaction,2,pt_metro_G03_DN,0.0,spatial,3,"home,pt interaction,work"
64820,18:00:20,pt_agent_03,walk,walk,304449.6371755725,2766048.8396183206,1,in_leg,,,,,work,1,pt_metro_G06_DN_pt_metro_G05_DN,0.021331411230038098,spatial,2,"home,work"
64820,18:00:20,pt_agent_04,walk,walk,301512.3948648649,2606461.691268191,1,in_leg,,,,,,,,,,2,"home,work"
64830,18:00:30,pt_agent_03,walk,walk,304454.4957633588,2766058.334427481,1,in_leg,,,,,work,1,pt_metro_G06_DN_pt_metro_G05_DN,0.03199711684526441,spatial,2,"home,work"
64830,18:00:30,pt_agent_04,walk,walk,301511.8475675676,2606451.021288981,1,in_leg,,,,,,,,,,2,"home,work"
64840,18:00:40,pt_agent_03,walk,walk,304459.35435114504,2766067.8292366415,1,in_leg,,,,,work,1,pt_metro_G06_DN_pt_metro_G05_DN,0.04266282246049073,spatial,2,"home,work"
64840,18:00:40,pt_agent_04,walk,walk,301511.3002702703,2606440.351309771,1,in_leg,,,,,,,,,,2,"home,work"
64850,18:00:50,pt_agent_03,walk,walk,304464.2129389313,2766077.3240458015,1,in_leg,,,,,work,1,pt_metro_G06_DN_pt_metro_G05_DN,0.05332852807530251,spatial,2,"home,work"
64850,18:00:50,pt_agent_04,walk,walk,301510.752972973,2606429.681330561,1,in_leg,,,,,,,,,,2,"home,work"
64860,18:01:00,pt_agent_03,walk,walk,304469.07152671757,2766086.818854962,1,in_leg,,,,,work,1,pt_metro_G06_DN_pt_metro_G05_DN,0.06399423369052883,spatial,2,"home,work"
64860,18:01:00,pt_agent_04,walk,walk,301510.2056756757,2606419.011351351,1,in_leg,,,,,,,,,,2,"home,work"
64870,18:01:10,pt_agent_03,walk,walk,304473.9301145038,2766096.313664122,1,in_leg,,,,,work,1,pt_metro_G06_DN_pt_metro_G05_DN,0.07465993930531409,spatial,2,"home,work"
64870,18:01:10,pt_agent_04,walk,walk,301509.65837837843,2606408.341372141,1,in_leg,,,,,,,,,,2,"home,work"
64880,18:01:20,pt_agent_03,walk,walk,304478.78870229004,2766105.8084732825,1,in_leg,,,,,work,1,pt_metro_G06_DN_pt_metro_G05_DN,0.08532564492054041,spatial,2,"home,work"
64880,18:01:20,pt_agent_04,walk,walk,301509.1110810811,2606397.671392931,1,in_leg,,,,,,,,,,2,"home,work"
64890,18:01:30,pt_agent_03,walk,walk,304483.6472900763,2766115.303282443,1,in_leg,,,,,work,1,pt_metro_G06_DN_pt_metro_G05_DN,0.09599135053576673,spatial,2,"home,work"
64890,18:01:30,pt_agent_04,walk,walk,301508.5637837838,2606387.001413721,1,in_leg,,,,,,,,,,2,"home,work"
64895,18:01:35,mixed_agent_02,subway,pt,304820.32071267965,2763168.0496487604,4,in_leg,,metro_Green,metro_Green_0_1_3960,subway,pt interaction,2,pt_metro_G03_DN,0.0,spatial,3,"home,pt interaction,work"
64895,18:01:35,mixed_agent_02,subway,pt,304655.8002825853,2763979.8522058716,4,in_leg,,metro_Green,metro_Green_0_1_3960,subway,,,,,,3,"home,pt interaction,work"
64895,18:01:35,mixed_agent_02,subway,pt,304588.286747198,2765083.379502182,4,in_leg,,metro_Green,metro_Green_0_1_3960,subway,,,,,,3,"home,pt interaction,work"
64900,18:01:40,pt_agent_03,walk,walk,304488.50587786257,2766124.798091603,1,in_leg,,,,,work,1,pt_metro_G06_DN_pt_metro_G05_DN,0.1066570561505785,spatial,2,"home,work"
64900,18:01:40,pt_agent_04,walk,walk,301508.01648648654,2606376.331434511,1,in_leg,,,,,,,,,,2,"home,work"
64905,18:01:45,mixed_agent_02,subway,pt,304805.3643099438,2763241.849881225,4,in_leg,,metro_Green,metro_Green_0_1_3960,subway,pt interaction,2,pt_metro_G03_DN,0.07530051988268896,spatial,3,"home,pt interaction,work"
64905,18:01:45,mixed_agent_02,subway,pt,304653.09974116983,2764023.993297724,4,in_leg,,metro_Green,metro_Green_0_1_3960,subway,,,,,,3,"home,pt interaction,work"
64905,18:01:45,mixed_agent_02,subway,pt,304583.391674511,2765110.2143306383,4,in_leg,,metro_Green,metro_Green_0_1_3960,subway,,,,,,3,"home,pt interaction,work"
64910,18:01:50,pt_agent_03,walk,walk,304493.36446564883,2766134.2929007635,1,in_leg,,,,,work,1,pt_metro_G06_DN_pt_metro_G05_DN,0.11732276176580482,spatial,2,"home,work"
64910,18:01:50,pt_agent_04,walk,walk,301507.4691891892,2606365.661455301,1,in_leg,,,,,,,,,,2,"home,work"
64914,18:01:54,mixed_agent_02,subway,pt,304790.40790720796,2763315.6501136897,4,in_leg,,metro_Green,metro_Green_0_1_3960,subway,pt interaction,2,pt_metro_G03_DN,0.1506010397658343,spatial,3,"home,pt interaction,work"
64915,18:01:55,mixed_agent_02,subway,pt,304650.39919975435,2764068.1343895765,4,in_leg,,metro_Green,metro_Green_0_1_3960,subway,,,,,,3,"home,pt interaction,work"
64915,18:01:55,mixed_agent_02,subway,pt,304578.49660182407,2765137.049159095,4,in_leg,,metro_Green,metro_Green_0_1_3960,subway,,,,,,3,"home,pt interaction,work"
64920,18:02:00,pt_agent_03,walk,walk,304498.2230534351,2766143.787709924,1,in_leg,,,,,work,1,pt_metro_G06_DN_pt_metro_G05_DN,0.12798846738103115,spatial,2,"home,work"
64920,18:02:00,pt_agent_04,walk,walk,301506.9218918919,2606354.991476091,1,in_leg,,,,,,,,,,2,"home,work"
64924,18:02:04,mixed_agent_02,subway,pt,304775.4515044721,2763389.450346154,4,in_leg,,metro_Green,metro_Green_0_1_3960,subway,pt interaction,2,pt_metro_G03_DN,0.22590155964852326,spatial,3,"home,pt interaction,work"
64924,18:02:04,mixed_agent_02,subway,pt,304647.69865833886,2764112.275481429,4,in_leg,,metro_Green,metro_Green_0_1_3960,subway,,,,,,3,"home,pt interaction,work"
64925,18:02:05,mixed_agent_02,subway,pt,304573.60152913706,2765163.8839875516,4,in_leg,,metro_Green,metro_Green_0_1_3960,subway,,,,,,3,"home,pt interaction,work"
64930,18:02:10,pt_agent_03,walk,walk,304503.08164122136,2766153.282519084,1,in_leg,,,,,work,1,pt_metro_G06_DN_pt_metro_G05_DN,0.1386541729958429,spatial,2,"home,work"
64930,18:02:10,pt_agent_04,walk,walk,301506.37459459464,2606344.3214968815,1,in_leg,,,,,,,,,,2,"home,work"
64933,18:02:13,mixed_agent_02,subway,pt,304760.4951017363,2763463.250578619,4,in_leg,,metro_Green,metro_Green_0_1_3960,subway,pt interaction,2,pt_metro_G03_DN,0.3012020795316686,spatial,3,"home,pt interaction,work"
64934,18:02:14,mixed_agent_02,subway,pt,304644.9981169234,2764156.4165732814,4,in_leg,,metro_Green,metro_Green_0_1_3960,subway,,,,,,3,"home,pt interaction,work"
64934,18:02:14,mixed_agent_02,subway,pt,304568.70645645005,2765190.718816008,4,in_leg,,metro_Green,metro_Green_0_1_3960,subway,,,,,,3,"home,pt interaction,work"
64940,18:02:20,pt_agent_03,walk,walk,304507.9402290076,2766162.7773282444,1,in_leg,,,,,work,1,pt_metro_G06_DN_pt_metro_G05_DN,0.1493198786110692,spatial,2,"home,work"
64940,18:02:20,pt_agent_04,walk,walk,301505.8272972973,2606333.6515176715,1,in_leg,,,,,,,,,,2,"home,work"
64943,18:02:23,mixed_agent_02,subway,pt,304745.53869900043,2763537.0508110835,4,in_leg,,metro_Green,metro_Green_0_1_3960,subway,pt interaction,2,pt_metro_G03_DN,0.3765025994143576,spatial,3,"home,pt interaction,work"
64944,18:02:24,mixed_agent_02,subway,pt,304642.29757550784,2764200.557665134,4,in_leg,,metro_Green,metro_Green_0_1_3960,subway,,,,,,3,"home,pt interaction,work"
64944,18:02:24,mixed_agent_02,subway,pt,304563.81138376304,2765217.553644465,4,in_leg,,metro_Green,metro_Green_0_1_3960,subway,,,,,,3,"home,pt interaction,work"
64950,18:02:30,pt_agent_03,walk,walk,304512.7988167939,2766172.272137405,1,in_leg,,,,,work,1,pt_metro_G06_DN_pt_metro_G05_DN,0.15998558422629555,spatial,2,"home,work"
64950,18:02:30,pt_agent_04,walk,walk,301505.28,2606322.9815384615,1,in_leg,,,,,,,,,,2,"home,work"
64952,18:02:32,mixed_agent_02,subway,pt,304730.58229626453,2763610.8510435484,4,in_leg,,metro_Green,metro_Green_0_1_3960,subway,pt interaction,2,pt_metro_G03_DN,0.45180311929751443,spatial,3,"home,pt interaction,work"
64954,18:02:34,mixed_agent_02,subway,pt,304639.59703409235,2764244.6987569863,4,in_leg,,metro_Green,metro_Green_0_1_3960,subway,,,,,,3,"home,pt interaction,work"
64954,18:02:34,mixed_agent_02,subway,pt,304558.9163110761,2765244.388472921,4,in_leg,,metro_Green,metro_Green_0_1_3960,subway,,,,,,3,"home,pt interaction,work"
64960,18:02:40,pt_agent_03,walk,walk,304517.65740458015,2766181.766946565,1,in_leg,,,,,work,1,pt_metro_G06_DN_pt_metro_G05_DN,0.17065128984110733,spatial,2,"home,work"
64960,18:02:40,pt_agent_04,walk,walk,301504.73270270275,2606312.3115592515,1,in_leg,,,,,,,,,,2,"home,work"
64962,18:02:42,mixed_agent_02,subway,pt,304715.6258935287,2763684.651276013,4,in_leg,,metro_Green,metro_Green_0_1_3960,subway,,,,,,3,"home,pt interaction,work"
64963,18:02:43,mixed_agent_02,subway,pt,304636.89649267687,2764288.8398488383,4,in_leg,,metro_Green,metro_Green_0_1_3960,subway,,,,,,3,"home,pt interaction,work"
64964,18:02:44,mixed_agent_02,subway,pt,304554.0212383891,2765271.223301378,4,in_leg,,metro_Green,metro_Green_0_1_3960,subway,,,,,,3,"home,pt interaction,work"
64970,18:02:50,pt_agent_03,walk,walk,304522.5159923664,2766191.2617557254,1,in_leg,,,,,work,1,pt_metro_G06_DN_pt_metro_G05_DN,0.18131699545633365,spatial,2,"home,work"
64970,18:02:50,pt_agent_04,walk,walk,301504.1854054054,2606301.6415800415,1,in_leg,,,,,,,,,,2,"home,work"
64971,18:02:51,mixed_agent_02,subway,pt,304700.66949079285,2763758.451508478,4,in_leg,,metro_Green,metro_Green_0_1_3960,subway,,,,,,3,"home,pt interaction,work"
64973,18:02:53,mixed_agent_02,subway,pt,304634.1959512614,2764332.9809406907,4,in_leg,,metro_Green,metro_Green_0_1_3960,subway,,,,,,3,"home,pt interaction,work"
64974,18:02:54,mixed_agent_02,subway,pt,304549.12616570207,2765298.0581298345,4,in_leg,,metro_Green,metro_Green_0_1_3960,subway,,,,,,3,"home,pt interaction,work"
64980,18:03:00,pt_agent_03,walk,walk,304527.3745801527,2766200.7565648854,1,in_leg,,,,,work,1,pt_metro_G06_DN_pt_metro_G05_DN,0.1919827010711454,spatial,2,"home,work"
64980,18:03:00,pt_agent_04,walk,walk,301503.63810810813,2606290.9716008315,1,in_leg,,,,,,,,,,2,"home,work"
64981,18:03:01,mixed_agent_02,subway,pt,304685.713088057,2763832.2517409422,4,in_leg,,metro_Green,metro_Green_0_1_3960,subway,,,,,,3,"home,pt interaction,work"
64983,18:03:03,mixed_agent_02,subway,pt,304631.4954098459,2764377.122032543,4,in_leg,,metro_Green,metro_Green_0_1_3960,subway,,,,,,3,"home,pt interaction,work"
64984,18:03:04,mixed_agent_02,subway,pt,304544.2310930151,2765324.892958291,4,in_leg,,metro_Green,metro_Green_0_1_3960,subway,,,,,,3,"home,pt interaction,work"
64990,18:03:10,mixed_agent_02,subway,pt,304670.75668532116,2763906.051973407,4,in_leg,,metro_Green,metro_Green_0_1_3960,subway,,,,,,3,"home,pt interaction,work"
64990,18:03:10,pt_agent_03,walk,walk,304532.2331679389,2766210.251374046,1,in_leg,,,,,work,1,pt_metro_G06_DN_pt_metro_G05_DN,0.20264840668634523,spatial,2,"home,work"
64990,18:03:10,pt_agent_04,walk,walk,301503.09081081086,2606280.3016216215,1,in_leg,,,,,,,,,,2,"home,work"
64993,18:03:13,mixed_agent_02,subway,pt,304628.7948684304,2764421.2631243956,4,in_leg,,metro_Green,metro_Green_0_1_3960,subway,,,,,,3,"home,pt interaction,work"
64993,18:03:13,mixed_agent_02,subway,pt,304539.3360203281,2765351.7277867477,4,in_leg,,metro_Green,metro_Green_0_1_3960,subway,,,,,,3,"home,pt interaction,work"
65000,18:03:20,mixed_agent_02,subway,pt,304655.8002825853,2763979.8522058716,4,in_leg,,metro_Green,metro_Green_0_1_3960,subway,,,,,,3,"home,pt interaction,work"
65000,18:03:20,pt_agent_03,walk,walk,304537.09175572515,2766219.7461832063,1,in_leg,,,,,work,1,pt_metro_G06_DN_pt_metro_G05_DN,0.21331411230157155,spatial,2,"home,work"
65000,18:03:20,pt_agent_04,walk,walk,301502.5435135135,2606269.6316424115,1,in_leg,,,,,,,,,,2,"home,work"
65002,18:03:22,mixed_agent_02,subway,pt,304626.09432701493,2764465.404216248,4,in_leg,,metro_Green,metro_Green_0_1_3960,subway,,,,,,3,"home,pt interaction,work"
65003,18:03:23,mixed_agent_02,subway,pt,304534.4409476411,2765378.562615204,4,in_leg,,metro_Green,metro_Green_0_1_3960,subway,,,,,,3,"home,pt interaction,work"
65010,18:03:30,pt_agent_03,walk,walk,304541.9503435114,2766229.2409923663,1,in_leg,,,,,work,1,pt_metro_G06_DN_pt_metro_G05_DN,0.22397981791638333,spatial,2,"home,work"
65010,18:03:30,pt_agent_04,walk,walk,301501.99621621624,2606258.9616632015,1,in_leg,,,,,,,,,,2,"home,work"
65012,18:03:32,mixed_agent_02,subway,pt,304623.39378559944,2764509.5453081005,4,in_leg,,metro_Green,metro_Green_0_1_3960,subway,,,,,,3,"home,pt interaction,work"
65013,18:03:33,mixed_agent_02,subway,pt,304529.5458749541,2765405.3974436605,4,in_leg,,metro_Green,metro_Green_0_1_3960,subway,,,,,,3,"home,pt interaction,work"
65020,18:03:40,pt_agent_03,walk,walk,304546.8089312977,2766238.735801527,1,in_leg,,,,,work,1,pt_metro_G06_DN_pt_metro_G05_DN,0.23464552353160964,spatial,2,"home,work"
65020,18:03:40,pt_agent_04,walk,walk,301501.44891891896,2606248.2916839914,1,in_leg,,,,,,,,,,2,"home,work"
65022,18:03:42,mixed_agent_02,subway,pt,304620.6932441839,2764553.686399953,4,in_leg,,metro_Green,metro_Green_0_1_3960,subway,,,,,,3,"home,pt interaction,work"
65023,18:03:43,mixed_agent_02,subway,pt,304524.65080226713,2765432.2322721174,4,in_leg,,metro_Green,metro_Green_0_1_3960,subway,,,,,,3,"home,pt interaction,work"
65030,18:03:50,pt_agent_03,walk,walk,304551.66751908395,2766248.2306106873,1,in_leg,,,,,work,1,pt_metro_G06_DN_pt_metro_G05_DN,0.24531122914683595,spatial,2,"home,work"
65030,18:03:50,pt_agent_04,walk,walk,301500.9016216216,2606237.6217047814,1,in_leg,,,,,,,,,,2,"home,work"
65032,18:03:52,mixed_agent_02,subway,pt,304617.9927027684,2764597.8274918054,4,in_leg,,metro_Green,metro_Green_0_1_3960,subway,,,,,,3,"home,pt interaction,work"
65033,18:03:53,mixed_agent_02,subway,pt,304519.7557295801,2765459.067100574,4,in_leg,,metro_Green,metro_Green_0_1_3960,subway,,,,,,3,"home,pt interaction,work"
65040,18:04:00,pt_agent_03,walk,walk,304556.5261068702,2766257.7254198473,1,in_leg,,,,,work,1,pt_metro_G06_DN_pt_metro_G05_DN,0.25597693476164773,spatial,2,"home,work"
65040,18:04:00,pt_agent_04,walk,walk,301500.35432432435,2606226.9517255714,1,in_leg,,,,,,,,,,2,"home,work"
65041,18:04:01,mixed_agent_02,subway,pt,304615.29216135293,2764641.968583658,4,in_leg,,metro_Green,metro_Green_0_1_3960,subway,,,,,,3,"home,pt interaction,work"
65043,18:04:03,mixed_agent_02,subway,pt,304514.8606568931,2765485.9019290307,4,in_leg,,metro_Green,metro_Green_0_1_3960,subway,,,,,,3,"home,pt interaction,work"
65050,18:04:10,pt_agent_03,walk,walk,304561.3846946565,2766267.220229008,1,in_leg,,,,,work,1,pt_metro_G06_DN_pt_metro_G05_DN,0.2666426403768741,spatial,2,"home,work"
65050,18:04:10,pt_agent_04,walk,walk,301499.80702702707,2606216.2817463614,1,in_leg,,,,,,,,,,2,"home,work"
65051,18:04:11,mixed_agent_02,subway,pt,304612.59161993745,2764686.1096755103,4,in_leg,,metro_Green,metro_Green_0_1_3960,subway,,,,,,3,"home,pt interaction,work"
65052,18:04:12,mixed_agent_02,subway,pt,304509.96558420616,2765512.736757487,4,in_leg,,metro_Green,metro_Green_0_1_3960,subway,,,,,,3,"home,pt interaction,work"
65060,18:04:20,pt_agent_03,walk,walk,304566.24328244274,2766276.7150381682,1,in_leg,,,,,work,1,pt_metro_G06_DN_pt_metro_G05_DN,0.27730834599210036,spatial,2,"home,work"
65060,18:04:20,pt_agent_04,walk,walk,301499.25972972973,2606205.6117671514,1,in_leg,,,,,,,,,,2,"home,work"
65061,18:04:21,mixed_agent_02,subway,pt,304609.89107852196,2764730.250767363,4,in_leg,,metro_Green,metro_Green_0_1_3960,subway,,,,,,3,"home,pt interaction,work"
65062,18:04:22,mixed_agent_02,subway,pt,304505.07051151915,2765539.5715859435,4,in_leg,,metro_Green,metro_Green_0_1_3960,subway,,,,,,3,"home,pt interaction,work"
65069,18:04:29,pt_agent_03,walk,walk,304571.101870229,2766286.2098473283,1,in_leg,,,,,work,1,pt_metro_G06_DN_pt_metro_G05_DN,0.28797405160691214,spatial,2,"home,work"
65070,18:04:30,pt_agent_04,walk,walk,301498.71243243245,2606194.9417879414,1,in_leg,,,,,,,,,,2,"home,work"
65071,18:04:31,mixed_agent_02,subway,pt,304607.1905371065,2764774.391859215,4,in_leg,,metro_Green,metro_Green_0_1_3960,subway,,,,,,3,"home,pt interaction,work"
65072,18:04:32,mixed_agent_02,subway,pt,304500.17543883214,2765566.4064144003,4,in_leg,,metro_Green,metro_Green_0_1_3960,subway,,,,,,3,"home,pt interaction,work"
65079,18:04:39,pt_agent_03,walk,walk,304575.96045801527,2766295.7046564887,1,in_leg,,,,,work,1,pt_metro_G06_DN_pt_metro_G05_DN,0.2986397572221384,spatial,2,"home,work"
65080,18:04:40,mixed_agent_02,subway,pt,304604.489995691,2764818.532951067,4,in_leg,,metro_Green,metro_Green_0_1_3960,subway,,,,,,3,"home,pt interaction,work"
65080,18:04:40,pt_agent_04,walk,walk,301498.1651351352,2606184.271808732,1,in_leg,,,,,,,,,,2,"home,work"
65082,18:04:42,mixed_agent_02,subway,pt,304495.2803661452,2765593.2412428567,4,in_leg,,metro_Green,metro_Green_0_1_3960,subway,home,0,pt_metro_G06_DN_pt_metro_G05_DN,0.48694453460948695,spatial,3,"home,pt interaction,work"
65089,18:04:49,pt_agent_03,walk,walk,304580.81904580153,2766305.1994656487,1,in_leg,,,,,work,1,pt_metro_G06_DN_pt_metro_G05_DN,0.30930546283695026,spatial,2,"home,work"
65090,18:04:50,mixed_agent_02,subway,pt,304601.7894542755,2764862.6740429197,4,in_leg,,metro_Green,metro_Green_0_1_3960,subway,,,,,,3,"home,pt interaction,work"
65090,18:04:50,pt_agent_04,walk,walk,301497.61783783784,2606173.601829522,1,in_leg,,,,,,,,,,2,"home,work"
65092,18:04:52,mixed_agent_02,subway,pt,304490.3852934582,2765620.076071313,4,in_leg,,metro_Green,metro_Green_0_1_3960,subway,home,0,pt_metro_G06_DN_pt_metro_G05_DN,0.45966810601804337,spatial,3,"home,pt interaction,work"
65099,18:04:59,pt_agent_03,walk,walk,304585.6776335878,2766314.694274809,1,in_leg,,,,,work,1,pt_metro_G06_DN_pt_metro_G05_DN,0.3199711684521766,spatial,2,"home,work"
65100,18:05:00,mixed_agent_02,subway,pt,304599.08891285997,2764906.815134772,4,in_leg,,metro_Green,metro_Green_0_1_3960,subway,,,,,,3,"home,pt interaction,work"
65100,18:05:00,pt_agent_04,walk,walk,301497.07054054056,2606162.931850312,1,in_leg,,,,,,,,,,2,"home,work"
65102,18:05:02,mixed_agent_02,subway,pt,304485.4902207712,2765646.91089977,4,in_leg,,metro_Green,metro_Green_0_1_3960,subway,home,0,pt_metro_G06_DN_pt_metro_G05_DN,0.43239183052386176,spatial,3,"home,pt interaction,work"
65109,18:05:09,pt_agent_03,walk,walk,304590.53622137406,2766324.1890839697,1,in_leg,,,,,work,1,pt_metro_G06_DN_pt_metro_G05_DN,0.33063687406740283,spatial,2,"home,work"
65110,18:05:10,mixed_agent_02,subway,pt,304596.3883714445,2764950.9562266245,4,in_leg,,metro_Green,metro_Green_0_1_3960,subway,,,,,,3,"home,pt interaction,work"
65110,18:05:10,pt_agent_04,walk,walk,301496.5232432433,2606152.261871102,1,in_leg,,,,,,,,,,2,"home,work"
65112,18:05:12,mixed_agent_02,subway,pt,304480.59514808416,2765673.7457282264,4,in_leg,,metro_Green,metro_Green_0_1_3960,subway,home,0,pt_metro_G06_DN_pt_metro_G05_DN,0.4051157390518765,spatial,3,"home,pt interaction,work"
65119,18:05:19,mixed_agent_02,subway,pt,304593.687830029,2764995.097318477,4,in_leg,,metro_Green,metro_Green_0_1_3960,subway,,,,,,3,"home,pt interaction,work"
65119,18:05:19,pt_agent_03,walk,walk,304595.39480916027,2766333.6838931297,1,in_leg,,,,,work,1,pt_metro_G06_DN_pt_metro_G05_DN,0.34130257968218813,spatial,2,"home,work"
65120,18:05:20,pt_agent_04,walk,walk,301495.97594594595,2606141.591891892,1,in_leg,,,,,,,,,,2,"home,work"
65121,18:05:21,mixed_agent_02,subway,pt,304475.7000753972,2765700.580556683,4,in_leg,,metro_Green,metro_Green_0_1_3960,subway,home,0,pt_metro_G06_DN_pt_metro_G05_DN,0.3778398714549847,spatial,3,"home,pt interaction,work"
65129,18:05:29,mixed_agent_02,subway,pt,304590.9872886135,2765039.2384103294,4,in_leg,,metro_Green,metro_Green_0_1_3960,subway,,,,,,3,"home,pt interaction,work"
65129,18:05:29,pt_agent_03,walk,walk,304600.25339694653,2766343.17870229,1,in_leg,,,,,work,1,pt_metro_G06_DN_pt_metro_G05_DN,0.3519682852974145,spatial,2,"home,work"
65130,18:05:30,pt_agent_04,walk,walk,301495.42864864867,2606130.921912682,1,in_leg,,,,,,,,,,2,"home,work"
65131,18:05:31,mixed_agent_02,subway,pt,304470.8050027102,2765727.4153851396,4,in_leg,,metro_Green,metro_Green_0_1_3960,subway,home,0,pt_metro_G06_DN_pt_metro_G05_DN,0.35056427998892314,spatial,3,"home,pt interaction,work"
65139,18:05:39,mixed_agent_02,subway,pt,304588.286747198,2765083.379502182,4,in_leg,,metro_Green,metro_Green_0_1_3960,subway,,,,,,3,"home,pt interaction,work"
65139,18:05:39,pt_agent_03,walk,walk,304605.1119847328,2766352.6735114506,1,in_leg,,,,,work,1,pt_metro_G06_DN_pt_metro_G05_DN,0.3626339909126408,spatial,2,"home,work"
65140,18:05:40,pt_agent_04,walk,walk,301494.8813513514,2606120.2519334718,1,in_leg,,,,,,,,,,2,"home,work"
65141,18:05:41,mixed_agent_02,subway,pt,304465.9099300232,2765754.250213596,4,in_leg,,metro_Green,metro_Green_0_1_3960,subway,home,0,pt_metro_G06_DN_pt_metro_G05_DN,0.3232890345454375,spatial,3,"home,pt interaction,work"
65149,18:05:49,pt_agent_03,walk,walk,304609.97057251906,2766362.1683206107,1,in_leg,,,,,work,1,pt_metro_G06_DN_pt_metro_G05_DN,0.37329969652745254,spatial,2,"home,work"
65150,18:05:50,pt_agent_04,walk,walk,301494.3340540541,2606109.5819542618,1,in_leg,,,,,,,,,,2,"home,work"
65151,18:05:51,mixed_agent_02,subway,pt,304461.01485733624,2765781.085042053,4,in_leg,,metro_Green,metro_Green_0_1_3960,subway,home,0,pt_metro_G06_DN_pt_metro_G05_DN,0.296014230772808,spatial,3,"home,pt interaction,work"
65159,18:05:59,pt_agent_03,walk,walk,304614.8291603053,2766371.663129771,1,in_leg,,,,,work,1,pt_metro_G06_DN_pt_metro_G05_DN,0.3839654021426789,spatial,2,"home,work"
65160,18:06:00,pt_agent_04,walk,walk,301493.7867567568,2606098.9119750517,1,in_leg,,,,,,,,,,2,"home,work"
65161,18:06:01,mixed_agent_02,subway,pt,304456.1197846492,2765807.9198705093,4,in_leg,,metro_Green,metro_Green_0_1_3960,subway,home,0,pt_metro_G06_DN_pt_metro_G05_DN,0.26874000314949825,spatial,3,"home,pt interaction,work"
65169,18:06:09,pt_agent_03,walk,walk,304619.6877480916,2766381.1579389316,1,in_leg,,,,,work,1,pt_metro_G06_DN_pt_metro_G05_DN,0.39463110775790516,spatial,2,"home,work"
65170,18:06:10,pt_agent_04,walk,walk,301493.2394594595,2606088.2419958417,1,in_leg,,,,,,,,,,2,"home,work"
65171,18:06:11,mixed_agent_02,subway,pt,304451.2247119622,2765834.7546989657,4,in_leg,,metro_Green,metro_Green_0_1_3960,subway,home,0,pt_metro_G06_DN_pt_metro_G05_DN,0.24146654690734762,spatial,3,"home,pt interaction,work"
65179,18:06:19,pt_agent_03,walk,walk,304624.54633587785,2766390.6527480916,1,in_leg,,,,,work,1,pt_metro_G06_DN_pt_metro_G05_DN,0.40529681337271695,spatial,2,"home,work"
65180,18:06:20,mixed_agent_02,subway,pt,304446.3296392752,2765861.5895274226,4,in_leg,,metro_Green,metro_Green_0_1_3960,subway,home,0,pt_metro_G06_DN_pt_metro_G05_DN,0.21419415670722589,spatial,3,"home,pt interaction,work"
65180,18:06:20,pt_agent_04,walk,walk,301492.6921621622,2606077.5720166317,1,in_leg,,,,,,,,,,2,"home,work"
65189,18:06:29,pt_agent_03,walk,walk,304629.4049236641,2766400.147557252,1,in_leg,,,,,work,1,pt_metro_G06_DN_pt_metro_G05_DN,0.41596251898794334,spatial,2,"home,work"
65190,18:06:30,mixed_agent_02,subway,pt,304441.43456658826,2765888.424355879,4,in_leg,,metro_Green,metro_Green_0_1_3960,subway,home,0,pt_metro_G06_DN_pt_metro_G05_DN,0.18692329916224115,spatial,3,"home,pt interaction,work"
65190,18:06:30,pt_agent_04,walk,walk,301492.1448648649,2606066.9020374217,1,in_leg,,,,,,,,,,2,"home,work"
65199,18:06:39,pt_agent_03,walk,walk,304634.2635114504,2766409.642366412,1,in_leg,,,,,work,1,pt_metro_G06_DN_pt_metro_G05_DN,0.426628224602755,spatial,2,"home,work"
65200,18:06:40,mixed_agent_02,subway,pt,304436.53949390125,2765915.2591843354,4,in_leg,,metro_Green,metro_Green_0_1_3960,subway,home,0,pt_metro_G06_DN_pt_metro_G05_DN,0.15965475965864478,spatial,3,"home,pt interaction,work"
65200,18:06:40,pt_agent_04,walk,walk,301491.5975675676,2606056.2320582117,1,in_leg,,,,,,,,,,2,"home,work"
65209,18:06:49,pt_agent_03,walk,walk,304639.12209923664,2766419.1371755726,1,in_leg,,,,,work,1,pt_metro_G06_DN_pt_metro_G05_DN,0.43729393021798135,spatial,2,"home,work"
65210,18:06:50,mixed_agent_02,subway,pt,304431.64442121424,2765942.094012792,4,in_leg,,metro_Green,metro_Green_0_1_3960,subway,home,0,pt_metro_G06_DN_pt_metro_G05_DN,0.13238997055401483,spatial,3,"home,pt interaction,work"
65210,18:06:50,pt_agent_04,walk,walk,301491.0502702703,2606045.5620790017,1,in_leg,,,,,,,,,,2,"home,work"
65219,18:06:59,pt_agent_03,walk,walk,304643.9806870229,2766428.631984733,1,in_leg,,,,,work,1,pt_metro_G06_DN_pt_metro_G05_DN,0.4479596358332077,spatial,2,"home,work"
65220,18:07:00,mixed_agent_02,subway,pt,304426.7493485273,2765968.9288412486,4,in_leg,,metro_Green,metro_Green_0_1_3960,subway,home,0,pt_metro_G06_DN_pt_metro_G05_DN,0.10513184976430896,spatial,3,"home,pt interaction,work"
65220,18:07:00,pt_agent_04,walk,walk,301490.502972973,2606034.892099792,1,in_leg,,,,,,,,,,2,"home,work"
65229,18:07:09,pt_agent_03,walk,walk,304648.8392748092,2766438.126793893,1,in_leg,,,,,work,1,pt_metro_G06_DN_pt_metro_G05_DN,0.4586253414480195,spatial,2,"home,work"
65230,18:07:10,mixed_agent_02,subway,pt,304421.8542758403,2765995.7636697055,4,in_leg,,metro_Green,metro_Green_0_1_3960,subway,home,0,pt_metro_G06_DN_pt_metro_G05_DN,0.07788739869936996,spatial,3,"home,pt interaction,work"
65230,18:07:10,pt_agent_04,walk,walk,301489.9556756757,2606024.222120582,1,in_leg,,,,,,,,,,2,"home,work"
65239,18:07:19,mixed_agent_02,subway,pt,304416.95920315327,2766022.598498162,4,in_leg,,metro_Green,metro_Green_0_1_3960,subway,home,0,pt_metro_G06_DN_pt_metro_G05_DN,0.05067866836579605,spatial,3,"home,pt interaction,work"
65239,18:07:19,pt_agent_03,walk,walk,304653.6978625954,2766447.6216030535,1,in_leg,,,,,work,1,pt_metro_G06_DN_pt_metro_G05_DN,0.4692910470632193,spatial,2,"home,work"
65240,18:07:20,pt_agent_04,walk,walk,301489.40837837843,2606013.552141372,1,in_leg,,,,,,,,,,2,"home,work"
65249,18:07:29,mixed_agent_02,subway,pt,304412.06413046626,2766049.4333266183,4,in_leg,,metro_Green,metro_Green_0_1_3960,subway,home,0,pt_metro_G06_DN_pt_metro_G05_DN,0.023629377653609552,spatial,3,"home,pt interaction,work"
65249,18:07:29,pt_agent_03,walk,walk,304658.55645038164,2766457.116412214,1,in_leg,,,,,work,1,pt_metro_G06_DN_pt_metro_G05_DN,0.47995675267844556,spatial,2,"home,work"
65250,18:07:30,pt_agent_04,walk,walk,301488.8610810811,2606002.882162162,1,in_leg,,,,,,,,,,2,"home,work"
65259,18:07:39,mixed_agent_02,subway,pt,304407.1690577793,2766076.268155075,4,in_leg,,metro_Green,metro_Green_0_1_3960,subway,home,0,pt_metro_G06_DN_pt_metro_G05_DN,0.006042107170451119,spatial,3,"home,pt interaction,work"
65259,18:07:39,pt_agent_03,walk,walk,304663.4150381679,2766466.611221374,1,in_leg,,,,,work,1,pt_metro_G06_DN_pt_metro_G05_DN,0.49062245829325735,spatial,2,"home,work"
65260,18:07:40,pt_agent_04,walk,walk,301488.3137837838,2605992.212182952,1,in_leg,,,,,,,,,,2,"home,work"
65269,18:07:49,mixed_agent_02,subway,pt,304402.2739850923,2766103.1029835315,4,in_leg,,metro_Green,metro_Green_0_1_3960,subway,pt interaction,5,pt_metro_G06_UP,0.0,spatial,3,"home,pt interaction,work"
65269,18:07:49,mixed_agent_02,walk,walk,304402.2739850923,2766103.1029835315,5,in_leg,,,,,pt interaction,5,pt_metro_G06_UP,0.0,spatial,3,"home,pt interaction,work"
65269,18:07:49,pt_agent_03,walk,walk,304668.27362595417,2766476.1060305345,1,in_leg,,,,,,,,,,2,"home,work"
65270,18:07:50,pt_agent_04,walk,walk,301487.76648648654,2605981.542203742,1,in_leg,,,,,,,,,,2,"home,work"
65279,18:07:59,mixed_agent_02,walk,walk,304402.68599006155,2766092.555322354,5,in_leg,,,,,pt interaction,1,pt_metro_G06_DN,0.004206054967137068,spatial,3,"home,pt interaction,work"
65279,18:07:59,pt_agent_03,walk,walk,304673.13221374043,2766485.600839695,1,in_leg,,,,,,,,,,2,"home,work"
65280,18:08:00,pt_agent_04,walk,walk,301487.2191891892,2605970.872224532,1,in_leg,,,,,,,,,,2,"home,work"
65289,18:08:09,mixed_agent_02,walk,walk,304403.09799503075,2766082.0076611773,5,in_leg,,,,,home,0,pt_metro_G06_DN_pt_metro_G05_DN,0.010555704827572352,spatial,3,"home,pt interaction,work"
65289,18:08:09,pt_agent_03,walk,walk,304677.9908015267,2766495.095648855,1,in_leg,,,,,,,,,,2,"home,work"
65290,18:08:10,pt_agent_04,walk,walk,301486.6718918919,2605960.202245322,1,in_leg,,,,,,,,,,2,"home,work"
65299,18:08:19,mixed_agent_02,walk,walk,304403.51,2766071.46,5,in_leg,,,,,home,0,pt_metro_G06_DN_pt_metro_G05_DN,0.0,spatial,3,"home,pt interaction,work"
65299,18:08:19,pt_agent_03,walk,walk,304682.84938931296,2766504.5904580154,1,in_leg,,,,,,,,,,2,"home,work"
65300,18:08:20,pt_agent_04,walk,walk,301486.12459459464,2605949.532266112,1,in_leg,,,,,,,,,,2,"home,work"
65309,18:08:29,pt_agent_03,walk,walk,304687.7079770992,2766514.085267176,1,in_leg,,,,,,,,,,2,"home,work"
65310,18:08:30,pt_agent_04,walk,walk,301485.5772972973,2605938.862286902,1,in_leg,,,,,,,,,,2,"home,work"
65319,18:08:39,pt_agent_03,walk,walk,304692.5665648855,2766523.580076336,1,in_leg,,,,,,,,,,2,"home,work"
65320,18:08:40,pt_agent_04,walk,walk,301485.03,2605928.192307692,1,in_leg,,,,,,,,,,2,"home,work"
65329,18:08:49,pt_agent_03,walk,walk,304697.42515267176,2766533.0748854964,1,in_leg,,,,,,,,,,2,"home,work"
65330,18:08:50,pt_agent_04,walk,walk,301484.48270270275,2605917.522328482,1,in_leg,,,,,,,,,,2,"home,work"
65339,18:08:59,pt_agent_03,walk,walk,304702.283740458,2766542.5696946564,1,in_leg,,,,,,,,,,2,"home,work"
65340,18:09:00,pt_agent_04,walk,walk,301483.9354054054,2605906.852349272,1,in_leg,,,,,,,,,,2,"home,work"
65349,18:09:09,pt_agent_03,walk,walk,304707.1423282443,2766552.064503817,1,in_leg,,,,,,,,,,2,"home,work"
65350,18:09:10,pt_agent_04,walk,walk,301483.38810810813,2605896.182370062,1,in_leg,,,,,,,,,,2,"home,work"
65359,18:09:19,pt_agent_03,walk,walk,304712.00091603055,2766561.5593129774,1,in_leg,,,,,,,,,,2,"home,work"
65360,18:09:20,pt_agent_04,walk,walk,301482.84081081086,2605885.5123908524,1,in_leg,,,,,,,,,,2,"home,work"
65369,18:09:29,pt_agent_03,walk,walk,304716.85950381676,2766571.0541221374,1,in_leg,,,,,,,,,,2,"home,work"
65370,18:09:30,pt_agent_04,walk,walk,301482.2935135135,2605874.8424116424,1,in_leg,,,,,,,,,,2,"home,work"
65379,18:09:39,pt_agent_03,walk,walk,304721.718091603,2766580.548931298,1,in_leg,,,,,,,,,,2,"home,work"
65380,18:09:40,pt_agent_04,walk,walk,301481.74621621624,2605864.1724324324,1,in_leg,,,,,,,,,,2,"home,work"
65389,18:09:49,pt_agent_03,walk,walk,304726.5766793893,2766590.0437404583,1,in_leg,,,,,,,,,,2,"home,work"
65390,18:09:50,pt_agent_04,walk,walk,301481.19891891896,2605853.5024532224,1,in_leg,,,,,,,,,,2,"home,work"
65399,18:09:59,pt_agent_03,walk,walk,304731.43526717555,2766599.5385496183,1,in_leg,,,,,,,,,,2,"home,work"
65400,18:10:00,pt_agent_04,walk,walk,301480.6516216216,2605842.8324740124,1,in_leg,,,,,,,,,,2,"home,work"
65409,18:10:09,pt_agent_03,walk,walk,304736.2938549618,2766609.033358779,1,in_leg,,,,,,,,,,2,"home,work"
65410,18:10:10,pt_agent_04,walk,walk,301480.10432432435,2605832.1624948024,1,in_leg,,,,,,,,,,2,"home,work"
65419,18:10:19,pt_agent_03,walk,walk,304741.1524427481,2766618.5281679393,1,in_leg,,,,,,,,,,2,"home,work"
65420,18:10:20,pt_agent_04,walk,walk,301479.55702702707,2605821.4925155924,1,in_leg,,,,,,,,,,2,"home,work"
65429,18:10:29,pt_agent_03,walk,walk,304746.01103053434,2766628.0229770993,1,in_leg,,,,,,,,,,2,"home,work"
65430,18:10:30,pt_agent_04,walk,walk,301479.00972972973,2605810.8225363824,1,in_leg,,,,,,,,,,2,"home,work"
65439,18:10:39,pt_agent_03,walk,walk,304750.8696183206,2766637.5177862598,1,in_leg,,,,,,,,,,2,"home,work"
65440,18:10:40,pt_agent_04,walk,walk,301478.46243243245,2605800.1525571723,1,in_leg,,,,,,,,,,2,"home,work"
65449,18:10:49,pt_agent_03,walk,walk,304755.72820610687,2766647.01259542,1,in_leg,,,,,,,,,,2,"home,work"
65450,18:10:50,pt_agent_04,walk,walk,301477.9151351352,2605789.4825779623,1,in_leg,,,,,,,,,,2,"home,work"
65459,18:10:59,pt_agent_03,walk,walk,304760.58679389313,2766656.5074045802,1,in_leg,,,,,,,,,,2,"home,work"
65460,18:11:00,pt_agent_04,walk,walk,301477.36783783784,2605778.8125987523,1,in_leg,,,,,,,,,,2,"home,work"
65469,18:11:09,pt_agent_03,walk,walk,304765.4453816794,2766666.0022137407,1,in_leg,,,,,,,,,,2,"home,work"
65470,18:11:10,pt_agent_04,walk,walk,301476.82054054056,2605768.1426195423,1,in_leg,,,,,,,,,,2,"home,work"
65479,18:11:19,pt_agent_03,walk,walk,304770.30396946566,2766675.4970229007,1,in_leg,,,,,,,,,,2,"home,work"
65480,18:11:20,pt_agent_04,walk,walk,301476.2732432433,2605757.4726403323,1,in_leg,,,,,,,,,,2,"home,work"
65489,18:11:29,pt_agent_03,walk,walk,304775.16255725187,2766684.991832061,1,in_leg,,,,,,,,,,2,"home,work"
65490,18:11:30,pt_agent_04,walk,walk,301475.72594594595,2605746.8026611223,1,in_leg,,,,,,,,,,2,"home,work"
65499,18:11:39,pt_agent_03,walk,walk,304780.02114503813,2766694.4866412217,1,in_leg,,,,,,,,,,2,"home,work"
65500,18:11:40,pt_agent_04,walk,walk,301475.17864864867,2605736.1326819123,1,in_leg,,,,,,,,,,2,"home,work"
65509,18:11:49,pt_agent_03,walk,walk,304784.8797328244,2766703.9814503817,1,in_leg,,,,,,,,,,2,"home,work"
65510,18:11:50,pt_agent_04,walk,walk,301474.6313513514,2605725.4627027027,1,in_leg,,,,,,,,,,2,"home,work"
65519,18:11:59,pt_agent_03,walk,walk,304789.73832061066,2766713.476259542,1,in_leg,,,,,,,,,,2,"home,work"
65520,18:12:00,pt_agent_04,walk,walk,301474.0840540541,2605714.7927234927,1,in_leg,,,,,,,,,,2,"home,work"
65529,18:12:09,pt_agent_03,walk,walk,304794.5969083969,2766722.9710687026,1,in_leg,,,,,,,,,,2,"home,work"
65530,18:12:10,pt_agent_04,walk,walk,301473.5367567568,2605704.1227442827,1,in_leg,,,,,,,,,,2,"home,work"
65539,18:12:19,pt_agent_03,walk,walk,304799.4554961832,2766732.4658778626,1,in_leg,,,,,,,,,,2,"home,work"
65540,18:12:20,pt_agent_04,walk,walk,301472.9894594595,2605693.4527650727,1,in_leg,,,,,,,,,,2,"home,work"
65549,18:12:29,pt_agent_03,walk,walk,304804.31408396945,2766741.960687023,1,in_leg,,,,,,,,,,2,"home,work"
65550,18:12:30,pt_agent_04,walk,walk,301472.4421621622,2605682.7827858627,1,in_leg,,,,,,,,,,2,"home,work"
65559,18:12:39,pt_agent_03,walk,walk,304809.1726717557,2766751.455496183,1,in_leg,,,,,,,,,,2,"home,work"
65560,18:12:40,pt_agent_04,walk,walk,301471.8948648649,2605672.1128066527,1,in_leg,,,,,,,,,,2,"home,work"
65569,18:12:49,pt_agent_03,walk,walk,304814.031259542,2766760.9503053436,1,in_leg,,,,,,,,,,2,"home,work"
65570,18:12:50,pt_agent_04,walk,walk,301471.3475675676,2605661.4428274427,1,in_leg,,,,,,,,,,2,"home,work"
65579,18:12:59,pt_agent_03,walk,walk,304818.88984732825,2766770.445114504,1,in_leg,,,,,,,,,,2,"home,work"
65580,18:13:00,pt_agent_04,walk,walk,301470.8002702703,2605650.7728482326,1,in_leg,,,,,,,,,,2,"home,work"
65588,18:13:08,pt_agent_03,walk,walk,304823.7484351145,2766779.939923664,1,in_leg,,,,,,,,,,2,"home,work"
65590,18:13:10,pt_agent_04,walk,walk,301470.252972973,2605640.1028690226,1,in_leg,,,,,,,,,,2,"home,work"
65598,18:13:18,pt_agent_03,walk,walk,304828.6070229008,2766789.4347328246,1,in_leg,,,,,,,,,,2,"home,work"
65600,18:13:20,pt_agent_04,walk,walk,301469.7056756757,2605629.4328898126,1,in_leg,,,,,,,,,,2,"home,work"
65608,18:13:28,pt_agent_03,walk,walk,304833.46561068704,2766798.929541985,1,in_leg,,,,,,,,,,2,"home,work"
65610,18:13:30,pt_agent_04,walk,walk,301469.15837837843,2605618.7629106026,1,in_leg,,,,,,,,,,2,"home,work"
65618,18:13:38,pt_agent_03,walk,walk,304838.32419847324,2766808.424351145,1,in_leg,,,,,,,,,,2,"home,work"
65620,18:13:40,pt_agent_04,walk,walk,301468.6110810811,2605608.0929313926,1,in_leg,,,,,,,,,,2,"home,work"
65628,18:13:48,pt_agent_03,walk,walk,304843.1827862595,2766817.9191603055,1,in_leg,,,,,,,,,,2,"home,work"
65630,18:13:50,pt_agent_04,walk,walk,301468.0637837838,2605597.4229521826,1,in_leg,,,,,,,,,,2,"home,work"
65638,18:13:58,pt_agent_03,walk,walk,304848.0413740458,2766827.413969466,1,in_leg,,,,,,,,,,2,"home,work"
65640,18:14:00,pt_agent_04,walk,walk,301467.51648648654,2605586.7529729726,1,in_leg,,,,,,,,,,2,"home,work"
65648,18:14:08,pt_agent_03,walk,walk,304852.89996183204,2766836.908778626,1,in_leg,,,,,,,,,,2,"home,work"
65650,18:14:10,pt_agent_04,walk,walk,301466.9691891892,2605576.082993763,1,in_leg,,,,,,,,,,2,"home,work"
65658,18:14:18,pt_agent_03,walk,walk,304857.7585496183,2766846.4035877865,1,in_leg,,,,,,,,,,2,"home,work"
65660,18:14:20,pt_agent_04,walk,walk,301466.4218918919,2605565.413014553,1,in_leg,,,,,,,,,,2,"home,work"
65668,18:14:28,pt_agent_03,walk,walk,304862.61713740457,2766855.8983969465,1,in_leg,,,,,,,,,,2,"home,work"
65670,18:14:30,pt_agent_04,walk,walk,301465.87459459464,2605554.743035343,1,in_leg,,,,,,,,,,2,"home,work"
65678,18:14:38,pt_agent_03,walk,walk,304867.47572519083,2766865.393206107,1,in_leg,,,,,,,,,,2,"home,work"
65680,18:14:40,pt_agent_04,walk,walk,301465.3272972973,2605544.073056133,1,in_leg,,,,,,,,,,2,"home,work"
65688,18:14:48,pt_agent_03,walk,walk,304872.3343129771,2766874.8880152674,1,in_leg,,,,,,,,,,2,"home,work"
65690,18:14:50,pt_agent_04,walk,walk,301464.78,2605533.403076923,1,in_leg,,,,,,,,,,2,"home,work"
65698,18:14:58,pt_agent_03,walk,walk,304877.19290076336,2766884.3828244274,1,in_leg,,,,,,,,,,2,"home,work"
65700,18:15:00,pt_agent_04,walk,walk,301464.23270270275,2605522.733097713,1,in_leg,,,,,,,,,,2,"home,work"
65708,18:15:08,pt_agent_03,walk,walk,304882.0514885496,2766893.877633588,1,in_leg,,,,,,,,,,2,"home,work"
65710,18:15:10,pt_agent_04,walk,walk,301463.6854054054,2605512.063118503,1,in_leg,,,,,,,,,,2,"home,work"
65718,18:15:18,pt_agent_03,walk,walk,304886.9100763359,2766903.3724427484,1,in_leg,,,,,,,,,,2,"home,work"
65720,18:15:20,pt_agent_04,walk,walk,301463.13810810813,2605501.393139293,1,in_leg,,,,,,,,,,2,"home,work"
65728,18:15:28,pt_agent_03,walk,walk,304891.76866412215,2766912.8672519084,1,in_leg,,,,,,,,,,2,"home,work"
65730,18:15:30,pt_agent_04,walk,walk,301462.59081081086,2605490.723160083,1,in_leg,,,,,,,,,,2,"home,work"
65738,18:15:38,pt_agent_03,walk,walk,304896.62725190836,2766922.362061069,1,in_leg,,,,,,,,,,2,"home,work"
65740,18:15:40,pt_agent_04,walk,walk,301462.0435135135,2605480.053180873,1,in_leg,,,,,,,,,,2,"home,work"
65748,18:15:48,pt_agent_03,walk,walk,304901.4858396946,2766931.8568702294,1,in_leg,,,,,,,,,,2,"home,work"
65750,18:15:50,pt_agent_04,walk,walk,301461.49621621624,2605469.383201663,1,in_leg,,,,,,,,,,2,"home,work"
65758,18:15:58,pt_agent_03,walk,walk,304906.3444274809,2766941.3516793894,1,in_leg,,,,,,,,,,2,"home,work"
65760,18:16:00,pt_agent_04,walk,walk,301460.94891891896,2605458.713222453,1,in_leg,,,,,,,,,,2,"home,work"
65768,18:16:08,pt_agent_03,walk,walk,304911.20301526715,2766950.84648855,1,in_leg,,,,,,,,,,2,"home,work"
65770,18:16:10,pt_agent_04,walk,walk,301460.4016216216,2605448.043243243,1,in_leg,,,,,,,,,,2,"home,work"
65778,18:16:18,pt_agent_03,walk,walk,304916.0616030534,2766960.34129771,1,in_leg,,,,,,,,,,2,"home,work"
65780,18:16:20,pt_agent_04,walk,walk,301459.85432432435,2605437.373264033,1,in_leg,,,,,,,,,,2,"home,work"
65788,18:16:28,pt_agent_03,walk,walk,304920.9201908397,2766969.8361068703,1,in_leg,,,,,,,,,,2,"home,work"
65790,18:16:30,pt_agent_04,walk,walk,301459.30702702707,2605426.7032848233,1,in_leg,,,,,,,,,,2,"home,work"
65798,18:16:38,pt_agent_03,walk,walk,304925.77877862594,2766979.330916031,1,in_leg,,,,,,,,,,2,"home,work"
65800,18:16:40,pt_agent_04,walk,walk,301458.75972972973,2605416.0333056133,1,in_leg,,,,,,,,,,2,"home,work"
65808,18:16:48,pt_agent_03,walk,walk,304930.6373664122,2766988.825725191,1,in_leg,,,,,,,,,,2,"home,work"
65810,18:16:50,pt_agent_04,walk,walk,301458.21243243245,2605405.3633264033,1,in_leg,,,,,,,,,,2,"home,work"
65818,18:16:58,pt_agent_03,walk,walk,304935.4959541985,2766998.3205343513,1,in_leg,,,,,,,,,,2,"home,work"
65820,18:17:00,pt_agent_04,walk,walk,301457.6651351352,2605394.6933471933,1,in_leg,,,,,,,,,,2,"home,work"
65828,18:17:08,pt_agent_03,walk,walk,304940.35454198474,2767007.8153435118,1,in_leg,,,,,,,,,,2,"home,work"
65830,18:17:10,pt_agent_04,walk,walk,301457.11783783784,2605384.0233679833,1,in_leg,,,,,,,,,,2,"home,work"
65838,18:17:18,pt_agent_03,walk,walk,304945.213129771,2767017.3101526718,1,in_leg,,,,,,,,,,2,"home,work"
65840,18:17:20,pt_agent_04,walk,walk,301456.57054054056,2605373.3533887733,1,in_leg,,,,,,,,,,2,"home,work"
65848,18:17:28,pt_agent_03,walk,walk,304950.07171755726,2767026.8049618322,1,in_leg,,,,,,,,,,2,"home,work"
65850,18:17:30,pt_agent_04,walk,walk,301456.0232432433,2605362.6834095633,1,in_leg,,,,,,,,,,2,"home,work"
65858,18:17:38,pt_agent_03,walk,walk,304954.9303053435,2767036.2997709927,1,in_leg,,,,,,,,,,2,"home,work"
65860,18:17:40,pt_agent_04,walk,walk,301455.47594594595,2605352.0134303533,1,in_leg,,,,,,,,,,2,"home,work"
65868,18:17:48,pt_agent_03,walk,walk,304959.78889312973,2767045.7945801527,1,in_leg,,,,,,,,,,2,"home,work"
65870,18:17:50,pt_agent_04,walk,walk,301454.92864864867,2605341.3434511432,1,in_leg,,,,,,,,,,2,"home,work"
65878,18:17:58,pt_agent_03,walk,walk,304964.647480916,2767055.289389313,1,in_leg,,,,,,,,,,2,"home,work"
65880,18:18:00,pt_agent_04,walk,walk,301454.3813513514,2605330.673471933,1,in_leg,,,,,,,,,,2,"home,work"
65888,18:18:08,pt_agent_03,walk,walk,304969.50606870226,2767064.784198473,1,in_leg,,,,,,,,,,2,"home,work"
65890,18:18:10,pt_agent_04,walk,walk,301453.8340540541,2605320.003492723,1,in_leg,,,,,,,,,,2,"home,work"
65898,18:18:18,pt_agent_03,walk,walk,304974.3646564885,2767074.2790076337,1,in_leg,,,,,,,,,,2,"home,work"
65900,18:18:20,pt_agent_04,walk,walk,301453.2867567568,2605309.333513513,1,in_leg,,,,,,,,,,2,"home,work"
65908,18:18:28,pt_agent_03,walk,walk,304979.2232442748,2767083.773816794,1,in_leg,,,,,,,,,,2,"home,work"
65910,18:18:30,pt_agent_04,walk,walk,301452.7394594595,2605298.663534303,1,in_leg,,,,,,,,,,2,"home,work"
65918,18:18:38,pt_agent_03,walk,walk,304984.08183206106,2767093.268625954,1,in_leg,,,,,,,,,,2,"home,work"
65920,18:18:40,pt_agent_04,walk,walk,301452.1921621622,2605287.993555093,1,in_leg,,,,,,,,,,2,"home,work"
65928,18:18:48,pt_agent_03,walk,walk,304988.9404198473,2767102.7634351146,1,in_leg,,,,,,,,,,2,"home,work"
65930,18:18:50,pt_agent_04,walk,walk,301451.6448648649,2605277.323575883,1,in_leg,,,,,,,,,,2,"home,work"
65938,18:18:58,pt_agent_03,walk,walk,304993.7990076336,2767112.258244275,1,in_leg,,,,,,,,,,2,"home,work"
65940,18:19:00,pt_agent_04,walk,walk,301451.0975675676,2605266.6535966736,1,in_leg,,,,,,,,,,2,"home,work"
65948,18:19:08,pt_agent_03,walk,walk,304998.65759541985,2767121.753053435,1,in_leg,,,,,,,,,,2,"home,work"
65950,18:19:10,pt_agent_04,walk,walk,301450.5502702703,2605255.9836174636,1,in_leg,,,,,,,,,,2,"home,work"
65958,18:19:18,pt_agent_03,walk,walk,305003.5161832061,2767131.2478625956,1,in_leg,,,,,,,,,,2,"home,work"
65960,18:19:20,pt_agent_04,walk,walk,301450.002972973,2605245.3136382536,1,in_leg,,,,,,,,,,2,"home,work"
65968,18:19:28,pt_agent_03,walk,walk,305008.3747709924,2767140.742671756,1,in_leg,,,,,,,,,,2,"home,work"
65970,18:19:30,pt_agent_04,walk,walk,301449.4556756757,2605234.6436590436,1,in_leg,,,,,,,,,,2,"home,work"
65978,18:19:38,pt_agent_03,walk,walk,305013.23335877864,2767150.237480916,1,in_leg,,,,,,,,,,2,"home,work"
65980,18:19:40,pt_agent_04,walk,walk,301448.90837837843,2605223.9736798336,1,in_leg,,,,,,,,,,2,"home,work"
65988,18:19:48,pt_agent_03,walk,walk,305018.09194656485,2767159.7322900766,1,in_leg,,,,,,,,,,2,"home,work"
65990,18:19:50,pt_agent_04,walk,walk,301448.3610810811,2605213.3037006236,1,in_leg,,,,,,,,,,2,"home,work"
65998,18:19:58,pt_agent_03,walk,walk,305022.9505343511,2767169.2270992366,1,in_leg,,,,,,,,,,2,"home,work"
66000,18:20:00,pt_agent_04,walk,walk,301447.8137837838,2605202.6337214136,1,in_leg,,,,,,,,,,2,"home,work"
66008,18:20:08,pt_agent_03,walk,walk,305027.8091221374,2767178.721908397,1,in_leg,,,,,,,,,,2,"home,work"
66010,18:20:10,pt_agent_04,walk,walk,301447.26648648654,2605191.9637422035,1,in_leg,,,,,,,,,,2,"home,work"
66018,18:20:18,pt_agent_03,walk,walk,305032.66770992364,2767188.2167175575,1,in_leg,,,,,,,,,,2,"home,work"
66020,18:20:20,pt_agent_04,walk,walk,301446.7191891892,2605181.2937629935,1,in_leg,,,,,,,,,,2,"home,work"
66028,18:20:28,pt_agent_03,walk,walk,305037.5262977099,2767197.7115267175,1,in_leg,,,,,,,,,,2,"home,work"
66030,18:20:30,pt_agent_04,walk,walk,301446.1718918919,2605170.6237837835,1,in_leg,,,,,,,,,,2,"home,work"
66038,18:20:38,pt_agent_03,walk,walk,305042.38488549617,2767207.206335878,1,in_leg,,,,,,,,,,2,"home,work"
66040,18:20:40,pt_agent_04,walk,walk,301445.62459459464,2605159.9538045735,1,in_leg,,,,,,,,,,2,"home,work"
66048,18:20:48,pt_agent_03,walk,walk,305047.24347328243,2767216.7011450385,1,in_leg,,,,,,,,,,2,"home,work"
66050,18:20:50,pt_agent_04,walk,walk,301445.0772972973,2605149.2838253635,1,in_leg,,,,,,,,,,2,"home,work"
66058,18:20:58,pt_agent_03,walk,walk,305052.1020610687,2767226.1959541985,1,in_leg,,,,,,,,,,2,"home,work"
66060,18:21:00,pt_agent_04,walk,walk,301444.53,2605138.6138461535,1,in_leg,,,,,,,,,,2,"home,work"
66068,18:21:08,pt_agent_03,walk,walk,305056.96064885496,2767235.690763359,1,in_leg,,,,,,,,,,2,"home,work"
66070,18:21:10,pt_agent_04,walk,walk,301443.98270270275,2605127.9438669435,1,in_leg,,,,,,,,,,2,"home,work"
66078,18:21:18,pt_agent_03,walk,walk,305061.8192366412,2767245.1855725194,1,in_leg,,,,,,,,,,2,"home,work"
66080,18:21:20,pt_agent_04,walk,walk,301443.4354054054,2605117.273887734,1,in_leg,,,,,,,,,,2,"home,work"
66088,18:21:28,pt_agent_03,walk,walk,305066.6778244275,2767254.6803816794,1,in_leg,,,,,,,,,,2,"home,work"
66090,18:21:30,pt_agent_04,walk,walk,301442.88810810813,2605106.603908524,1,in_leg,,,,,,,,,,2,"home,work"
66098,18:21:38,pt_agent_03,walk,walk,305071.53641221375,2767264.17519084,1,in_leg,,,,,,,,,,2,"home,work"
66100,18:21:40,pt_agent_04,walk,walk,301442.34081081086,2605095.933929314,1,in_leg,,,,,,,,,,2,"home,work"
66108,18:21:48,pt_agent_03,walk,walk,305076.395,2767273.67,1,in_leg,,,,,,,,,,2,"home,work"
66110,18:21:50,pt_agent_04,walk,walk,301441.7935135135,2605085.263950104,1,in_leg,,,,,,,,,,2,"home,work"
66117,18:21:57,pt_agent_03,walk,walk,305081.2535877862,2767283.1648091604,1,in_leg,,,,,,,,,,2,"home,work"
66120,18:22:00,pt_agent_04,walk,walk,301441.24621621624,2605074.593970894,1,in_leg,,,,,,,,,,2,"home,work"
66127,18:22:07,pt_agent_03,walk,walk,305086.1121755725,2767292.659618321,1,in_leg,,,,,,,,,,2,"home,work"
66130,18:22:10,pt_agent_04,walk,walk,301440.69891891896,2605063.923991684,1,in_leg,,,,,,,,,,2,"home,work"
66137,18:22:17,pt_agent_03,walk,walk,305090.97076335875,2767302.154427481,1,in_leg,,,,,,,,,,2,"home,work"
66140,18:22:20,pt_agent_04,walk,walk,301440.1516216216,2605053.254012474,1,in_leg,,,,,,,,,,2,"home,work"
66147,18:22:27,pt_agent_03,walk,walk,305095.829351145,2767311.6492366414,1,in_leg,,,,,,,,,,2,"home,work"
66150,18:22:30,pt_agent_04,walk,walk,301439.60432432435,2605042.584033264,1,in_leg,,,,,,,,,,2,"home,work"
66157,18:22:37,pt_agent_03,walk,walk,305100.6879389313,2767321.144045802,1,in_leg,,,,,,,,,,2,"home,work"
66160,18:22:40,pt_agent_04,walk,walk,301439.05702702707,2605031.914054054,1,in_leg,,,,,,,,,,2,"home,work"
66167,18:22:47,pt_agent_03,walk,walk,305105.54652671755,2767330.638854962,1,in_leg,,,,,,,,,,2,"home,work"
66170,18:22:50,pt_agent_04,walk,walk,301438.50972972973,2605021.244074844,1,in_leg,,,,,,,,,,2,"home,work"
66177,18:22:57,pt_agent_03,walk,walk,305110.4051145038,2767340.1336641223,1,in_leg,,,,,,,,,,2,"home,work"
66180,18:23:00,pt_agent_04,walk,walk,301437.96243243245,2605010.574095634,1,in_leg,,,,,,,,,,2,"home,work"
66187,18:23:07,pt_agent_03,walk,walk,305115.2637022901,2767349.628473283,1,in_leg,,,,,,,,,,2,"home,work"
66190,18:23:10,pt_agent_04,walk,walk,301437.4151351352,2604999.904116424,1,in_leg,,,,,,,,,,2,"home,work"
66197,18:23:17,pt_agent_03,walk,walk,305120.12229007634,2767359.123282443,1,in_leg,,,,,,,,,,2,"home,work"
66200,18:23:20,pt_agent_04,walk,walk,301436.86783783784,2604989.234137214,1,in_leg,,,,,,,,,,2,"home,work"
66207,18:23:27,pt_agent_03,walk,walk,305124.9808778626,2767368.6180916033,1,in_leg,,,,,,,,,,2,"home,work"
66210,18:23:30,pt_agent_04,walk,walk,301436.32054054056,2604978.564158004,1,in_leg,,,,,,,,,,2,"home,work"
66217,18:23:37,pt_agent_03,walk,walk,305129.83946564887,2767378.1129007638,1,in_leg,,,,,,,,,,2,"home,work"
66220,18:23:40,pt_agent_04,walk,walk,301435.7732432433,2604967.8941787938,1,in_leg,,,,,,,,,,2,"home,work"
66227,18:23:47,pt_agent_03,walk,walk,305134.69805343513,2767387.6077099238,1,in_leg,,,,,,,,,,2,"home,work"
66230,18:23:50,pt_agent_04,walk,walk,301435.22594594595,2604957.224199584,1,in_leg,,,,,,,,,,2,"home,work"
66237,18:23:57,pt_agent_03,walk,walk,305139.55664122134,2767397.1025190842,1,in_leg,,,,,,,,,,2,"home,work"
66240,18:24:00,pt_agent_04,walk,walk,301434.67864864867,2604946.554220374,1,in_leg,,,,,,,,,,2,"home,work"
66247,18:24:07,pt_agent_03,walk,walk,305144.4152290076,2767406.5973282442,1,in_leg,,,,,,,,,,2,"home,work"
66250,18:24:10,pt_agent_04,walk,walk,301434.1313513514,2604935.884241164,1,in_leg,,,,,,,,,,2,"home,work"
66257,18:24:17,pt_agent_03,walk,walk,305149.27381679387,2767416.0921374047,1,in_leg,,,,,,,,,,2,"home,work"
66260,18:24:20,pt_agent_04,walk,walk,301433.5840540541,2604925.214261954,1,in_leg,,,,,,,,,,2,"home,work"
66267,18:24:27,pt_agent_03,walk,walk,305154.13240458013,2767425.586946565,1,in_leg,,,,,,,,,,2,"home,work"
66270,18:24:30,pt_agent_04,walk,walk,301433.0367567568,2604914.544282744,1,in_leg,,,,,,,,,,2,"home,work"
66277,18:24:37,pt_agent_03,walk,walk,305158.9909923664,2767435.081755725,1,in_leg,,,,,,,,,,2,"home,work"
66280,18:24:40,pt_agent_04,walk,walk,301432.4894594595,2604903.874303534,1,in_leg,,,,,,,,,,2,"home,work"
66287,18:24:47,pt_agent_03,walk,walk,305163.84958015266,2767444.5765648857,1,in_leg,,,,,,,,,,2,"home,work"
66290,18:24:50,pt_agent_04,walk,walk,301431.9421621622,2604893.204324324,1,in_leg,,,,,,,,,,2,"home,work"
66297,18:24:57,pt_agent_03,walk,walk,305168.7081679389,2767454.071374046,1,in_leg,,,,,,,,,,2,"home,work"
66300,18:25:00,pt_agent_04,walk,walk,301431.3948648649,2604882.534345114,1,in_leg,,,,,,,,,,2,"home,work"
66307,18:25:07,pt_agent_03,walk,walk,305173.5667557252,2767463.566183206,1,in_leg,,,,,,,,,,2,"home,work"
66310,18:25:10,pt_agent_04,walk,walk,301430.8475675676,2604871.864365904,1,in_leg,,,,,,,,,,2,"home,work"
66317,18:25:17,pt_agent_03,walk,walk,305178.42534351145,2767473.0609923666,1,in_leg,,,,,,,,,,2,"home,work"
66320,18:25:20,pt_agent_04,walk,walk,301430.3002702703,2604861.194386694,1,in_leg,,,,,,,,,,2,"home,work"
66327,18:25:27,pt_agent_03,walk,walk,305183.2839312977,2767482.555801527,1,in_leg,,,,,,,,,,2,"home,work"
66330,18:25:30,pt_agent_04,walk,walk,301429.752972973,2604850.524407484,1,in_leg,,,,,,,,,,2,"home,work"
66337,18:25:37,pt_agent_03,walk,walk,305188.142519084,2767492.050610687,1,in_leg,,,,,,,,,,2,"home,work"
66340,18:25:40,pt_agent_04,walk,walk,301429.2056756757,2604839.854428274,1,in_leg,,,,,,,,,,2,"home,work"
66347,18:25:47,pt_agent_03,walk,walk,305193.00110687024,2767501.5454198476,1,in_leg,,,,,,,,,,2,"home,work"
66350,18:25:50,pt_agent_04,walk,walk,301428.65837837843,2604829.184449064,1,in_leg,,,,,,,,,,2,"home,work"
66357,18:25:57,pt_agent_03,walk,walk,305197.85969465645,2767511.0402290076,1,in_leg,,,,,,,,,,2,"home,work"
66360,18:26:00,pt_agent_04,walk,walk,301428.1110810811,2604818.514469854,1,in_leg,,,,,,,,,,2,"home,work"
66367,18:26:07,pt_agent_03,walk,walk,305202.7182824427,2767520.535038168,1,in_leg,,,,,,,,,,2,"home,work"
66370,18:26:10,pt_agent_04,walk,walk,301427.5637837838,2604807.8444906445,1,in_leg,,,,,,,,,,2,"home,work"
66377,18:26:17,pt_agent_03,walk,walk,305207.576870229,2767530.0298473286,1,in_leg,,,,,,,,,,2,"home,work"
66380,18:26:20,pt_agent_04,walk,walk,301427.01648648654,2604797.1745114345,1,in_leg,,,,,,,,,,2,"home,work"
66387,18:26:27,pt_agent_03,walk,walk,305212.43545801524,2767539.5246564886,1,in_leg,,,,,,,,,,2,"home,work"
66390,18:26:30,pt_agent_04,walk,walk,301426.4691891892,2604786.5045322245,1,in_leg,,,,,,,,,,2,"home,work"
66397,18:26:37,pt_agent_03,walk,walk,305217.2940458015,2767549.019465649,1,in_leg,,,,,,,,,,2,"home,work"
66400,18:26:40,pt_agent_04,walk,walk,301425.9218918919,2604775.8345530145,1,in_leg,,,,,,,,,,2,"home,work"
66407,18:26:47,pt_agent_03,walk,walk,305222.1526335878,2767558.5142748095,1,in_leg,,,,,,,,,,2,"home,work"
66410,18:26:50,pt_agent_04,walk,walk,301425.37459459464,2604765.1645738045,1,in_leg,,,,,,,,,,2,"home,work"
66417,18:26:57,pt_agent_03,walk,walk,305227.01122137404,2767568.0090839695,1,in_leg,,,,,,,,,,2,"home,work"
66420,18:27:00,pt_agent_04,walk,walk,301424.8272972973,2604754.4945945945,1,in_leg,,,,,,,,,,2,"home,work"
66427,18:27:07,pt_agent_03,walk,walk,305231.8698091603,2767577.50389313,1,in_leg,,,,,,,,,,2,"home,work"
66430,18:27:10,pt_agent_04,walk,walk,301424.28,2604743.8246153845,1,in_leg,,,,,,,,,,2,"home,work"
66437,18:27:17,pt_agent_03,walk,walk,305236.72839694656,2767586.9987022905,1,in_leg,,,,,,,,,,2,"home,work"
66440,18:27:20,pt_agent_04,walk,walk,301423.73270270275,2604733.1546361744,1,in_leg,,,,,,,,,,2,"home,work"
66447,18:27:27,pt_agent_03,walk,walk,305241.5869847328,2767596.4935114505,1,in_leg,,,,,,,,,,2,"home,work"
66450,18:27:30,pt_agent_04,walk,walk,301423.1854054054,2604722.4846569644,1,in_leg,,,,,,,,,,2,"home,work"
66457,18:27:37,pt_agent_03,walk,walk,305246.4455725191,2767605.988320611,1,in_leg,,,,,,,,,,2,"home,work"
66460,18:27:40,pt_agent_04,walk,walk,301422.63810810813,2604711.8146777544,1,in_leg,,,,,,,,,,2,"home,work"
66467,18:27:47,pt_agent_03,walk,walk,305251.30416030536,2767615.483129771,1,in_leg,,,,,,,,,,2,"home,work"
66470,18:27:50,pt_agent_04,walk,walk,301422.09081081086,2604701.1446985444,1,in_leg,,,,,,,,,,2,"home,work"
66477,18:27:57,pt_agent_03,walk,walk,305256.1627480916,2767624.9779389314,1,in_leg,,,,,,,,,,2,"home,work"
66480,18:28:00,pt_agent_04,walk,walk,301421.5435135135,2604690.4747193344,1,in_leg,,,,,,,,,,2,"home,work"
66487,18:28:07,pt_agent_03,walk,walk,305261.0213358778,2767634.472748092,1,in_leg,,,,,,,,,,2,"home,work"
66490,18:28:10,pt_agent_04,walk,walk,301420.99621621624,2604679.8047401244,1,in_leg,,,,,,,,,,2,"home,work"
66497,18:28:17,pt_agent_03,walk,walk,305265.8799236641,2767643.967557252,1,in_leg,,,,,,,,,,2,"home,work"
66500,18:28:20,pt_agent_04,walk,walk,301420.44891891896,2604669.1347609144,1,in_leg,,,,,,,,,,2,"home,work"
66507,18:28:27,pt_agent_03,walk,walk,305270.73851145036,2767653.4623664124,1,in_leg,,,,,,,,,,2,"home,work"
66510,18:28:30,pt_agent_04,walk,walk,301419.9016216216,2604658.464781705,1,in_leg,,,,,,,,,,2,"home,work"
66517,18:28:37,pt_agent_03,walk,walk,305275.5970992366,2767662.957175573,1,in_leg,,,,,,,,,,2,"home,work"
66520,18:28:40,pt_agent_04,walk,walk,301419.35432432435,2604647.794802495,1,in_leg,,,,,,,,,,2,"home,work"
66527,18:28:47,pt_agent_03,walk,walk,305280.4556870229,2767672.451984733,1,in_leg,,,,,,,,,,2,"home,work"
66530,18:28:50,pt_agent_04,walk,walk,301418.80702702707,2604637.124823285,1,in_leg,,,,,,,,,,2,"home,work"
66537,18:28:57,pt_agent_03,walk,walk,305285.31427480915,2767681.9467938934,1,in_leg,,,,,,,,,,2,"home,work"
66540,18:29:00,pt_agent_04,walk,walk,301418.25972972973,2604626.454844075,1,in_leg,,,,,,,,,,2,"home,work"
66547,18:29:07,pt_agent_03,walk,walk,305290.1728625954,2767691.441603054,1,in_leg,,,,,,,,,,2,"home,work"
66550,18:29:10,pt_agent_04,walk,walk,301417.71243243245,2604615.784864865,1,in_leg,,,,,,,,,,2,"home,work"
66557,18:29:17,pt_agent_03,walk,walk,305295.0314503817,2767700.936412214,1,in_leg,,,,,,,,,,2,"home,work"
66560,18:29:20,pt_agent_04,walk,walk,301417.1651351352,2604605.1148856548,1,in_leg,,,,,,,,,,2,"home,work"
66567,18:29:27,pt_agent_03,walk,walk,305299.89003816794,2767710.4312213743,1,in_leg,,,,,,,,,,2,"home,work"
66570,18:29:30,pt_agent_04,walk,walk,301416.61783783784,2604594.4449064448,1,in_leg,,,,,,,,,,2,"home,work"
66577,18:29:37,pt_agent_03,walk,walk,305304.7486259542,2767719.9260305343,1,in_leg,,,,,,,,,,2,"home,work"
66580,18:29:40,pt_agent_04,walk,walk,301416.07054054056,2604583.7749272347,1,in_leg,,,,,,,,,,2,"home,work"
66587,18:29:47,pt_agent_03,walk,walk,305309.60721374047,2767729.420839695,1,in_leg,,,,,,,,,,2,"home,work"
66590,18:29:50,pt_agent_04,walk,walk,301415.5232432433,2604573.1049480247,1,in_leg,,,,,,,,,,2,"home,work"
66597,18:29:57,pt_agent_03,walk,walk,305314.46580152673,2767738.9156488553,1,in_leg,,,,,,,,,,2,"home,work"
66600,18:30:00,car_agent_01,walk,walk,290529.54,2780137.41,1,in_leg,,,,,work,1,pt_metro_R25_UP_pt_metro_R26_UP,0.0,spatial,2,"home,work"
66600,18:30:00,pt_agent_04,walk,walk,301414.97594594595,2604562.4349688147,1,in_leg,,,,,,,,,,2,"home,work"
66607,18:30:07,pt_agent_03,walk,walk,305319.32438931294,2767748.4104580153,1,in_leg,,,,,,,,,,2,"home,work"
66610,18:30:10,car_agent_01,walk,walk,290528.0947826087,2780147.988695652,1,in_leg,,,,,work,1,pt_metro_R25_UP_pt_metro_R26_UP,0.010676959071165953,spatial,2,"home,work"
66610,18:30:10,pt_agent_04,walk,walk,301414.42864864867,2604551.7649896047,1,in_leg,,,,,,,,,,2,"home,work"
66617,18:30:17,pt_agent_03,walk,walk,305324.1829770992,2767757.9052671758,1,in_leg,,,,,,,,,,2,"home,work"
66620,18:30:20,car_agent_01,walk,walk,290526.6495652174,2780158.5673913043,1,in_leg,,,,,work,1,pt_metro_R25_UP_pt_metro_R26_UP,0.021353918142331906,spatial,2,"home,work"
66620,18:30:20,pt_agent_04,walk,walk,301413.8813513514,2604541.0950103947,1,in_leg,,,,,,,,,,2,"home,work"
66627,18:30:27,pt_agent_03,walk,walk,305329.04156488547,2767767.400076336,1,in_leg,,,,,,,,,,2,"home,work"
66630,18:30:30,car_agent_01,walk,walk,290525.2043478261,2780169.146086957,1,in_leg,,,,,work,1,pt_metro_R25_UP_pt_metro_R26_UP,0.03203087721395924,spatial,2,"home,work"
66630,18:30:30,pt_agent_04,walk,walk,301413.3340540541,2604530.4250311847,1,in_leg,,,,,,,,,,2,"home,work"
66636,18:30:36,pt_agent_03,walk,walk,305333.90015267173,2767776.8948854962,1,in_leg,,,,,,,,,,2,"home,work"
66640,18:30:40,car_agent_01,walk,walk,290523.7591304348,2780179.724782609,1,in_leg,,,,,work,1,pt_metro_R25_UP_pt_metro_R26_UP,0.042707836285125186,spatial,2,"home,work"
66640,18:30:40,pt_agent_04,walk,walk,301412.7867567568,2604519.7550519747,1,in_leg,,,,,,,,,,2,"home,work"
66646,18:30:46,pt_agent_03,walk,walk,305338.758740458,2767786.3896946567,1,in_leg,,,,,,,,,,2,"home,work"
66650,18:30:50,car_agent_01,walk,walk,290522.3139130435,2780190.303478261,1,in_leg,,,,,work,1,pt_metro_R25_UP_pt_metro_R26_UP,0.05338479535629114,spatial,2,"home,work"
66650,18:30:50,pt_agent_04,walk,walk,301412.2394594595,2604509.0850727647,1,in_leg,,,,,,,,,,2,"home,work"
66656,18:30:56,pt_agent_03,walk,walk,305343.61732824426,2767795.884503817,1,in_leg,,,,,,,,,,2,"home,work"
66660,18:31:00,car_agent_01,walk,walk,290520.86869565217,2780200.882173913,1,in_leg,,,,,work,1,pt_metro_R25_UP_pt_metro_R26_UP,0.06406175442745711,spatial,2,"home,work"
66660,18:31:00,pt_agent_04,walk,walk,301411.6921621622,2604498.415093555,1,in_leg,,,,,,,,,,2,"home,work"
66666,18:31:06,pt_agent_03,walk,walk,305348.4759160305,2767805.379312977,1,in_leg,,,,,,,,,,2,"home,work"
66670,18:31:10,car_agent_01,walk,walk,290519.42347826087,2780211.460869565,1,in_leg,,,,,work,1,pt_metro_R25_UP_pt_metro_R26_UP,0.07473871349862306,spatial,2,"home,work"
66670,18:31:10,pt_agent_04,walk,walk,301411.1448648649,2604487.745114345,1,in_leg,,,,,,,,,,2,"home,work"
66676,18:31:16,pt_agent_03,walk,walk,305353.3345038168,2767814.8741221377,1,in_leg,,,,,,,,,,2,"home,work"
66680,18:31:20,car_agent_01,walk,walk,290517.97826086957,2780222.0395652177,1,in_leg,,,,,work,1,pt_metro_R25_UP_pt_metro_R26_UP,0.08541567257025037,spatial,2,"home,work"
66680,18:31:20,pt_agent_04,walk,walk,301410.5975675676,2604477.075135135,1,in_leg,,,,,,,,,,2,"home,work"
66686,18:31:26,pt_agent_03,walk,walk,305358.19309160305,2767824.3689312977,1,in_leg,,,,,,,,,,2,"home,work"
66690,18:31:30,car_agent_01,walk,walk,290516.53304347827,2780232.6182608698,1,in_leg,,,,,work,1,pt_metro_R25_UP_pt_metro_R26_UP,0.09609263164141633,spatial,2,"home,work"
66690,18:31:30,pt_agent_04,walk,walk,301410.0502702703,2604466.405155925,1,in_leg,,,,,,,,,,2,"home,work"
66696,18:31:36,pt_agent_03,walk,walk,305363.0516793893,2767833.863740458,1,in_leg,,,,,,,,,,2,"home,work"
66700,18:31:40,car_agent_01,walk,walk,290515.08782608696,2780243.196956522,1,in_leg,,,,,work,1,pt_metro_R25_UP_pt_metro_R26_UP,0.10676959071258228,spatial,2,"home,work"
66700,18:31:40,pt_agent_04,walk,walk,301409.502972973,2604455.735176715,1,in_leg,,,,,,,,,,2,"home,work"
66706,18:31:46,pt_agent_03,walk,walk,305367.9102671756,2767843.3585496186,1,in_leg,,,,,,,,,,2,"home,work"
66710,18:31:50,car_agent_01,walk,walk,290513.6426086956,2780253.775652174,1,in_leg,,,,,work,1,pt_metro_R25_UP_pt_metro_R26_UP,0.11744654978375611,spatial,2,"home,work"
66710,18:31:50,pt_agent_04,walk,walk,301408.9556756757,2604445.065197505,1,in_leg,,,,,,,,,,2,"home,work"
66716,18:31:56,pt_agent_03,walk,walk,305372.76885496185,2767852.8533587786,1,in_leg,,,,,,,,,,2,"home,work"
66720,18:32:00,car_agent_01,walk,walk,290512.1973913043,2780264.3543478264,1,in_leg,,,,,work,1,pt_metro_R25_UP_pt_metro_R26_UP,0.12812350885538346,spatial,2,"home,work"
66720,18:32:00,pt_agent_04,walk,walk,301408.40837837843,2604434.395218295,1,in_leg,,,,,,,,,,2,"home,work"
66726,18:32:06,pt_agent_03,walk,walk,305377.6274427481,2767862.348167939,1,in_leg,,,,,,,,,,2,"home,work"
66730,18:32:10,car_agent_01,walk,walk,290510.752173913,2780274.9330434785,1,in_leg,,,,,work,1,pt_metro_R25_UP_pt_metro_R26_UP,0.1388004679265494,spatial,2,"home,work"
66730,18:32:10,pt_agent_04,walk,walk,301407.8610810811,2604423.725239085,1,in_leg,,,,,,,,,,2,"home,work"
66736,18:32:16,pt_agent_03,walk,walk,305382.4860305343,2767871.8429770996,1,in_leg,,,,,,,,,,2,"home,work"
66740,18:32:20,car_agent_01,walk,walk,290509.3069565217,2780285.5117391306,1,in_leg,,,,,work,1,pt_metro_R25_UP_pt_metro_R26_UP,0.14947742699771535,spatial,2,"home,work"
66740,18:32:20,pt_agent_04,walk,walk,301407.3137837838,2604413.055259875,1,in_leg,,,,,,,,,,2,"home,work"
66746,18:32:26,pt_agent_03,walk,walk,305387.3446183206,2767881.3377862596,1,in_leg,,,,,,,,,,2,"home,work"
66750,18:32:30,car_agent_01,walk,walk,290507.8617391304,2780296.0904347827,1,in_leg,,,,,work,1,pt_metro_R25_UP_pt_metro_R26_UP,0.1601543860688813,spatial,2,"home,work"
66750,18:32:30,pt_agent_04,walk,walk,301406.76648648654,2604402.385280665,1,in_leg,,,,,,,,,,2,"home,work"
66756,18:32:36,pt_agent_03,walk,walk,305392.20320610685,2767890.83259542,1,in_leg,,,,,,,,,,2,"home,work"
66760,18:32:40,car_agent_01,walk,walk,290506.4165217391,2780306.6691304347,1,in_leg,,,,,work,1,pt_metro_R25_UP_pt_metro_R26_UP,0.17083134514004727,spatial,2,"home,work"
66760,18:32:40,pt_agent_04,walk,walk,301406.2191891892,2604391.715301455,1,in_leg,,,,,,,,,,2,"home,work"
66766,18:32:46,pt_agent_03,walk,walk,305397.0617938931,2767900.3274045805,1,in_leg,,,,,,,,,,2,"home,work"
66770,18:32:50,car_agent_01,walk,walk,290504.9713043478,2780317.2478260873,1,in_leg,,,,,work,1,pt_metro_R25_UP_pt_metro_R26_UP,0.18150830421167458,spatial,2,"home,work"
66770,18:32:50,pt_agent_04,walk,walk,301405.6718918919,2604381.045322245,1,in_leg,,,,,,,,,,2,"home,work"
66776,18:32:56,pt_agent_03,walk,walk,305401.9203816794,2767909.8222137406,1,in_leg,,,,,,,,,,2,"home,work"
66780,18:33:00,car_agent_01,walk,walk,290503.5260869565,2780327.8265217394,1,in_leg,,,,,work,1,pt_metro_R25_UP_pt_metro_R26_UP,0.19218526328284052,spatial,2,"home,work"
66780,18:33:00,pt_agent_04,walk,walk,301405.12459459464,2604370.375343035,1,in_leg,,,,,,,,,,2,"home,work"
66786,18:33:06,pt_agent_03,walk,walk,305406.77896946564,2767919.317022901,1,in_leg,,,,,,,,,,2,"home,work"
66790,18:33:10,car_agent_01,walk,walk,290502.0808695652,2780338.4052173914,1,in_leg,,,,,work,1,pt_metro_R25_UP_pt_metro_R26_UP,0.2028622223540065,spatial,2,"home,work"
66790,18:33:10,pt_agent_04,walk,walk,301404.5772972973,2604359.705363825,1,in_leg,,,,,,,,,,2,"home,work"
66796,18:33:16,pt_agent_03,walk,walk,305411.6375572519,2767928.811832061,1,in_leg,,,,,,,,,,2,"home,work"
66800,18:33:20,car_agent_01,walk,walk,290500.6356521739,2780348.9839130435,1,in_leg,,,,,work,1,pt_metro_R25_UP_pt_metro_R26_UP,0.21353918142517245,spatial,2,"home,work"
66800,18:33:20,pt_agent_04,walk,walk,301404.03,2604349.0353846154,1,in_leg,,,,,,,,,,2,"home,work"
66806,18:33:26,pt_agent_03,walk,walk,305416.49614503817,2767938.3066412215,1,in_leg,,,,,,,,,,2,"home,work"
66810,18:33:30,car_agent_01,walk,walk,290499.1904347826,2780359.5626086956,1,in_leg,,,,,work,1,pt_metro_R25_UP_pt_metro_R26_UP,0.2242161404963384,spatial,2,"home,work"
66810,18:33:30,pt_agent_04,walk,walk,301403.48270270275,2604338.3654054054,1,in_leg,,,,,,,,,,2,"home,work"
66816,18:33:36,pt_agent_03,walk,walk,305421.35473282443,2767947.801450382,1,in_leg,,,,,,,,,,2,"home,work"
66820,18:33:40,car_agent_01,walk,walk,290497.7452173913,2780370.141304348,1,in_leg,,,,,work,1,pt_metro_R25_UP_pt_metro_R26_UP,0.23489309956796575,spatial,2,"home,work"
66820,18:33:40,pt_agent_04,walk,walk,301402.9354054054,2604327.6954261954,1,in_leg,,,,,,,,,,2,"home,work"
66826,18:33:46,pt_agent_03,walk,walk,305426.2133206107,2767957.296259542,1,in_leg,,,,,,,,,,2,"home,work"
66830,18:33:50,car_agent_01,walk,walk,290496.3,2780380.72,1,in_leg,,,,,work,1,pt_metro_R25_UP_pt_metro_R26_UP,0.24557005863913167,spatial,2,"home,work"
66830,18:33:50,pt_agent_04,walk,walk,301402.38810810813,2604317.0254469854,1,in_leg,,,,,,,,,,2,"home,work"
66836,18:33:56,pt_agent_03,walk,walk,305431.07190839696,2767966.7910687025,1,in_leg,,,,,,,,,,2,"home,work"
66840,18:34:00,car_agent_01,walk,walk,290494.8547826087,2780391.2986956523,1,in_leg,,,,,work,1,pt_metro_R25_UP_pt_metro_R26_UP,0.2562470177102977,spatial,2,"home,work"
66840,18:34:00,pt_agent_04,walk,walk,301401.84081081086,2604306.3554677754,1,in_leg,,,,,,,,,,2,"home,work"
66846,18:34:06,pt_agent_03,walk,walk,305435.9304961832,2767976.285877863,1,in_leg,,,,,,,,,,2,"home,work"
66850,18:34:10,car_agent_01,walk,walk,290493.4095652174,2780401.8773913044,1,in_leg,,,,,work,1,pt_metro_R25_UP_pt_metro_R26_UP,0.26692397678146357,spatial,2,"home,work"
66850,18:34:10,pt_agent_04,walk,walk,301401.2935135135,2604295.6854885654,1,in_leg,,,,,,,,,,2,"home,work"
66856,18:34:16,pt_agent_03,walk,walk,305440.78908396943,2767985.780687023,1,in_leg,,,,,,,,,,2,"home,work"
66860,18:34:20,car_agent_01,walk,walk,290491.9643478261,2780412.456086957,1,in_leg,,,,,work,1,pt_metro_R25_UP_pt_metro_R26_UP,0.2776009358530909,spatial,2,"home,work"
66860,18:34:20,pt_agent_04,walk,walk,301400.74621621624,2604285.0155093553,1,in_leg,,,,,,,,,,2,"home,work"
66866,18:34:26,pt_agent_03,walk,walk,305445.6476717557,2767995.2754961834,1,in_leg,,,,,,,,,,2,"home,work"
66870,18:34:30,car_agent_01,walk,walk,290490.5191304348,2780423.034782609,1,in_leg,,,,,work,1,pt_metro_R25_UP_pt_metro_R26_UP,0.28827789492425687,spatial,2,"home,work"
66870,18:34:30,pt_agent_04,walk,walk,301400.19891891896,2604274.3455301453,1,in_leg,,,,,,,,,,2,"home,work"
66876,18:34:36,pt_agent_03,walk,walk,305450.50625954196,2768004.770305344,1,in_leg,,,,,,,,,,2,"home,work"
66880,18:34:40,car_agent_01,walk,walk,290489.0739130435,2780433.613478261,1,in_leg,,,,,work,1,pt_metro_R25_UP_pt_metro_R26_UP,0.2989548539954229,spatial,2,"home,work"
66880,18:34:40,pt_agent_04,walk,walk,301399.6516216216,2604263.6755509353,1,in_leg,,,,,,,,,,2,"home,work"
66886,18:34:46,pt_agent_03,walk,walk,305455.3648473282,2768014.265114504,1,in_leg,,,,,,,,,,2,"home,work"
66890,18:34:50,car_agent_01,walk,walk,290487.6286956522,2780444.192173913,1,in_leg,,,,,work,1,pt_metro_R25_UP_pt_metro_R26_UP,0.30963181306658877,spatial,2,"home,work"
66890,18:34:50,pt_agent_04,walk,walk,301399.10432432435,2604253.0055717253,1,in_leg,,,,,,,,,,2,"home,work"
66896,18:34:56,pt_agent_03,walk,walk,305460.2234351145,2768023.7599236644,1,in_leg,,,,,,,,,,2,"home,work"
66900,18:35:00,car_agent_01,walk,walk,290486.1834782609,2780454.770869565,1,in_leg,,,,,work,1,pt_metro_R25_UP_pt_metro_R26_UP,0.3203087721377547,spatial,2,"home,work"
66900,18:35:00,pt_agent_04,walk,walk,301398.55702702707,2604242.3355925153,1,in_leg,,,,,,,,,,2,"home,work"
66906,18:35:06,pt_agent_03,walk,walk,305465.08202290075,2768033.2547328244,1,in_leg,,,,,,,,,,2,"home,work"
66910,18:35:10,car_agent_01,walk,walk,290484.7382608695,2780465.3495652177,1,in_leg,,,,,work,1,pt_metro_R25_UP_pt_metro_R26_UP,0.33098573120938996,spatial,2,"home,work"
66910,18:35:10,pt_agent_04,walk,walk,301398.00972972973,2604231.6656133053,1,in_leg,,,,,,,,,,2,"home,work"
66916,18:35:16,pt_agent_03,walk,walk,305469.940610687,2768042.749541985,1,in_leg,,,,,,,,,,2,"home,work"
66920,18:35:20,car_agent_01,walk,walk,290483.2930434782,2780475.92826087,1,in_leg,,,,,work,1,pt_metro_R25_UP_pt_metro_R26_UP,0.3416626902805559,spatial,2,"home,work"
66920,18:35:20,pt_agent_04,walk,walk,301397.46243243245,2604220.9956340953,1,in_leg,,,,,,,,,,2,"home,work"
66926,18:35:26,pt_agent_03,walk,walk,305474.7991984733,2768052.2443511453,1,in_leg,,,,,,,,,,2,"home,work"
66930,18:35:30,car_agent_01,walk,walk,290481.8478260869,2780486.506956522,1,in_leg,,,,,work,1,pt_metro_R25_UP_pt_metro_R26_UP,0.35233964935172185,spatial,2,"home,work"
66930,18:35:30,pt_agent_04,walk,walk,301396.9151351352,2604210.3256548853,1,in_leg,,,,,,,,,,2,"home,work"
66936,18:35:36,pt_agent_03,walk,walk,305479.65778625954,2768061.7391603054,1,in_leg,,,,,,,,,,2,"home,work"
66940,18:35:40,car_agent_01,walk,walk,290480.4026086956,2780497.085652174,1,in_leg,,,,,work,1,pt_metro_R25_UP_pt_metro_R26_UP,0.36301660842288785,spatial,2,"home,work"
66940,18:35:40,pt_agent_04,walk,walk,301396.36783783784,2604199.6556756757,1,in_leg,,,,,,,,,,2,"home,work"
66946,18:35:46,pt_agent_03,walk,walk,305484.5163740458,2768071.233969466,1,in_leg,,,,,,,,,,2,"home,work"
66950,18:35:50,car_agent_01,walk,walk,290478.9573913043,2780507.664347826,1,in_leg,,,,,work,1,pt_metro_R25_UP_pt_metro_R26_UP,0.37369356749405375,spatial,2,"home,work"
66950,18:35:50,pt_agent_04,walk,walk,301395.82054054056,2604188.9856964657,1,in_leg,,,,,,,,,,2,"home,work"
66956,18:35:56,pt_agent_03,walk,walk,305489.3749618321,2768080.7287786263,1,in_leg,,,,,home,0,18481,0.49062245829325735,spatial,2,"home,work"
66960,18:36:00,car_agent_01,walk,walk,290477.512173913,2780518.2430434786,1,in_leg,,,,,work,1,pt_metro_R25_UP_pt_metro_R26_UP,0.38437052656568105,spatial,2,"home,work"
66960,18:36:00,pt_agent_04,walk,walk,301395.2732432433,2604178.3157172557,1,in_leg,,,,,,,,,,2,"home,work"
66966,18:36:06,pt_agent_03,walk,walk,305494.23354961834,2768090.2235877863,1,in_leg,,,,,home,0,18481,0.47995675267844556,spatial,2,"home,work"
66970,18:36:10,car_agent_01,walk,walk,290476.0669565217,2780528.8217391307,1,in_leg,,,,,work,1,pt_metro_R25_UP_pt_metro_R26_UP,0.39504748563684705,spatial,2,"home,work"
66970,18:36:10,pt_agent_04,walk,walk,301394.72594594595,2604167.6457380457,1,in_leg,,,,,,,,,,2,"home,work"
66976,18:36:16,pt_agent_03,walk,walk,305499.0921374046,2768099.718396947,1,in_leg,,,,,home,0,18481,0.4692910470632193,spatial,2,"home,work"
66980,18:36:20,car_agent_01,walk,walk,290474.6217391304,2780539.4004347827,1,in_leg,,,,,work,1,pt_metro_R25_UP_pt_metro_R26_UP,0.405724444708013,spatial,2,"home,work"
66980,18:36:20,pt_agent_04,walk,walk,301394.17864864867,2604156.9757588357,1,in_leg,,,,,,,,,,2,"home,work"
66986,18:36:26,pt_agent_03,walk,walk,305503.9507251908,2768109.2132061073,1,in_leg,,,,,home,0,18481,0.4586253414480195,spatial,2,"home,work"
66990,18:36:30,car_agent_01,walk,walk,290473.1765217391,2780549.979130435,1,in_leg,,,,,work,1,pt_metro_R25_UP_pt_metro_R26_UP,0.41640140377917895,spatial,2,"home,work"
66990,18:36:30,pt_agent_04,walk,walk,301393.6313513514,2604146.3057796257,1,in_leg,,,,,,,,,,2,"home,work"
66996,18:36:36,pt_agent_03,walk,walk,305508.8093129771,2768118.7080152673,1,in_leg,,,,,home,0,18481,0.4479596358332077,spatial,2,"home,work"
67000,18:36:40,car_agent_01,walk,walk,290471.7313043478,2780560.557826087,1,in_leg,,,,,work,1,pt_metro_R25_UP_pt_metro_R26_UP,0.4270783628503449,spatial,2,"home,work"
67000,18:36:40,pt_agent_04,walk,walk,301393.0840540541,2604135.6358004157,1,in_leg,,,,,,,,,,2,"home,work"
67006,18:36:46,pt_agent_03,walk,walk,305513.66790076334,2768128.2028244277,1,in_leg,,,,,home,0,18481,0.43729393021798135,spatial,2,"home,work"
67010,18:36:50,car_agent_01,walk,walk,290470.2860869565,2780571.1365217394,1,in_leg,,,,,work,1,pt_metro_R25_UP_pt_metro_R26_UP,0.4377553219219722,spatial,2,"home,work"
67010,18:36:50,pt_agent_04,walk,walk,301392.5367567568,2604124.9658212056,1,in_leg,,,,,,,,,,2,"home,work"
67016,18:36:56,pt_agent_03,walk,walk,305518.5264885496,2768137.697633588,1,in_leg,,,,,home,0,18481,0.426628224602755,spatial,2,"home,work"
67020,18:37:00,car_agent_01,walk,walk,290468.8408695652,2780581.7152173915,1,in_leg,,,,,work,1,pt_metro_R25_UP_pt_metro_R26_UP,0.44843228099313814,spatial,2,"home,work"
67020,18:37:00,pt_agent_04,walk,walk,301391.9894594595,2604114.2958419956,1,in_leg,,,,,,,,,,2,"home,work"
67026,18:37:06,pt_agent_03,walk,walk,305523.38507633586,2768147.192442748,1,in_leg,,,,,home,0,18481,0.41596251898794334,spatial,2,"home,work"
67030,18:37:10,car_agent_01,walk,walk,290467.3956521739,2780592.2939130436,1,in_leg,,,,,work,1,pt_metro_R25_UP_pt_metro_R26_UP,0.4591092400643041,spatial,2,"home,work"
67030,18:37:10,pt_agent_04,walk,walk,301391.4421621622,2604103.6258627856,1,in_leg,,,,,,,,,,2,"home,work"
67036,18:37:16,pt_agent_03,walk,walk,305528.2436641221,2768156.6872519087,1,in_leg,,,,,home,0,18481,0.40529681337271695,spatial,2,"home,work"
67040,18:37:20,car_agent_01,walk,walk,290465.9504347826,2780602.8726086956,1,in_leg,,,,,work,1,pt_metro_R25_UP_pt_metro_R26_UP,0.4697861991354701,spatial,2,"home,work"
67040,18:37:20,pt_agent_04,walk,walk,301390.8948648649,2604092.9558835756,1,in_leg,,,,,,,,,,2,"home,work"
67046,18:37:26,pt_agent_03,walk,walk,305533.1022519084,2768166.1820610687,1,in_leg,,,,,home,0,18481,0.39463110775790516,spatial,2,"home,work"
67050,18:37:30,car_agent_01,walk,walk,290464.5052173913,2780613.451304348,1,in_leg,,,,,work,1,pt_metro_R25_UP_pt_metro_R26_UP,0.4804631582070974,spatial,2,"home,work"
67050,18:37:30,pt_agent_04,walk,walk,301390.3475675676,2604082.2859043656,1,in_leg,,,,,,,,,,2,"home,work"
67056,18:37:36,pt_agent_03,walk,walk,305537.96083969466,2768175.676870229,1,in_leg,,,,,home,0,18481,0.3839654021426789,spatial,2,"home,work"
67060,18:37:40,car_agent_01,walk,walk,290463.06,2780624.0300000003,1,in_leg,,,,,work,1,pt_metro_R25_UP_pt_metro_R26_UP,0.49114011727826334,spatial,2,"home,work"
67060,18:37:40,pt_agent_04,walk,walk,301389.8002702703,2604071.6159251556,1,in_leg,,,,,,,,,,2,"home,work"
67066,18:37:46,pt_agent_03,walk,walk,305542.8194274809,2768185.1716793897,1,in_leg,,,,,home,0,18481,0.37329969652745254,spatial,2,"home,work"
67069,18:37:49,car_agent_01,walk,walk,290461.6147826087,2780634.6086956523,1,in_leg,,,,,,,,,,2,"home,work"
67070,18:37:50,pt_agent_04,walk,walk,301389.252972973,2604060.9459459456,1,in_leg,,,,,,,,,,2,"home,work"
67076,18:37:56,pt_agent_03,walk,walk,305547.6780152672,2768194.6664885497,1,in_leg,,,,,home,0,18481,0.3626339909126408,spatial,2,"home,work"
67079,18:37:59,car_agent_01,walk,walk,290460.1695652174,2780645.1873913044,1,in_leg,,,,,,,,,,2,"home,work"
67080,18:38:00,pt_agent_04,walk,walk,301388.7056756757,2604050.2759667356,1,in_leg,,,,,,,,,,2,"home,work"
67086,18:38:06,pt_agent_03,walk,walk,305552.53660305345,2768204.16129771,1,in_leg,,,,,home,0,18481,0.3519682852974145,spatial,2,"home,work"
67089,18:38:09,car_agent_01,walk,walk,290458.7243478261,2780655.7660869565,1,in_leg,,,,,,,,,,2,"home,work"
67090,18:38:10,pt_agent_04,walk,walk,301388.15837837843,2604039.605987526,1,in_leg,,,,,,,,,,2,"home,work"
67096,18:38:16,pt_agent_03,walk,walk,305557.3951908397,2768213.6561068706,1,in_leg,,,,,home,0,18481,0.34130257968218813,spatial,2,"home,work"
67099,18:38:19,car_agent_01,walk,walk,290457.2791304348,2780666.344782609,1,in_leg,,,,,,,,,,2,"home,work"
67100,18:38:20,pt_agent_04,walk,walk,301387.6110810811,2604028.936008316,1,in_leg,,,,,,,,,,2,"home,work"
67106,18:38:26,pt_agent_03,walk,walk,305562.2537786259,2768223.1509160306,1,in_leg,,,,,home,0,18481,0.33063687406740283,spatial,2,"home,work"
67109,18:38:29,car_agent_01,walk,walk,290455.8339130435,2780676.923478261,1,in_leg,,,,,,,,,,2,"home,work"
67110,18:38:30,pt_agent_04,walk,walk,301387.0637837838,2604018.266029106,1,in_leg,,,,,,,,,,2,"home,work"
67116,18:38:36,pt_agent_03,walk,walk,305567.1123664122,2768232.645725191,1,in_leg,,,,,home,0,18481,0.3199711684521766,spatial,2,"home,work"
67119,18:38:39,car_agent_01,walk,walk,290454.38869565213,2780687.502173913,1,in_leg,,,,,,,,,,2,"home,work"
67120,18:38:40,pt_agent_04,walk,walk,301386.51648648654,2604007.596049896,1,in_leg,,,,,,,,,,2,"home,work"
67126,18:38:46,pt_agent_03,walk,walk,305571.97095419845,2768242.1405343516,1,in_leg,,,,,home,0,18481,0.30930546283695026,spatial,2,"home,work"
67129,18:38:49,car_agent_01,walk,walk,290452.94347826083,2780698.0808695653,1,in_leg,,,,,,,,,,2,"home,work"
67130,18:38:50,pt_agent_04,walk,walk,301385.9691891892,2603996.926070686,1,in_leg,,,,,,,,,,2,"home,work"
67136,18:38:56,pt_agent_03,walk,walk,305576.8295419847,2768251.6353435116,1,in_leg,,,,,home,0,18481,0.2986397572221384,spatial,2,"home,work"
67139,18:38:59,car_agent_01,walk,walk,290451.4982608695,2780708.6595652173,1,in_leg,,,,,,,,,,2,"home,work"
67140,18:39:00,pt_agent_04,walk,walk,301385.4218918919,2603986.256091476,1,in_leg,,,,,,,,,,2,"home,work"
67146,18:39:06,pt_agent_03,walk,walk,305581.688129771,2768261.130152672,1,in_leg,,,,,home,0,18481,0.28797405160691214,spatial,2,"home,work"
67149,18:39:09,car_agent_01,walk,walk,290450.0530434782,2780719.23826087,1,in_leg,,,,,,,,,,2,"home,work"
67150,18:39:10,pt_agent_04,walk,walk,301384.87459459464,2603975.586112266,1,in_leg,,,,,,,,,,2,"home,work"
67155,18:39:15,pt_agent_03,walk,walk,305586.54671755724,2768270.624961832,1,in_leg,,,,,home,0,18481,0.27730834599210036,spatial,2,"home,work"
67159,18:39:19,car_agent_01,walk,walk,290448.6078260869,2780729.816956522,1,in_leg,,,,,,,,,,2,"home,work"
67160,18:39:20,pt_agent_04,walk,walk,301384.3272972973,2603964.916133056,1,in_leg,,,,,,,,,,2,"home,work"
67165,18:39:25,pt_agent_03,walk,walk,305591.4053053435,2768280.1197709925,1,in_leg,,,,,home,0,18481,0.2666426403768741,spatial,2,"home,work"
67169,18:39:29,car_agent_01,walk,walk,290447.1626086956,2780740.395652174,1,in_leg,,,,,,,,,,2,"home,work"
67170,18:39:30,pt_agent_04,walk,walk,301383.78,2603954.246153846,1,in_leg,,,,,,,,,,2,"home,work"
67175,18:39:35,pt_agent_03,walk,walk,305596.26389312977,2768289.614580153,1,in_leg,,,,,home,0,18481,0.25597693476164773,spatial,2,"home,work"
67179,18:39:39,car_agent_01,walk,walk,290445.7173913043,2780750.974347826,1,in_leg,,,,,,,,,,2,"home,work"
67180,18:39:40,pt_agent_04,walk,walk,301383.23270270275,2603943.576174636,1,in_leg,,,,,,,,,,2,"home,work"
67185,18:39:45,pt_agent_03,walk,walk,305601.12248091603,2768299.109389313,1,in_leg,,,,,home,0,18481,0.24531122914683595,spatial,2,"home,work"
67189,18:39:49,car_agent_01,walk,walk,290444.272173913,2780761.5530434786,1,in_leg,,,,,,,,,,2,"home,work"
67190,18:39:50,pt_agent_04,walk,walk,301382.6854054054,2603932.906195426,1,in_leg,,,,,,,,,,2,"home,work"
67195,18:39:55,pt_agent_03,walk,walk,305605.9810687023,2768308.6041984735,1,in_leg,,,,,home,0,18481,0.23464552353160964,spatial,2,"home,work"
67199,18:39:59,car_agent_01,walk,walk,290442.8269565217,2780772.1317391307,1,in_leg,,,,,,,,,,2,"home,work"
67200,18:40:00,pt_agent_04,walk,walk,301382.13810810813,2603922.236216216,1,in_leg,,,,,,,,,,2,"home,work"
67205,18:40:05,pt_agent_03,walk,walk,305610.83965648856,2768318.099007634,1,in_leg,,,,,home,0,18481,0.22397981791638333,spatial,2,"home,work"
67209,18:40:09,car_agent_01,walk,walk,290441.3817391304,2780782.710434783,1,in_leg,,,,,,,,,,2,"home,work"
67210,18:40:10,pt_agent_04,walk,walk,301381.59081081086,2603911.566237006,1,in_leg,,,,,,,,,,2,"home,work"
67215,18:40:15,pt_agent_03,walk,walk,305615.6982442748,2768327.593816794,1,in_leg,,,,,home,0,18481,0.21331411230157155,spatial,2,"home,work"
67219,18:40:19,car_agent_01,walk,walk,290439.9365217391,2780793.289130435,1,in_leg,,,,,,,,,,2,"home,work"
67220,18:40:20,pt_agent_04,walk,walk,301381.0435135135,2603900.896257796,1,in_leg,,,,,,,,,,2,"home,work"
67225,18:40:25,pt_agent_03,walk,walk,305620.5568320611,2768337.0886259545,1,in_leg,,,,,home,0,18481,0.20264840668634523,spatial,2,"home,work"
67229,18:40:29,car_agent_01,walk,walk,290438.4913043478,2780803.867826087,1,in_leg,,,,,,,,,,2,"home,work"
67230,18:40:30,pt_agent_04,walk,walk,301380.49621621624,2603890.2262785863,1,in_leg,,,,,,,,,,2,"home,work"
67235,18:40:35,pt_agent_03,walk,walk,305625.4154198473,2768346.583435115,1,in_leg,,,,,home,0,18481,0.1919827010711454,spatial,2,"home,work"
67239,18:40:39,car_agent_01,walk,walk,290437.0460869565,2780814.4465217395,1,in_leg,,,,,,,,,,2,"home,work"
67240,18:40:40,pt_agent_04,walk,walk,301379.94891891896,2603879.5562993763,1,in_leg,,,,,,,,,,2,"home,work"
67245,18:40:45,pt_agent_03,walk,walk,305630.27400763356,2768356.078244275,1,in_leg,,,,,home,0,18481,0.18131699545633365,spatial,2,"home,work"
67249,18:40:49,car_agent_01,walk,walk,290435.6008695652,2780825.0252173916,1,in_leg,,,,,,,,,,2,"home,work"
67250,18:40:50,pt_agent_04,walk,walk,301379.4016216216,2603868.8863201663,1,in_leg,,,,,,,,,,2,"home,work"
67255,18:40:55,pt_agent_03,walk,walk,305635.1325954198,2768365.5730534354,1,in_leg,,,,,home,0,18481,0.17065128984110733,spatial,2,"home,work"
67259,18:40:59,car_agent_01,walk,walk,290434.1556521739,2780835.6039130436,1,in_leg,,,,,,,,,,2,"home,work"
67260,18:41:00,pt_agent_04,walk,walk,301378.85432432435,2603858.2163409563,1,in_leg,,,,,,,,,,2,"home,work"
67265,18:41:05,pt_agent_03,walk,walk,305639.9911832061,2768375.0678625954,1,in_leg,,,,,home,0,18481,0.15998558422629555,spatial,2,"home,work"
67269,18:41:09,car_agent_01,walk,walk,290432.7104347826,2780846.1826086957,1,in_leg,,,,,,,,,,2,"home,work"
67270,18:41:10,pt_agent_04,walk,walk,301378.30702702707,2603847.5463617463,1,in_leg,,,,,,,,,,2,"home,work"
67275,18:41:15,pt_agent_03,walk,walk,305644.84977099235,2768384.562671756,1,in_leg,,,,,home,0,18481,0.1493198786110692,spatial,2,"home,work"
67279,18:41:19,car_agent_01,walk,walk,290431.2652173913,2780856.761304348,1,in_leg,,,,,,,,,,2,"home,work"
67280,18:41:20,pt_agent_04,walk,walk,301377.75972972973,2603836.8763825363,1,in_leg,,,,,,,,,,2,"home,work"
67285,18:41:25,pt_agent_03,walk,walk,305649.7083587786,2768394.0574809164,1,in_leg,,,,,home,0,18481,0.1386541729958429,spatial,2,"home,work"
67289,18:41:29,car_agent_01,walk,walk,290429.82,2780867.3400000003,1,in_leg,,,,,,,,,,2,"home,work"
67290,18:41:30,pt_agent_04,walk,walk,301377.21243243245,2603826.2064033262,1,in_leg,,,,,,,,,,2,"home,work"
67295,18:41:35,pt_agent_03,walk,walk,305654.5669465649,2768403.5522900764,1,in_leg,,,,,home,0,18481,0.12798846738103115,spatial,2,"home,work"
67299,18:41:39,car_agent_01,walk,walk,290428.3747826087,2780877.9186956524,1,in_leg,,,,,,,,,,2,"home,work"
67300,18:41:40,pt_agent_04,walk,walk,301376.6651351352,2603815.536424116,1,in_leg,,,,,,,,,,2,"home,work"
67305,18:41:45,pt_agent_03,walk,walk,305659.42553435115,2768413.047099237,1,in_leg,,,,,home,0,18481,0.11732276176580482,spatial,2,"home,work"
67309,18:41:49,car_agent_01,walk,walk,290426.9295652174,2780888.4973913045,1,in_leg,,,,,,,,,,2,"home,work"
67310,18:41:50,pt_agent_04,walk,walk,301376.11783783784,2603804.866444906,1,in_leg,,,,,,,,,,2,"home,work"
67315,18:41:55,pt_agent_03,walk,walk,305664.2841221374,2768422.5419083973,1,in_leg,,,,,home,0,18481,0.1066570561505785,spatial,2,"home,work"
67319,18:41:59,car_agent_01,walk,walk,290425.48434782604,2780899.0760869565,1,in_leg,,,,,,,,,,2,"home,work"
67320,18:42:00,pt_agent_04,walk,walk,301375.57054054056,2603794.196465696,1,in_leg,,,,,,,,,,2,"home,work"
67325,18:42:05,pt_agent_03,walk,walk,305669.1427099237,2768432.0367175573,1,in_leg,,,,,home,0,18481,0.09599135053576673,spatial,2,"home,work"
67329,18:42:09,car_agent_01,walk,walk,290424.03913043474,2780909.6547826086,1,in_leg,,,,,,,,,,2,"home,work"
67330,18:42:10,pt_agent_04,walk,walk,301375.0232432433,2603783.526486486,1,in_leg,,,,,,,,,,2,"home,work"
67335,18:42:15,pt_agent_03,walk,walk,305674.00129770994,2768441.531526718,1,in_leg,,,,,home,0,18481,0.08532564492054041,spatial,2,"home,work"
67339,18:42:19,car_agent_01,walk,walk,290422.59391304344,2780920.233478261,1,in_leg,,,,,,,,,,2,"home,work"
67340,18:42:20,pt_agent_04,walk,walk,301374.47594594595,2603772.856507276,1,in_leg,,,,,,,,,,2,"home,work"
67345,18:42:25,pt_agent_03,walk,walk,305678.8598854962,2768451.0263358783,1,in_leg,,,,,home,0,18481,0.07465993930531409,spatial,2,"home,work"
67349,18:42:29,car_agent_01,walk,walk,290421.14869565214,2780930.8121739132,1,in_leg,,,,,,,,,,2,"home,work"
67350,18:42:30,pt_agent_04,walk,walk,301373.92864864867,2603762.186528066,1,in_leg,,,,,,,,,,2,"home,work"
67355,18:42:35,pt_agent_03,walk,walk,305683.7184732824,2768460.5211450383,1,in_leg,,,,,home,0,18481,0.06399423369052883,spatial,2,"home,work"
67359,18:42:39,car_agent_01,walk,walk,290419.70347826084,2780941.3908695653,1,in_leg,,,,,,,,,,2,"home,work"
67360,18:42:40,pt_agent_04,walk,walk,301373.3813513514,2603751.516548856,1,in_leg,,,,,,,,,,2,"home,work"
67365,18:42:45,pt_agent_03,walk,walk,305688.5770610687,2768470.015954199,1,in_leg,,,,,home,0,18481,0.05332852807530251,spatial,2,"home,work"
67369,18:42:49,car_agent_01,walk,walk,290418.25826086954,2780951.9695652174,1,in_leg,,,,,,,,,,2,"home,work"
67370,18:42:50,pt_agent_04,walk,walk,301372.8340540541,2603740.8465696466,1,in_leg,,,,,,,,,,2,"home,work"
67375,18:42:55,pt_agent_03,walk,walk,305693.43564885494,2768479.510763359,1,in_leg,,,,,home,0,18481,0.04266282246049073,spatial,2,"home,work"
67379,18:42:59,car_agent_01,walk,walk,290416.81304347824,2780962.54826087,1,in_leg,,,,,,,,,,2,"home,work"
67380,18:43:00,pt_agent_04,walk,walk,301372.2867567568,2603730.1765904366,1,in_leg,,,,,,,,,,2,"home,work"
67385,18:43:05,pt_agent_03,walk,walk,305698.2942366412,2768489.0055725193,1,in_leg,,,,,home,0,18481,0.03199711684526441,spatial,2,"home,work"
67389,18:43:09,car_agent_01,walk,walk,290415.36782608693,2780973.126956522,1,in_leg,,,,,,,,,,2,"home,work"
67390,18:43:10,pt_agent_04,walk,walk,301371.7394594595,2603719.5066112266,1,in_leg,,,,,,,,,,2,"home,work"
67395,18:43:15,pt_agent_03,walk,walk,305703.15282442747,2768498.5003816797,1,in_leg,,,,,home,0,18481,0.021331411230038098,spatial,2,"home,work"
67399,18:43:19,car_agent_01,walk,walk,290413.92260869563,2780983.705652174,1,in_leg,,,,,,,,,,2,"home,work"
67400,18:43:20,pt_agent_04,walk,walk,301371.1921621622,2603708.8366320166,1,in_leg,,,,,,,,,,2,"home,work"
67405,18:43:25,pt_agent_03,walk,walk,305708.01141221373,2768507.9951908397,1,in_leg,,,,,home,0,18481,0.010665705615226319,spatial,2,"home,work"
67409,18:43:29,car_agent_01,walk,walk,290412.47739130433,2780994.284347826,1,in_leg,,,,,,,,,,2,"home,work"
67410,18:43:30,pt_agent_04,walk,walk,301370.6448648649,2603698.1666528066,1,in_leg,,,,,,,,,,2,"home,work"
67415,18:43:35,pt_agent_03,walk,walk,305712.87,2768517.49,1,in_leg,,,,,home,0,18481,0.0,spatial,2,"home,work"
67419,18:43:39,car_agent_01,walk,walk,290411.03217391303,2781004.863043478,1,in_leg,,,,,,,,,,2,"home,work"
67420,18:43:40,pt_agent_04,walk,walk,301370.0975675676,2603687.4966735966,1,in_leg,,,,,,,,,,2,"home,work"
67429,18:43:49,car_agent_01,walk,walk,290409.5869565217,2781015.4417391308,1,in_leg,,,,,,,,,,2,"home,work"
67430,18:43:50,pt_agent_04,walk,walk,301369.5502702703,2603676.8266943865,1,in_leg,,,,,,,,,,2,"home,work"
67439,18:43:59,car_agent_01,walk,walk,290408.1417391304,2781026.020434783,1,in_leg,,,,,,,,,,2,"home,work"
67440,18:44:00,pt_agent_04,walk,walk,301369.002972973,2603666.1567151765,1,in_leg,,,,,,,,,,2,"home,work"
67449,18:44:09,car_agent_01,walk,walk,290406.6965217391,2781036.599130435,1,in_leg,,,,,,,,,,2,"home,work"
67450,18:44:10,pt_agent_04,walk,walk,301368.4556756757,2603655.4867359665,1,in_leg,,,,,,,,,,2,"home,work"
67459,18:44:19,car_agent_01,walk,walk,290405.2513043478,2781047.177826087,1,in_leg,,,,,,,,,,2,"home,work"
67460,18:44:20,pt_agent_04,walk,walk,301367.90837837843,2603644.8167567565,1,in_leg,,,,,,,,,,2,"home,work"
67469,18:44:29,car_agent_01,walk,walk,290403.8060869565,2781057.756521739,1,in_leg,,,,,,,,,,2,"home,work"
67470,18:44:30,pt_agent_04,walk,walk,301367.3610810811,2603634.1467775465,1,in_leg,,,,,,,,,,2,"home,work"
67479,18:44:39,car_agent_01,walk,walk,290402.3608695652,2781068.3352173916,1,in_leg,,,,,,,,,,2,"home,work"
67480,18:44:40,pt_agent_04,walk,walk,301366.8137837838,2603623.4767983365,1,in_leg,,,,,,,,,,2,"home,work"
67489,18:44:49,car_agent_01,walk,walk,290400.9156521739,2781078.9139130437,1,in_leg,,,,,,,,,,2,"home,work"
67490,18:44:50,pt_agent_04,walk,walk,301366.26648648654,2603612.8068191265,1,in_leg,,,,,,,,,,2,"home,work"
67499,18:44:59,car_agent_01,walk,walk,290399.4704347826,2781089.4926086958,1,in_leg,,,,,,,,,,2,"home,work"
67500,18:45:00,pt_agent_04,walk,walk,301365.7191891892,2603602.1368399165,1,in_leg,,,,,,,,,,2,"home,work"
67509,18:45:09,car_agent_01,walk,walk,290398.0252173913,2781100.071304348,1,in_leg,,,,,,,,,,2,"home,work"
67510,18:45:10,pt_agent_04,walk,walk,301365.1718918919,2603591.4668607065,1,in_leg,,,,,,,,,,2,"home,work"
67519,18:45:19,car_agent_01,walk,walk,290396.57999999996,2781110.6500000004,1,in_leg,,,,,,,,,,2,"home,work"
67520,18:45:20,pt_agent_04,walk,walk,301364.62459459464,2603580.796881497,1,in_leg,,,,,,,,,,2,"home,work"
67529,18:45:29,car_agent_01,walk,walk,290395.13478260866,2781121.2286956524,1,in_leg,,,,,,,,,,2,"home,work"
67530,18:45:30,pt_agent_04,walk,walk,301364.0772972973,2603570.126902287,1,in_leg,,,,,,,,,,2,"home,work"
67539,18:45:39,car_agent_01,walk,walk,290393.68956521736,2781131.8073913045,1,in_leg,,,,,,,,,,2,"home,work"
67540,18:45:40,pt_agent_04,walk,walk,301363.53,2603559.456923077,1,in_leg,,,,,,,,,,2,"home,work"
67549,18:45:49,car_agent_01,walk,walk,290392.24434782605,2781142.3860869566,1,in_leg,,,,,,,,,,2,"home,work"
67550,18:45:50,pt_agent_04,walk,walk,301362.98270270275,2603548.786943867,1,in_leg,,,,,,,,,,2,"home,work"
67559,18:45:59,car_agent_01,walk,walk,290390.79913043475,2781152.9647826087,1,in_leg,,,,,,,,,,2,"home,work"
67560,18:46:00,pt_agent_04,walk,walk,301362.4354054054,2603538.116964657,1,in_leg,,,,,,,,,,2,"home,work"
67569,18:46:09,car_agent_01,walk,walk,290389.35391304345,2781163.543478261,1,in_leg,,,,,,,,,,2,"home,work"
67570,18:46:10,pt_agent_04,walk,walk,301361.88810810813,2603527.446985447,1,in_leg,,,,,,,,,,2,"home,work"
67579,18:46:19,car_agent_01,walk,walk,290387.90869565215,2781174.1221739133,1,in_leg,,,,,,,,,,2,"home,work"
67580,18:46:20,pt_agent_04,walk,walk,301361.34081081086,2603516.777006237,1,in_leg,,,,,,,,,,2,"home,work"
67589,18:46:29,car_agent_01,walk,walk,290386.46347826085,2781184.7008695654,1,in_leg,,,,,,,,,,2,"home,work"
67590,18:46:30,pt_agent_04,walk,walk,301360.7935135135,2603506.107027027,1,in_leg,,,,,,,,,,2,"home,work"
67599,18:46:39,car_agent_01,walk,walk,290385.01826086955,2781195.2795652174,1,in_leg,,,,,,,,,,2,"home,work"
67600,18:46:40,pt_agent_04,walk,walk,301360.24621621624,2603495.437047817,1,in_leg,,,,,,,,,,2,"home,work"
67609,18:46:49,car_agent_01,walk,walk,290383.57304347825,2781205.8582608695,1,in_leg,,,,,,,,,,2,"home,work"
67610,18:46:50,pt_agent_04,walk,walk,301359.69891891896,2603484.767068607,1,in_leg,,,,,,,,,,2,"home,work"
67619,18:46:59,car_agent_01,walk,walk,290382.12782608694,2781216.436956522,1,in_leg,,,,,,,,,,2,"home,work"
67620,18:47:00,pt_agent_04,walk,walk,301359.1516216216,2603474.097089397,1,in_leg,,,,,,,,,,2,"home,work"
67629,18:47:09,car_agent_01,walk,walk,290380.68260869564,2781227.015652174,1,in_leg,,,,,,,,,,2,"home,work"
67630,18:47:10,pt_agent_04,walk,walk,301358.60432432435,2603463.427110187,1,in_leg,,,,,,,,,,2,"home,work"
67639,18:47:19,car_agent_01,walk,walk,290379.23739130434,2781237.594347826,1,in_leg,,,,,,,,,,2,"home,work"
67640,18:47:20,pt_agent_04,walk,walk,301358.05702702707,2603452.7571309768,1,in_leg,,,,,,,,,,2,"home,work"
67649,18:47:29,car_agent_01,walk,walk,290377.79217391304,2781248.1730434783,1,in_leg,,,,,,,,,,2,"home,work"
67650,18:47:30,pt_agent_04,walk,walk,301357.50972972973,2603442.0871517668,1,in_leg,,,,,,,,,,2,"home,work"
67659,18:47:39,car_agent_01,walk,walk,290376.34695652174,2781258.7517391304,1,in_leg,,,,,,,,,,2,"home,work"
67660,18:47:40,pt_agent_04,walk,walk,301356.96243243245,2603431.417172557,1,in_leg,,,,,,,,,,2,"home,work"
67669,18:47:49,car_agent_01,walk,walk,290374.90173913044,2781269.330434783,1,in_leg,,,,,,,,,,2,"home,work"
67670,18:47:50,pt_agent_04,walk,walk,301356.4151351352,2603420.747193347,1,in_leg,,,,,,,,,,2,"home,work"
67679,18:47:59,car_agent_01,walk,walk,290373.45652173914,2781279.909130435,1,in_leg,,,,,,,,,,2,"home,work"
67680,18:48:00,pt_agent_04,walk,walk,301355.86783783784,2603410.077214137,1,in_leg,,,,,,,,,,2,"home,work"
67689,18:48:09,car_agent_01,walk,walk,290372.01130434783,2781290.487826087,1,in_leg,,,,,,,,,,2,"home,work"
67690,18:48:10,pt_agent_04,walk,walk,301355.32054054056,2603399.407234927,1,in_leg,,,,,,,,,,2,"home,work"
67699,18:48:19,car_agent_01,walk,walk,290370.56608695653,2781301.066521739,1,in_leg,,,,,,,,,,2,"home,work"
67700,18:48:20,pt_agent_04,walk,walk,301354.7732432433,2603388.737255717,1,in_leg,,,,,,,,,,2,"home,work"
67709,18:48:29,car_agent_01,walk,walk,290369.12086956523,2781311.6452173917,1,in_leg,,,,,,,,,,2,"home,work"
67710,18:48:30,pt_agent_04,walk,walk,301354.22594594595,2603378.067276507,1,in_leg,,,,,,,,,,2,"home,work"
67719,18:48:39,car_agent_01,walk,walk,290367.67565217393,2781322.2239130437,1,in_leg,,,,,,,,,,2,"home,work"
67720,18:48:40,pt_agent_04,walk,walk,301353.67864864867,2603367.397297297,1,in_leg,,,,,,,,,,2,"home,work"
67729,18:48:49,car_agent_01,walk,walk,290366.23043478257,2781332.802608696,1,in_leg,,,,,,,,,,2,"home,work"
67730,18:48:50,pt_agent_04,walk,walk,301353.1313513514,2603356.727318087,1,in_leg,,,,,,,,,,2,"home,work"
67739,18:48:59,car_agent_01,walk,walk,290364.78521739127,2781343.381304348,1,in_leg,,,,,,,,,,2,"home,work"
67740,18:49:00,pt_agent_04,walk,walk,301352.5840540541,2603346.057338877,1,in_leg,,,,,,,,,,2,"home,work"
67749,18:49:09,car_agent_01,walk,walk,290363.33999999997,2781353.96,1,in_leg,,,,,,,,,,2,"home,work"
67750,18:49:10,pt_agent_04,walk,walk,301352.0367567568,2603335.387359667,1,in_leg,,,,,,,,,,2,"home,work"
67759,18:49:19,car_agent_01,walk,walk,290361.89478260867,2781364.5386956525,1,in_leg,,,,,,,,,,2,"home,work"
67760,18:49:20,pt_agent_04,walk,walk,301351.4894594595,2603324.717380457,1,in_leg,,,,,,,,,,2,"home,work"
67769,18:49:29,car_agent_01,walk,walk,290360.44956521736,2781375.1173913046,1,in_leg,,,,,,,,,,2,"home,work"
67770,18:49:30,pt_agent_04,walk,walk,301350.9421621622,2603314.047401247,1,in_leg,,,,,,,,,,2,"home,work"
67779,18:49:39,car_agent_01,walk,walk,290359.00434782606,2781385.6960869567,1,in_leg,,,,,,,,,,2,"home,work"
67780,18:49:40,pt_agent_04,walk,walk,301350.3948648649,2603303.377422037,1,in_leg,,,,,,,,,,2,"home,work"
67789,18:49:49,car_agent_01,walk,walk,290357.55913043476,2781396.2747826087,1,in_leg,,,,,,,,,,2,"home,work"
67790,18:49:50,pt_agent_04,walk,walk,301349.8475675676,2603292.707442827,1,in_leg,,,,,,,,,,2,"home,work"
67799,18:49:59,car_agent_01,walk,walk,290356.11391304346,2781406.853478261,1,in_leg,,,,,,,,,,2,"home,work"
67800,18:50:00,pt_agent_04,walk,walk,301349.3002702703,2603282.0374636175,1,in_leg,,,,,,,,,,2,"home,work"
67809,18:50:09,car_agent_01,walk,walk,290354.66869565216,2781417.4321739133,1,in_leg,,,,,,,,,,2,"home,work"
67810,18:50:10,pt_agent_04,walk,walk,301348.752972973,2603271.3674844075,1,in_leg,,,,,,,,,,2,"home,work"
67819,18:50:19,car_agent_01,walk,walk,290353.22347826086,2781428.0108695654,1,in_leg,,,,,,,,,,2,"home,work"
67820,18:50:20,pt_agent_04,walk,walk,301348.2056756757,2603260.6975051975,1,in_leg,,,,,,,,,,2,"home,work"
67829,18:50:29,car_agent_01,walk,walk,290351.77826086956,2781438.5895652175,1,in_leg,,,,,,,,,,2,"home,work"
67830,18:50:30,pt_agent_04,walk,walk,301347.65837837843,2603250.0275259875,1,in_leg,,,,,,,,,,2,"home,work"
67839,18:50:39,car_agent_01,walk,walk,290350.33304347825,2781449.1682608696,1,in_leg,,,,,,,,,,2,"home,work"
67840,18:50:40,pt_agent_04,walk,walk,301347.1110810811,2603239.3575467775,1,in_leg,,,,,,,,,,2,"home,work"
67849,18:50:49,car_agent_01,walk,walk,290348.88782608695,2781459.7469565216,1,in_leg,,,,,,,,,,2,"home,work"
67850,18:50:50,pt_agent_04,walk,walk,301346.5637837838,2603228.6875675675,1,in_leg,,,,,,,,,,2,"home,work"
67859,18:50:59,car_agent_01,walk,walk,290347.44260869565,2781470.325652174,1,in_leg,,,,,,,,,,2,"home,work"
67860,18:51:00,pt_agent_04,walk,walk,301346.01648648654,2603218.0175883574,1,in_leg,,,,,,,,,,2,"home,work"
67869,18:51:09,car_agent_01,walk,walk,290345.99739130435,2781480.9043478263,1,in_leg,,,,,,,,,,2,"home,work"
67870,18:51:10,pt_agent_04,walk,walk,301345.4691891892,2603207.3476091474,1,in_leg,,,,,,,,,,2,"home,work"
67879,18:51:19,car_agent_01,walk,walk,290344.55217391305,2781491.4830434783,1,in_leg,,,,,,,,,,2,"home,work"
67880,18:51:20,pt_agent_04,walk,walk,301344.9218918919,2603196.6776299374,1,in_leg,,,,,,,,,,2,"home,work"
67889,18:51:29,car_agent_01,walk,walk,290343.10695652175,2781502.0617391304,1,in_leg,,,,,,,,,,2,"home,work"
67890,18:51:30,pt_agent_04,walk,walk,301344.37459459464,2603186.0076507274,1,in_leg,,,,,,,,,,2,"home,work"
67899,18:51:39,car_agent_01,walk,walk,290341.66173913045,2781512.640434783,1,in_leg,,,,,,,,,,2,"home,work"
67900,18:51:40,pt_agent_04,walk,walk,301343.8272972973,2603175.3376715174,1,in_leg,,,,,,,,,,2,"home,work"
67909,18:51:49,car_agent_01,walk,walk,290340.21652173914,2781523.219130435,1,in_leg,,,,,,,,,,2,"home,work"
67910,18:51:50,pt_agent_04,walk,walk,301343.28,2603164.6676923074,1,in_leg,,,,,,,,,,2,"home,work"
67919,18:51:59,car_agent_01,walk,walk,290338.77130434784,2781533.797826087,1,in_leg,,,,,,,,,,2,"home,work"
67920,18:52:00,pt_agent_04,walk,walk,301342.73270270275,2603153.9977130974,1,in_leg,,,,,,,,,,2,"home,work"
67929,18:52:09,car_agent_01,walk,walk,290337.3260869565,2781544.376521739,1,in_leg,,,,,,,,,,2,"home,work"
67930,18:52:10,pt_agent_04,walk,walk,301342.1854054054,2603143.3277338874,1,in_leg,,,,,,,,,,2,"home,work"
67939,18:52:19,car_agent_01,walk,walk,290335.8808695652,2781554.9552173913,1,in_leg,,,,,,,,,,2,"home,work"
67940,18:52:20,pt_agent_04,walk,walk,301341.63810810813,2603132.6577546773,1,in_leg,,,,,,,,,,2,"home,work"
67949,18:52:29,car_agent_01,walk,walk,290334.4356521739,2781565.533913044,1,in_leg,,,,,,,,,,2,"home,work"
67950,18:52:30,pt_agent_04,walk,walk,301341.09081081086,2603121.987775468,1,in_leg,,,,,,,,,,2,"home,work"
67959,18:52:39,car_agent_01,walk,walk,290332.9904347826,2781576.112608696,1,in_leg,,,,,,,,,,2,"home,work"
67960,18:52:40,pt_agent_04,walk,walk,301340.5435135135,2603111.317796258,1,in_leg,,,,,,,,,,2,"home,work"
67969,18:52:49,car_agent_01,walk,walk,290331.5452173913,2781586.691304348,1,in_leg,,,,,,,,,,2,"home,work"
67970,18:52:50,pt_agent_04,walk,walk,301339.99621621624,2603100.647817048,1,in_leg,,,,,,,,,,2,"home,work"
67978,18:52:58,car_agent_01,walk,walk,290330.1,2781597.27,1,in_leg,,,,,home,0,pt_metro_R28_DN,0.49114011727826334,spatial,2,"home,work"
67980,18:53:00,pt_agent_04,walk,walk,301339.44891891896,2603089.9778378378,1,in_leg,,,,,,,,,,2,"home,work"
67988,18:53:08,car_agent_01,walk,walk,290328.6547826087,2781607.848695652,1,in_leg,,,,,home,0,pt_metro_R28_DN,0.4804631582070974,spatial,2,"home,work"
67990,18:53:10,pt_agent_04,walk,walk,301338.9016216216,2603079.3078586278,1,in_leg,,,,,,,,,,2,"home,work"
67998,18:53:18,car_agent_01,walk,walk,290327.2095652174,2781618.4273913046,1,in_leg,,,,,home,0,pt_metro_R28_DN,0.4697861991354701,spatial,2,"home,work"
68000,18:53:20,pt_agent_04,walk,walk,301338.35432432435,2603068.6378794177,1,in_leg,,,,,,,,,,2,"home,work"
68008,18:53:28,car_agent_01,walk,walk,290325.7643478261,2781629.0060869567,1,in_leg,,,,,home,0,pt_metro_R28_DN,0.4591092400643041,spatial,2,"home,work"
68010,18:53:30,pt_agent_04,walk,walk,301337.80702702707,2603057.9679002077,1,in_leg,,,,,,,,,,2,"home,work"
68018,18:53:38,car_agent_01,walk,walk,290324.3191304348,2781639.584782609,1,in_leg,,,,,home,0,pt_metro_R28_DN,0.44843228099313814,spatial,2,"home,work"
68020,18:53:40,pt_agent_04,walk,walk,301337.25972972973,2603047.2979209977,1,in_leg,,,,,,,,,,2,"home,work"
68028,18:53:48,car_agent_01,walk,walk,290322.87391304347,2781650.163478261,1,in_leg,,,,,home,0,pt_metro_R28_DN,0.4377553219219722,spatial,2,"home,work"
68030,18:53:50,pt_agent_04,walk,walk,301336.71243243245,2603036.6279417877,1,in_leg,,,,,,,,,,2,"home,work"
68038,18:53:58,car_agent_01,walk,walk,290321.42869565217,2781660.7421739134,1,in_leg,,,,,home,0,pt_metro_R28_DN,0.4270783628503449,spatial,2,"home,work"
68040,18:54:00,pt_agent_04,walk,walk,301336.1651351352,2603025.9579625777,1,in_leg,,,,,,,,,,2,"home,work"
68048,18:54:08,car_agent_01,walk,walk,290319.98347826087,2781671.3208695655,1,in_leg,,,,,home,0,pt_metro_R28_DN,0.41640140377917895,spatial,2,"home,work"
68050,18:54:10,pt_agent_04,walk,walk,301335.61783783784,2603015.2879833677,1,in_leg,,,,,,,,,,2,"home,work"
68058,18:54:18,car_agent_01,walk,walk,290318.53826086957,2781681.8995652176,1,in_leg,,,,,home,0,pt_metro_R28_DN,0.405724444708013,spatial,2,"home,work"
68060,18:54:20,pt_agent_04,walk,walk,301335.07054054056,2603004.6180041577,1,in_leg,,,,,,,,,,2,"home,work"
68068,18:54:28,car_agent_01,walk,walk,290317.09304347826,2781692.4782608696,1,in_leg,,,,,home,0,pt_metro_R28_DN,0.39504748563684705,spatial,2,"home,work"
68070,18:54:30,pt_agent_04,walk,walk,301334.5232432433,2602993.9480249477,1,in_leg,,,,,,,,,,2,"home,work"
68078,18:54:38,car_agent_01,walk,walk,290315.64782608696,2781703.0569565217,1,in_leg,,,,,home,0,pt_metro_R28_DN,0.38437052656568105,spatial,2,"home,work"
68080,18:54:40,pt_agent_04,walk,walk,301333.97594594595,2602983.2780457377,1,in_leg,,,,,,,,,,2,"home,work"
68088,18:54:48,car_agent_01,walk,walk,290314.20260869566,2781713.6356521742,1,in_leg,,,,,home,0,pt_metro_R28_DN,0.37369356749405375,spatial,2,"home,work"
68090,18:54:50,pt_agent_04,walk,walk,301333.42864864867,2602972.608066528,1,in_leg,,,,,,,,,,2,"home,work"
68098,18:54:58,car_agent_01,walk,walk,290312.75739130436,2781724.2143478263,1,in_leg,,,,,home,0,pt_metro_R28_DN,0.36301660842288785,spatial,2,"home,work"
68100,18:55:00,pt_agent_04,walk,walk,301332.8813513514,2602961.938087318,1,in_leg,,,,,,,,,,2,"home,work"
68108,18:55:08,car_agent_01,walk,walk,290311.31217391306,2781734.7930434784,1,in_leg,,,,,home,0,pt_metro_R28_DN,0.35233964935172185,spatial,2,"home,work"
68110,18:55:10,pt_agent_04,walk,walk,301332.3340540541,2602951.268108108,1,in_leg,,,,,,,,,,2,"home,work"
68118,18:55:18,car_agent_01,walk,walk,290309.86695652176,2781745.3717391305,1,in_leg,,,,,home,0,pt_metro_R28_DN,0.3416626902805559,spatial,2,"home,work"
68120,18:55:20,pt_agent_04,walk,walk,301331.7867567568,2602940.598128898,1,in_leg,,,,,,,,,,2,"home,work"
68128,18:55:28,car_agent_01,walk,walk,290308.42173913046,2781755.9504347825,1,in_leg,,,,,home,0,pt_metro_R28_DN,0.33098573120938996,spatial,2,"home,work"
68130,18:55:30,pt_agent_04,walk,walk,301331.2394594595,2602929.928149688,1,in_leg,,,,,,,,,,2,"home,work"
68138,18:55:38,car_agent_01,walk,walk,290306.9765217391,2781766.529130435,1,in_leg,,,,,home,0,pt_metro_R28_DN,0.3203087721377547,spatial,2,"home,work"
68140,18:55:40,pt_agent_04,walk,walk,301330.6921621622,2602919.258170478,1,in_leg,,,,,,,,,,2,"home,work"
68148,18:55:48,car_agent_01,walk,walk,290305.5313043478,2781777.107826087,1,in_leg,,,,,home,0,pt_metro_R28_DN,0.30963181306658877,spatial,2,"home,work"
68150,18:55:50,pt_agent_04,walk,walk,301330.1448648649,2602908.588191268,1,in_leg,,,,,,,,,,2,"home,work"
68158,18:55:58,car_agent_01,walk,walk,290304.0860869565,2781787.6865217392,1,in_leg,,,,,home,0,pt_metro_R28_DN,0.2989548539954229,spatial,2,"home,work"
68160,18:56:00,pt_agent_04,walk,walk,301329.5975675676,2602897.918212058,1,in_leg,,,,,,,,,,2,"home,work"
68168,18:56:08,car_agent_01,walk,walk,290302.6408695652,2781798.2652173913,1,in_leg,,,,,home,0,pt_metro_R28_DN,0.28827789492425687,spatial,2,"home,work"
68170,18:56:10,pt_agent_04,walk,walk,301329.0502702703,2602887.248232848,1,in_leg,,,,,,,,,,2,"home,work"
68178,18:56:18,car_agent_01,walk,walk,290301.1956521739,2781808.8439130434,1,in_leg,,,,,home,0,pt_metro_R28_DN,0.2776009358530909,spatial,2,"home,work"
68180,18:56:20,pt_agent_04,walk,walk,301328.502972973,2602876.578253638,1,in_leg,,,,,,,,,,2,"home,work"
68188,18:56:28,car_agent_01,walk,walk,290299.7504347826,2781819.422608696,1,in_leg,,,,,home,0,pt_metro_R28_DN,0.26692397678146357,spatial,2,"home,work"
68190,18:56:30,pt_agent_04,walk,walk,301327.9556756757,2602865.908274428,1,in_leg,,,,,,,,,,2,"home,work"
68198,18:56:38,car_agent_01,walk,walk,290298.3052173913,2781830.001304348,1,in_leg,,,,,home,0,pt_metro_R28_DN,0.2562470177102977,spatial,2,"home,work"
68200,18:56:40,pt_agent_04,walk,walk,301327.40837837843,2602855.238295218,1,in_leg,,,,,,,,,,2,"home,work"
68208,18:56:48,car_agent_01,walk,walk,290296.86,2781840.58,1,in_leg,,,,,home,0,pt_metro_R28_DN,0.24557005863913167,spatial,2,"home,work"
68210,18:56:50,pt_agent_04,walk,walk,301326.8610810811,2602844.568316008,1,in_leg,,,,,,,,,,2,"home,work"
68218,18:56:58,car_agent_01,walk,walk,290295.4147826087,2781851.158695652,1,in_leg,,,,,home,0,pt_metro_R28_DN,0.23489309956796575,spatial,2,"home,work"
68220,18:57:00,pt_agent_04,walk,walk,301326.3137837838,2602833.898336798,1,in_leg,,,,,,,,,,2,"home,work"
68228,18:57:08,car_agent_01,walk,walk,290293.9695652174,2781861.7373913047,1,in_leg,,,,,home,0,pt_metro_R28_DN,0.2242161404963384,spatial,2,"home,work"
68230,18:57:10,pt_agent_04,walk,walk,301325.76648648654,2602823.228357588,1,in_leg,,,,,,,,,,2,"home,work"
68238,18:57:18,car_agent_01,walk,walk,290292.5243478261,2781872.3160869568,1,in_leg,,,,,home,0,pt_metro_R28_DN,0.21353918142517245,spatial,2,"home,work"
68240,18:57:20,pt_agent_04,walk,walk,301325.2191891892,2602812.5583783784,1,in_leg,,,,,,,,,,2,"home,work"
68248,18:57:28,car_agent_01,walk,walk,290291.0791304348,2781882.894782609,1,in_leg,,,,,home,0,pt_metro_R28_DN,0.2028622223540065,spatial,2,"home,work"
68250,18:57:30,pt_agent_04,walk,walk,301324.6718918919,2602801.8883991684,1,in_leg,,,,,,,,,,2,"home,work"
68258,18:57:38,car_agent_01,walk,walk,290289.6339130435,2781893.473478261,1,in_leg,,,,,home,0,pt_metro_R28_DN,0.19218526328284052,spatial,2,"home,work"
68260,18:57:40,pt_agent_04,walk,walk,301324.12459459464,2602791.2184199584,1,in_leg,,,,,,,,,,2,"home,work"
68268,18:57:48,car_agent_01,walk,walk,290288.1886956522,2781904.052173913,1,in_leg,,,,,home,0,pt_metro_R28_DN,0.18150830421167458,spatial,2,"home,work"
68270,18:57:50,pt_agent_04,walk,walk,301323.5772972973,2602780.5484407484,1,in_leg,,,,,,,,,,2,"home,work"
68278,18:57:58,car_agent_01,walk,walk,290286.7434782609,2781914.6308695655,1,in_leg,,,,,home,0,pt_metro_R28_DN,0.17083134514004727,spatial,2,"home,work"
68280,18:58:00,pt_agent_04,walk,walk,301323.03,2602769.8784615383,1,in_leg,,,,,,,,,,2,"home,work"
68288,18:58:08,car_agent_01,walk,walk,290285.2982608696,2781925.2095652176,1,in_leg,,,,,home,0,pt_metro_R28_DN,0.1601543860688813,spatial,2,"home,work"
68290,18:58:10,pt_agent_04,walk,walk,301322.48270270275,2602759.2084823283,1,in_leg,,,,,,,,,,2,"home,work"
68298,18:58:18,car_agent_01,walk,walk,290283.8530434783,2781935.7882608697,1,in_leg,,,,,home,0,pt_metro_R28_DN,0.14947742699771535,spatial,2,"home,work"
68300,18:58:20,pt_agent_04,walk,walk,301321.9354054054,2602748.5385031183,1,in_leg,,,,,,,,,,2,"home,work"
68308,18:58:28,car_agent_01,walk,walk,290282.407826087,2781946.3669565218,1,in_leg,,,,,home,0,pt_metro_R28_DN,0.1388004679265494,spatial,2,"home,work"
68310,18:58:30,pt_agent_04,walk,walk,301321.38810810813,2602737.8685239083,1,in_leg,,,,,,,,,,2,"home,work"
68318,18:58:38,car_agent_01,walk,walk,290280.96260869567,2781956.945652174,1,in_leg,,,,,home,0,pt_metro_R28_DN,0.12812350885538346,spatial,2,"home,work"
68320,18:58:40,pt_agent_04,walk,walk,301320.84081081086,2602727.1985446983,1,in_leg,,,,,,,,,,2,"home,work"
68328,18:58:48,car_agent_01,walk,walk,290279.51739130437,2781967.5243478264,1,in_leg,,,,,home,0,pt_metro_R28_DN,0.11744654978375611,spatial,2,"home,work"
68330,18:58:50,pt_agent_04,walk,walk,301320.2935135135,2602716.5285654883,1,in_leg,,,,,,,,,,2,"home,work"
68338,18:58:58,car_agent_01,walk,walk,290278.072173913,2781978.1030434784,1,in_leg,,,,,home,0,pt_metro_R28_DN,0.10676959071258228,spatial,2,"home,work"
68340,18:59:00,pt_agent_04,walk,walk,301319.74621621624,2602705.8585862783,1,in_leg,,,,,,,,,,2,"home,work"
68348,18:59:08,car_agent_01,walk,walk,290276.6269565217,2781988.6817391305,1,in_leg,,,,,home,0,pt_metro_R28_DN,0.09609263164141633,spatial,2,"home,work"
68350,18:59:10,pt_agent_04,walk,walk,301319.19891891896,2602695.1886070683,1,in_leg,,,,,,,,,,2,"home,work"
68358,18:59:18,car_agent_01,walk,walk,290275.1817391304,2781999.2604347826,1,in_leg,,,,,home,0,pt_metro_R28_DN,0.08541567257025037,spatial,2,"home,work"
68360,18:59:20,pt_agent_04,walk,walk,301318.6516216216,2602684.5186278583,1,in_leg,,,,,,,,,,2,"home,work"
68368,18:59:28,car_agent_01,walk,walk,290273.7365217391,2782009.839130435,1,in_leg,,,,,home,0,pt_metro_R28_DN,0.07473871349862306,spatial,2,"home,work"
68370,18:59:30,pt_agent_04,walk,walk,301318.10432432435,2602673.8486486482,1,in_leg,,,,,,,,,,2,"home,work"
68378,18:59:38,car_agent_01,walk,walk,290272.2913043478,2782020.417826087,1,in_leg,,,,,home,0,pt_metro_R28_DN,0.06406175442745711,spatial,2,"home,work"
68380,18:59:40,pt_agent_04,walk,walk,301317.55702702707,2602663.1786694387,1,in_leg,,,,,,,,,,2,"home,work"
68388,18:59:48,car_agent_01,walk,walk,290270.8460869565,2782030.9965217393,1,in_leg,,,,,home,0,pt_metro_R28_DN,0.05338479535629114,spatial,2,"home,work"
68390,18:59:50,pt_agent_04,walk,walk,301317.00972972973,2602652.5086902287,1,in_leg,,,,,,,,,,2,"home,work"
68398,18:59:58,car_agent_01,walk,walk,290269.4008695652,2782041.5752173914,1,in_leg,,,,,home,0,pt_metro_R28_DN,0.042707836285125186,spatial,2,"home,work"
68400,19:00:00,pt_agent_04,walk,walk,301316.46243243245,2602641.8387110187,1,in_leg,,,,,,,,,,2,"home,work"
68408,19:00:08,car_agent_01,walk,walk,290267.9556521739,2782052.1539130434,1,in_leg,,,,,home,0,pt_metro_R28_DN,0.03203087721395924,spatial,2,"home,work"
68410,19:00:10,pt_agent_04,walk,walk,301315.9151351352,2602631.1687318087,1,in_leg,,,,,,,,,,2,"home,work"
68418,19:00:18,car_agent_01,walk,walk,290266.5104347826,2782062.732608696,1,in_leg,,,,,home,0,pt_metro_R28_DN,0.021353918142331906,spatial,2,"home,work"
68420,19:00:20,pt_agent_04,walk,walk,301315.36783783784,2602620.4987525987,1,in_leg,,,,,,,,,,2,"home,work"
68428,19:00:28,car_agent_01,walk,walk,290265.0652173913,2782073.311304348,1,in_leg,,,,,home,0,pt_metro_R28_DN,0.010676959071165953,spatial,2,"home,work"
68430,19:00:30,pt_agent_04,walk,walk,301314.82054054056,2602609.8287733886,1,in_leg,,,,,,,,,,2,"home,work"
68438,19:00:38,car_agent_01,walk,walk,290263.62,2782083.89,1,in_leg,,,,,home,0,pt_metro_R28_DN,0.0,spatial,2,"home,work"
68440,19:00:40,pt_agent_04,walk,walk,301314.2732432433,2602599.1587941786,1,in_leg,,,,,,,,,,2,"home,work"
68450,19:00:50,pt_agent_04,walk,walk,301313.72594594595,2602588.4888149686,1,in_leg,,,,,,,,,,2,"home,work"
68460,19:01:00,pt_agent_04,walk,walk,301313.17864864867,2602577.8188357586,1,in_leg,,,,,,,,,,2,"home,work"
68470,19:01:10,pt_agent_04,walk,walk,301312.6313513514,2602567.1488565486,1,in_leg,,,,,,,,,,2,"home,work"
68480,19:01:20,pt_agent_04,walk,walk,301312.0840540541,2602556.4788773386,1,in_leg,,,,,,,,,,2,"home,work"
68490,19:01:30,pt_agent_04,walk,walk,301311.5367567568,2602545.8088981286,1,in_leg,,,,,,,,,,2,"home,work"
68500,19:01:40,pt_agent_04,walk,walk,301310.9894594595,2602535.1389189186,1,in_leg,,,,,,,,,,2,"home,work"
68510,19:01:50,pt_agent_04,walk,walk,301310.4421621622,2602524.4689397085,1,in_leg,,,,,,,,,,2,"home,work"
68520,19:02:00,pt_agent_04,walk,walk,301309.8948648649,2602513.798960499,1,in_leg,,,,,,,,,,2,"home,work"
68530,19:02:10,pt_agent_04,walk,walk,301309.3475675676,2602503.128981289,1,in_leg,,,,,,,,,,2,"home,work"
68540,19:02:20,pt_agent_04,walk,walk,301308.8002702703,2602492.459002079,1,in_leg,,,,,,,,,,2,"home,work"
68550,19:02:30,pt_agent_04,walk,walk,301308.252972973,2602481.789022869,1,in_leg,,,,,,,,,,2,"home,work"
68560,19:02:40,pt_agent_04,walk,walk,301307.7056756757,2602471.119043659,1,in_leg,,,,,home,0,pt_bus_THB145794_pt_bus_THB238240,0.4914642899175883,spatial,2,"home,work"
68570,19:02:50,pt_agent_04,walk,walk,301307.15837837843,2602460.449064449,1,in_leg,,,,,home,0,pt_bus_THB145794_pt_bus_THB238240,0.48078028361500263,spatial,2,"home,work"
68580,19:03:00,pt_agent_04,walk,walk,301306.6110810811,2602449.779085239,1,in_leg,,,,,home,0,pt_bus_THB145794_pt_bus_THB238240,0.47009627731241405,spatial,2,"home,work"
68590,19:03:10,pt_agent_04,walk,walk,301306.0637837838,2602439.109106029,1,in_leg,,,,,home,0,pt_bus_THB145794_pt_bus_THB238240,0.45941227100982845,spatial,2,"home,work"
68600,19:03:20,pt_agent_04,walk,walk,301305.51648648654,2602428.439126819,1,in_leg,,,,,home,0,pt_bus_THB145794_pt_bus_THB238240,0.4487282647072428,spatial,2,"home,work"
68610,19:03:30,pt_agent_04,walk,walk,301304.9691891892,2602417.769147609,1,in_leg,,,,,home,0,pt_bus_THB145794_pt_bus_THB238240,0.43804425840465416,spatial,2,"home,work"
68620,19:03:40,pt_agent_04,walk,walk,301304.4218918919,2602407.099168399,1,in_leg,,,,,home,0,pt_bus_THB145794_pt_bus_THB238240,0.42736025210206857,spatial,2,"home,work"
68630,19:03:50,pt_agent_04,walk,walk,301303.87459459464,2602396.429189189,1,in_leg,,,,,home,0,pt_bus_THB145794_pt_bus_THB238240,0.416676245799483,spatial,2,"home,work"
68640,19:04:00,pt_agent_04,walk,walk,301303.3272972973,2602385.759209979,1,in_leg,,,,,home,0,pt_bus_THB145794_pt_bus_THB238240,0.40599223949689434,spatial,2,"home,work"
68650,19:04:10,pt_agent_04,walk,walk,301302.78,2602375.089230769,1,in_leg,,,,,home,0,pt_bus_THB145794_pt_bus_THB238240,0.39530823319430874,spatial,2,"home,work"
68660,19:04:20,pt_agent_04,walk,walk,301302.23270270275,2602364.419251559,1,in_leg,,,,,home,0,pt_bus_THB145794_pt_bus_THB238240,0.3846242268917231,spatial,2,"home,work"
68670,19:04:30,pt_agent_04,walk,walk,301301.6854054054,2602353.7492723493,1,in_leg,,,,,home,0,pt_bus_THB145794_pt_bus_THB238240,0.3739402205895996,spatial,2,"home,work"
68680,19:04:40,pt_agent_04,walk,walk,301301.13810810813,2602343.0792931393,1,in_leg,,,,,home,0,pt_bus_THB145794_pt_bus_THB238240,0.3632562142870139,spatial,2,"home,work"
68690,19:04:50,pt_agent_04,walk,walk,301300.59081081086,2602332.4093139293,1,in_leg,,,,,home,0,pt_bus_THB145794_pt_bus_THB238240,0.3525722079844283,spatial,2,"home,work"
68700,19:05:00,pt_agent_04,walk,walk,301300.0435135135,2602321.7393347193,1,in_leg,,,,,home,0,pt_bus_THB145794_pt_bus_THB238240,0.3418882016818397,spatial,2,"home,work"
68710,19:05:10,pt_agent_04,walk,walk,301299.49621621624,2602311.0693555092,1,in_leg,,,,,home,0,pt_bus_THB145794_pt_bus_THB238240,0.33120419537925405,spatial,2,"home,work"
68720,19:05:20,pt_agent_04,walk,walk,301298.94891891896,2602300.399376299,1,in_leg,,,,,home,0,pt_bus_THB145794_pt_bus_THB238240,0.3205201890766684,spatial,2,"home,work"
68730,19:05:30,pt_agent_04,walk,walk,301298.4016216216,2602289.729397089,1,in_leg,,,,,home,0,pt_bus_THB145794_pt_bus_THB238240,0.3098361827740798,spatial,2,"home,work"
68740,19:05:40,pt_agent_04,walk,walk,301297.85432432435,2602279.059417879,1,in_leg,,,,,home,0,pt_bus_THB145794_pt_bus_THB238240,0.2991521764714942,spatial,2,"home,work"
68750,19:05:50,pt_agent_04,walk,walk,301297.30702702707,2602268.389438669,1,in_leg,,,,,home,0,pt_bus_THB145794_pt_bus_THB238240,0.2884681701689086,spatial,2,"home,work"
68760,19:06:00,pt_agent_04,walk,walk,301296.75972972973,2602257.719459459,1,in_leg,,,,,home,0,pt_bus_THB145794_pt_bus_THB238240,0.27778416386632,spatial,2,"home,work"
68770,19:06:10,pt_agent_04,walk,walk,301296.21243243245,2602247.049480249,1,in_leg,,,,,home,0,pt_bus_THB145794_pt_bus_THB238240,0.26710015756373434,spatial,2,"home,work"
68780,19:06:20,pt_agent_04,walk,walk,301295.6651351352,2602236.379501039,1,in_leg,,,,,home,0,pt_bus_THB145794_pt_bus_THB238240,0.25641615126114875,spatial,2,"home,work"
68790,19:06:30,pt_agent_04,walk,walk,301295.11783783784,2602225.709521829,1,in_leg,,,,,home,0,pt_bus_THB145794_pt_bus_THB238240,0.24573214495856013,spatial,2,"home,work"
68800,19:06:40,pt_agent_04,walk,walk,301294.57054054056,2602215.039542619,1,in_leg,,,,,home,0,pt_bus_THB145794_pt_bus_THB238240,0.2350481386559745,spatial,2,"home,work"
68810,19:06:50,pt_agent_04,walk,walk,301294.0232432433,2602204.3695634096,1,in_leg,,,,,home,0,pt_bus_THB145794_pt_bus_THB238240,0.22436413235385394,spatial,2,"home,work"
68820,19:07:00,pt_agent_04,walk,walk,301293.47594594595,2602193.6995841996,1,in_leg,,,,,home,0,pt_bus_THB145794_pt_bus_THB238240,0.21368012605126532,spatial,2,"home,work"
68830,19:07:10,pt_agent_04,walk,walk,301292.92864864867,2602183.0296049896,1,in_leg,,,,,home,0,pt_bus_THB145794_pt_bus_THB238240,0.20299611974867968,spatial,2,"home,work"
68840,19:07:20,pt_agent_04,walk,walk,301292.3813513514,2602172.3596257796,1,in_leg,,,,,home,0,pt_bus_THB145794_pt_bus_THB238240,0.19231211344609406,spatial,2,"home,work"
68850,19:07:30,pt_agent_04,walk,walk,301291.8340540541,2602161.6896465695,1,in_leg,,,,,home,0,pt_bus_THB145794_pt_bus_THB238240,0.18162810714350847,spatial,2,"home,work"
68860,19:07:40,pt_agent_04,walk,walk,301291.2867567568,2602151.0196673595,1,in_leg,,,,,home,0,pt_bus_THB145794_pt_bus_THB238240,0.17094410084091985,spatial,2,"home,work"
68870,19:07:50,pt_agent_04,walk,walk,301290.7394594595,2602140.3496881495,1,in_leg,,,,,home,0,pt_bus_THB145794_pt_bus_THB238240,0.1602600945383342,spatial,2,"home,work"
68880,19:08:00,pt_agent_04,walk,walk,301290.1921621622,2602129.6797089395,1,in_leg,,,,,home,0,pt_bus_THB145794_pt_bus_THB238240,0.14957608823574858,spatial,2,"home,work"
68890,19:08:10,pt_agent_04,walk,walk,301289.6448648649,2602119.0097297295,1,in_leg,,,,,home,0,pt_bus_THB145794_pt_bus_THB238240,0.13889208193316,spatial,2,"home,work"
68900,19:08:20,pt_agent_04,walk,walk,301289.0975675676,2602108.3397505195,1,in_leg,,,,,home,0,pt_bus_THB145794_pt_bus_THB238240,0.12820807563057438,spatial,2,"home,work"
68910,19:08:30,pt_agent_04,walk,walk,301288.5502702703,2602097.6697713095,1,in_leg,,,,,home,0,pt_bus_THB145794_pt_bus_THB238240,0.11752406932798874,spatial,2,"home,work"
68920,19:08:40,pt_agent_04,walk,walk,301288.002972973,2602086.9997920995,1,in_leg,,,,,home,0,pt_bus_THB145794_pt_bus_THB238240,0.10684006302540014,spatial,2,"home,work"
68930,19:08:50,pt_agent_04,walk,walk,301287.4556756757,2602076.3298128895,1,in_leg,,,,,home,0,pt_bus_THB145794_pt_bus_THB238240,0.0961560567228145,spatial,2,"home,work"
68940,19:09:00,pt_agent_04,walk,walk,301286.90837837843,2602065.6598336794,1,in_leg,,,,,home,0,pt_bus_THB145794_pt_bus_THB238240,0.08547205042022889,spatial,2,"home,work"
68950,19:09:10,pt_agent_04,walk,walk,301286.3610810811,2602054.98985447,1,in_leg,,,,,home,0,pt_bus_THB145794_pt_bus_THB238240,0.07478804411810533,spatial,2,"home,work"
68960,19:09:20,pt_agent_04,walk,walk,301285.8137837838,2602044.31987526,1,in_leg,,,,,home,0,pt_bus_THB145794_pt_bus_THB238240,0.06410403781551971,spatial,2,"home,work"
68970,19:09:30,pt_agent_04,walk,walk,301285.26648648654,2602033.64989605,1,in_leg,,,,,home,0,pt_bus_THB145794_pt_bus_THB238240,0.053420031512934084,spatial,2,"home,work"
68980,19:09:40,pt_agent_04,walk,walk,301284.7191891892,2602022.97991684,1,in_leg,,,,,home,0,pt_bus_THB145794_pt_bus_THB238240,0.042736025210345474,spatial,2,"home,work"
68990,19:09:50,pt_agent_04,walk,walk,301284.1718918919,2602012.30993763,1,in_leg,,,,,home,0,pt_bus_THB145794_pt_bus_THB238240,0.032052018907759855,spatial,2,"home,work"
69000,19:10:00,pt_agent_04,walk,walk,301283.62459459464,2602001.63995842,1,in_leg,,,,,home,0,pt_bus_THB145794_pt_bus_THB238240,0.02136801260517423,spatial,2,"home,work"
69010,19:10:10,pt_agent_04,walk,walk,301283.0772972973,2601990.96997921,1,in_leg,,,,,home,0,pt_bus_THB145794_pt_bus_THB238240,0.010684006302585623,spatial,2,"home,work"
69020,19:10:20,pt_agent_04,walk,walk,301282.53,2601980.3,1,in_leg,,,,,home,0,pt_bus_THB145794_pt_bus_THB238240,0.0,spatial,2,"home,work"
