iteration;avg_executed;avg_worst;avg_average;avg_best
0;133.48263418143443;133.48263418143443;133.48263418143443;133.48263418143443
